{"version": "2.0", "schema_ref": "https://darwin-public.s3.eu-west-1.amazonaws.com/darwin_json_2_0.schema.json", "item": {"name": "6105_21bac014-05e4-46f6-b5a7-abee4a2e46cb_2022_01_17.jpeg", "path": "/", "source_info": {"dataset": {"name": "alternaria", "slug": "alternaria", "dataset_management_url": "https://darwin.v7labs.com/datasets/538883/dataset-management"}, "item_id": "0183d477-5678-7de1-6b69-9546fe0965c4", "team": {"name": "BioScout", "slug": "bioscout"}, "workview_url": "https://darwin.v7labs.com/workview?dataset=538883&item=0183d477-5678-7de1-6b69-9546fe0965c4"}, "slots": [{"type": "image", "slot_name": "0", "width": 4064, "height": 3040, "thumbnail_url": "https://darwin.v7labs.com/api/v2/teams/bioscout/files/aa3dc904-63b0-452a-a16f-d2ba7e03b3b8/thumbnail", "source_files": [{"file_name": "6105_21bac014-05e4-46f6-b5a7-abee4a2e46cb_2022_01_17.jpeg", "url": "https://darwin.v7labs.com/api/v2/teams/bioscout/uploads/42ae4f70-64bc-487b-a208-e7f0b8ac8d98"}]}]}, "annotations": [{"bounding_box": {"h": 340.0, "w": 284.0, "x": 1616.0, "y": 1700}, "id": "0eef438f-1abb-4950-a681-68683a09fbe2", "name": "Alternaria spp.", "slot_names": ["0"]}, {"bounding_box": {"h": 419.0, "w": 153.0, "x": 1985.0, "y": 2270.0}, "id": "a3952cde-0f8c-4f55-9e8f-a6869fb259b7", "name": "Alternaria spp.", "slot_names": ["0"]}, {"bounding_box": {"h": 459.0, "w": 195.0, "x": 1854.0, "y": 2221.0}, "id": "e978ccd4-092f-40c6-b159-97098f84e603", "name": "Alternaria spp.", "slot_names": ["0"]}, {"bounding_box": {"h": 343.0, "w": 260.0, "x": 1737.0, "y": 2337.0}, "id": "3110cb5c-9d76-41ad-81dd-ac8cc4b63f3d", "name": "Alternaria spp.", "slot_names": ["0"]}]}