{"version": "2.0", "schema_ref": "https://darwin-public.s3.eu-west-1.amazonaws.com/darwin_json_2_0.schema.json", "item": {"name": "6105_dbbe9a43-d891-4b7a-b048-4adbae7b5c36_2022_01_06.jpeg", "path": "/", "source_info": {"dataset": {"name": "alternaria", "slug": "alternaria", "dataset_management_url": "https://darwin.v7labs.com/datasets/538883/dataset-management"}, "item_id": "0183d477-5678-dbfd-e29a-28fe7e8751a5", "team": {"name": "BioScout", "slug": "bioscout"}, "workview_url": "https://darwin.v7labs.com/workview?dataset=538883&item=0183d477-5678-dbfd-e29a-28fe7e8751a5"}, "slots": [{"type": "image", "slot_name": "0", "width": 4064, "height": 3040, "thumbnail_url": "https://darwin.v7labs.com/api/v2/teams/bioscout/files/b99c39bf-37e9-41d4-b889-e9f4bc235f75/thumbnail", "source_files": [{"file_name": "6105_dbbe9a43-d891-4b7a-b048-4adbae7b5c36_2022_01_06.jpeg", "url": "https://darwin.v7labs.com/api/v2/teams/bioscout/uploads/b5bb523b-8033-425a-9cf5-330d73002723"}]}]}, "annotations": [{"bounding_box": {"h": 238.0, "w": 86.0, "x": 3591.0, "y": 556.0}, "id": "cc807a40-afe9-47dd-894e-75ca25661548", "name": "Alternaria spp.", "slot_names": ["0"]}]}