{"version": "2.0", "schema_ref": "https://darwin-public.s3.eu-west-1.amazonaws.com/darwin_json_2_0.schema.json", "item": {"name": "6105_f30e970d-6952-466b-a2af-7faa77c204ea_2022_01_18.jpeg", "path": "/", "source_info": {"dataset": {"name": "alternaria", "slug": "alternaria", "dataset_management_url": "https://darwin.v7labs.com/datasets/538883/dataset-management"}, "item_id": "0183d477-5677-298e-e460-01e521a088ef", "team": {"name": "BioScout", "slug": "bioscout"}, "workview_url": "https://darwin.v7labs.com/workview?dataset=538883&item=0183d477-5677-298e-e460-01e521a088ef"}, "slots": [{"type": "image", "slot_name": "0", "width": 4064, "height": 3040, "thumbnail_url": "https://darwin.v7labs.com/api/v2/teams/bioscout/files/a2c51a3a-1110-4bd0-a871-f54dbd6e3fd8/thumbnail", "source_files": [{"file_name": "6105_f30e970d-6952-466b-a2af-7faa77c204ea_2022_01_18.jpeg", "url": "https://darwin.v7labs.com/api/v2/teams/bioscout/uploads/d17d38c7-7613-4164-bc90-37273b5a992f"}]}]}, "annotations": [{"bounding_box": {"h": 304.0, "w": 184.0, "x": 1432.0, "y": 1744.0}, "id": "784a1950-fae7-4304-ad69-c413f8afc8a9", "name": "Alternaria spp.", "slot_names": ["0"]}, {"bounding_box": {"h": 100.0, "w": 242.0, "x": 2436.0, "y": 1121.0}, "id": "a6980006-21f6-4bd5-a122-3c1349c78028", "name": "Alternaria spp.", "slot_names": ["0"]}, {"bounding_box": {"h": 220.0, "w": 129.0, "x": 1170.0, "y": 1962.0}, "id": "2715d1df-e930-4201-8725-6df633f6d7bd", "name": "Alternaria spp.", "slot_names": ["0"]}, {"bounding_box": {"h": 336.0, "w": 144.0, "x": 918.0, "y": 1512.0}, "id": "4ecf2783-91ff-40b9-959d-d13ec0c5f785", "name": "Alternaria spp.", "slot_names": ["0"]}, {"bounding_box": {"h": 132.0, "w": 253.0, "x": 1026.0, "y": 1850.0}, "id": "bf0ff2e7-075c-4132-8c9b-99a555a60524", "name": "Alternaria spp.", "slot_names": ["0"]}, {"bounding_box": {"h": 154.0, "w": 253.0, "x": 933.0, "y": 1777.0}, "id": "30cf6d3e-427d-4f37-9793-1e8153cf0cf8", "name": "Alternaria spp.", "slot_names": ["0"]}, {"bounding_box": {"h": 190.0, "w": 278.0, "x": 1393.0, "y": 1954.0}, "id": "76d557cc-f156-41cb-90bb-196f75e29b0d", "name": "Alternaria spp.", "slot_names": ["0"]}]}