{"version": "2.0", "schema_ref": "https://darwin-public.s3.eu-west-1.amazonaws.com/darwin_json_2_0.schema.json", "item": {"name": "6105_c5d65735-ac98-4d7e-8851-533a829cd4ac_2022_01_16.jpeg", "path": "/", "source_info": {"dataset": {"name": "alternaria", "slug": "alternaria", "dataset_management_url": "https://darwin.v7labs.com/datasets/538883/dataset-management"}, "item_id": "0183d477-6027-41e0-7ca8-b8db5ebcbaa0", "team": {"name": "BioScout", "slug": "bioscout"}, "workview_url": "https://darwin.v7labs.com/workview?dataset=538883&item=0183d477-6027-41e0-7ca8-b8db5ebcbaa0"}, "slots": [{"type": "image", "slot_name": "0", "width": 4064, "height": 3040, "thumbnail_url": "https://darwin.v7labs.com/api/v2/teams/bioscout/files/23035eb5-d51c-4c6d-9aff-42649eea5a28/thumbnail", "source_files": [{"file_name": "6105_c5d65735-ac98-4d7e-8851-533a829cd4ac_2022_01_16.jpeg", "url": "https://darwin.v7labs.com/api/v2/teams/bioscout/uploads/dbd2440a-ccf5-4de3-a043-357cee18d975"}]}]}, "annotations": [{"bounding_box": {"h": 96.0, "w": 412.0, "x": 2686.0, "y": 1183.0}, "id": "e70dbc59-0c04-47a7-9349-4f544416a9ab", "name": "Alternaria spp.", "slot_names": ["0"]}, {"bounding_box": {"h": 94.0, "w": 248.0, "x": 2466.0, "y": 1174.0}, "id": "c2680652-f7d3-4563-b0aa-aca5acf67254", "name": "Alternaria spp.", "slot_names": ["0"]}]}