{"version": "2.0", "schema_ref": "https://darwin-public.s3.eu-west-1.amazonaws.com/darwin_json_2_0.schema.json", "item": {"name": "6105_e161c784-d29c-4a17-811d-abf351373d46_2022_01_27.jpeg", "path": "/", "source_info": {"dataset": {"name": "alternaria", "slug": "alternaria", "dataset_management_url": "https://darwin.v7labs.com/datasets/538883/dataset-management"}, "item_id": "0183d477-602f-4ea6-4053-258cd94d641c", "team": {"name": "BioScout", "slug": "bioscout"}, "workview_url": "https://darwin.v7labs.com/workview?dataset=538883&item=0183d477-602f-4ea6-4053-258cd94d641c"}, "slots": [{"type": "image", "slot_name": "0", "width": 4064, "height": 3040, "thumbnail_url": "https://darwin.v7labs.com/api/v2/teams/bioscout/files/19899806-bc27-44b4-9f16-bddceb2676a5/thumbnail", "source_files": [{"file_name": "6105_e161c784-d29c-4a17-811d-abf351373d46_2022_01_27.jpeg", "url": "https://darwin.v7labs.com/api/v2/teams/bioscout/uploads/7db94c26-7d50-4c31-87fc-eb37e9315364"}]}]}, "annotations": [{"bounding_box": {"h": 165.0, "w": 426.0, "x": 3005.0, "y": 518.0}, "id": "81c8ca80-8453-4cdb-8bae-cd6e9c7665f6", "name": "Alternaria spp.", "slot_names": ["0"]}]}