{"version": "2.0", "schema_ref": "https://darwin-public.s3.eu-west-1.amazonaws.com/darwin_json_2_0.schema.json", "item": {"name": "6105_caa87a36-9208-4db6-8473-2dd5efaf8d54_2022_01_17.jpeg", "path": "/", "source_info": {"dataset": {"name": "alternaria", "slug": "alternaria", "dataset_management_url": "https://darwin.v7labs.com/datasets/538883/dataset-management"}, "item_id": "0183d477-567f-0a0d-854d-a3e19eb937ad", "team": {"name": "BioScout", "slug": "bioscout"}, "workview_url": "https://darwin.v7labs.com/workview?dataset=538883&item=0183d477-567f-0a0d-854d-a3e19eb937ad"}, "slots": [{"type": "image", "slot_name": "0", "width": 4064, "height": 3040, "thumbnail_url": "https://darwin.v7labs.com/api/v2/teams/bioscout/files/49559565-2e63-4a93-bf6b-5f66bad27a40/thumbnail", "source_files": [{"file_name": "6105_caa87a36-9208-4db6-8473-2dd5efaf8d54_2022_01_17.jpeg", "url": "https://darwin.v7labs.com/api/v2/teams/bioscout/uploads/090e5a5d-4166-4d78-b2ce-548817e6035d"}]}]}, "annotations": [{"bounding_box": {"h": 112.0, "w": 316.0, "x": 2228.0, "y": 1888.0}, "id": "1aad019f-ddbd-43ae-b1f0-47533dab24bd", "name": "Alternaria spp.", "slot_names": ["0"]}]}