{"version": "2.0", "schema_ref": "https://darwin-public.s3.eu-west-1.amazonaws.com/darwin_json_2_0.schema.json", "item": {"name": "6105_85628f09-2f27-45cd-9407-72e5d62bbe08_2022_01_15.jpeg", "path": "/", "source_info": {"dataset": {"name": "alternaria", "slug": "alternaria", "dataset_management_url": "https://darwin.v7labs.com/datasets/538883/dataset-management"}, "item_id": "0183d477-568b-6633-b4ea-97cbf4bc4ac3", "team": {"name": "BioScout", "slug": "bioscout"}, "workview_url": "https://darwin.v7labs.com/workview?dataset=538883&item=0183d477-568b-6633-b4ea-97cbf4bc4ac3"}, "slots": [{"type": "image", "slot_name": "0", "width": 4064, "height": 3040, "thumbnail_url": "https://darwin.v7labs.com/api/v2/teams/bioscout/files/fa73f673-6fce-47d9-a358-779ee8dc0a39/thumbnail", "source_files": [{"file_name": "6105_85628f09-2f27-45cd-9407-72e5d62bbe08_2022_01_15.jpeg", "url": "https://darwin.v7labs.com/api/v2/teams/bioscout/uploads/37c9b163-8d71-402e-ac0d-9aba93594733"}]}]}, "annotations": [{"bounding_box": {"h": 104.0, "w": 409.0, "x": 3223.0, "y": 827.0}, "id": "878428e2-3584-460c-9c82-55a019b01197", "name": "Alternaria spp.", "slot_names": ["0"]}, {"bounding_box": {"h": 147.0, "w": 230.0, "x": 3347.0, "y": 120.0}, "id": "e76495aa-4ac3-4bd8-a5e6-609a288972e7", "name": "Alternaria spp.", "slot_names": ["0"]}]}