{"version": "2.0", "schema_ref": "https://darwin-public.s3.eu-west-1.amazonaws.com/darwin_json_2_0.schema.json", "item": {"name": "6105_082cd40d-4c60-4715-bc03-5a504b16b284_2022_01_13.jpeg", "path": "/", "source_info": {"dataset": {"name": "alternaria", "slug": "alternaria", "dataset_management_url": "https://darwin.v7labs.com/datasets/538883/dataset-management"}, "item_id": "0183d477-5681-9d33-70a8-a13bb3b18c90", "team": {"name": "BioScout", "slug": "bioscout"}, "workview_url": "https://darwin.v7labs.com/workview?dataset=538883&item=0183d477-5681-9d33-70a8-a13bb3b18c90"}, "slots": [{"type": "image", "slot_name": "0", "width": 4064, "height": 3040, "thumbnail_url": "https://darwin.v7labs.com/api/v2/teams/bioscout/files/5a8bad3d-ada5-4a8f-8f4e-80627ad77187/thumbnail", "source_files": [{"file_name": "6105_082cd40d-4c60-4715-bc03-5a504b16b284_2022_01_13.jpeg", "url": "https://darwin.v7labs.com/api/v2/teams/bioscout/uploads/e25c845f-be42-42d3-86bb-f9e9cfe08523"}]}]}, "annotations": []}