{"version": "2.0", "schema_ref": "https://darwin-public.s3.eu-west-1.amazonaws.com/darwin_json_2_0.schema.json", "item": {"name": "6105_215ae23c-f805-49bc-ac9d-635dbfbac4ca_2022_01_18.jpeg", "path": "/", "source_info": {"dataset": {"name": "alternaria", "slug": "alternaria", "dataset_management_url": "https://darwin.v7labs.com/datasets/538883/dataset-management"}, "item_id": "0183d477-567d-9ada-b217-e15b4016ab21", "team": {"name": "BioScout", "slug": "bioscout"}, "workview_url": "https://darwin.v7labs.com/workview?dataset=538883&item=0183d477-567d-9ada-b217-e15b4016ab21"}, "slots": [{"type": "image", "slot_name": "0", "width": 4064, "height": 3040, "thumbnail_url": "https://darwin.v7labs.com/api/v2/teams/bioscout/files/dae84528-4857-4d56-9540-179faa040892/thumbnail", "source_files": [{"file_name": "6105_215ae23c-f805-49bc-ac9d-635dbfbac4ca_2022_01_18.jpeg", "url": "https://darwin.v7labs.com/api/v2/teams/bioscout/uploads/09667996-699b-467c-881b-26a75db6be8d"}]}]}, "annotations": [{"bounding_box": {"h": 300.0, "w": 168.0, "x": 1790.0, "y": 686.0}, "id": "8236341d-29d9-488a-be6d-fc6b9410351b", "name": "Alternaria spp.", "slot_names": ["0"]}, {"bounding_box": {"h": 180.0, "w": 456.0, "x": 336.0, "y": 1372.0}, "id": "576acddb-d913-4866-8f39-08df03fa48a6", "name": "Alternaria spp.", "slot_names": ["0"]}, {"bounding_box": {"h": 328.0, "w": 304.0, "x": 1336.0, "y": 1452.0}, "id": "1a6210aa-4ed2-4968-b8a4-b06a0ffcfbdd", "name": "Alternaria spp.", "slot_names": ["0"]}]}