{"version": "2.0", "schema_ref": "https://darwin-public.s3.eu-west-1.amazonaws.com/darwin_json_2_0.schema.json", "item": {"name": "6105_482d0480-0143-443a-8c39-6b51b7a88805_2022_01_17.jpeg", "path": "/", "source_info": {"dataset": {"name": "alternaria", "slug": "alternaria", "dataset_management_url": "https://darwin.v7labs.com/datasets/538883/dataset-management"}, "item_id": "0183d477-602f-5665-7596-fb509c67759f", "team": {"name": "BioScout", "slug": "bioscout"}, "workview_url": "https://darwin.v7labs.com/workview?dataset=538883&item=0183d477-602f-5665-7596-fb509c67759f"}, "slots": [{"type": "image", "slot_name": "0", "width": 4064, "height": 3040, "thumbnail_url": "https://darwin.v7labs.com/api/v2/teams/bioscout/files/d2f91cad-c75b-4c52-a9da-01585059dcdd/thumbnail", "source_files": [{"file_name": "6105_482d0480-0143-443a-8c39-6b51b7a88805_2022_01_17.jpeg", "url": "https://darwin.v7labs.com/api/v2/teams/bioscout/uploads/5f19f952-ac9f-4626-88d3-4c192d00dcac"}]}]}, "annotations": [{"bounding_box": {"h": 88.0, "w": 252.0, "x": 1304.0, "y": 176.0}, "id": "1779ea4f-6910-4d16-a072-b261061f7020", "name": "Alternaria spp.", "slot_names": ["0"]}]}