{"version": "2.0", "schema_ref": "https://darwin-public.s3.eu-west-1.amazonaws.com/darwin_json_2_0.schema.json", "item": {"name": "6105_35b8049a-e549-471b-b1ba-2bffbbf924d8_2022_01_29.jpeg", "path": "/", "source_info": {"dataset": {"name": "alternaria", "slug": "alternaria", "dataset_management_url": "https://darwin.v7labs.com/datasets/538883/dataset-management"}, "item_id": "0183d477-5682-2a6c-b6e8-93f97e8b9ffa", "team": {"name": "BioScout", "slug": "bioscout"}, "workview_url": "https://darwin.v7labs.com/workview?dataset=538883&item=0183d477-5682-2a6c-b6e8-93f97e8b9ffa"}, "slots": [{"type": "image", "slot_name": "0", "width": 4064, "height": 3040, "thumbnail_url": "https://darwin.v7labs.com/api/v2/teams/bioscout/files/444c3fc7-61f5-4049-bbd2-276b2bf48b65/thumbnail", "source_files": [{"file_name": "6105_35b8049a-e549-471b-b1ba-2bffbbf924d8_2022_01_29.jpeg", "url": "https://darwin.v7labs.com/api/v2/teams/bioscout/uploads/833957d6-77cc-46e2-b235-9ab46aed76a4"}]}]}, "annotations": [{"bounding_box": {"h": 122.0, "w": 258.0, "x": 3158.0, "y": 2644.0}, "id": "7d14672c-fec1-4296-995c-bbfe200044e4", "name": "Alternaria spp.", "slot_names": ["0"]}]}