{"version": "2.0", "schema_ref": "https://darwin-public.s3.eu-west-1.amazonaws.com/darwin_json_2_0.schema.json", "item": {"name": "6105_6df04b31-b54f-410c-8151-5a2376f3ccc0_2022_01_21.jpeg", "path": "/", "source_info": {"dataset": {"name": "alternaria", "slug": "alternaria", "dataset_management_url": "https://darwin.v7labs.com/datasets/538883/dataset-management"}, "item_id": "0183d477-568a-0607-e754-fe476121adfd", "team": {"name": "BioScout", "slug": "bioscout"}, "workview_url": "https://darwin.v7labs.com/workview?dataset=538883&item=0183d477-568a-0607-e754-fe476121adfd"}, "slots": [{"type": "image", "slot_name": "0", "width": 4064, "height": 3040, "thumbnail_url": "https://darwin.v7labs.com/api/v2/teams/bioscout/files/e5e3b9e9-44d4-4535-9caa-c63a0669767c/thumbnail", "source_files": [{"file_name": "6105_6df04b31-b54f-410c-8151-5a2376f3ccc0_2022_01_21.jpeg", "url": "https://darwin.v7labs.com/api/v2/teams/bioscout/uploads/afe62df6-6e99-4e0f-8194-c7550d575833"}]}]}, "annotations": [{"bounding_box": {"h": 98.0, "w": 285.0, "x": 976.0, "y": 1974.0}, "id": "1164cf0e-0051-4265-a4ae-31591f5bcbb6", "name": "Alternaria spp.", "slot_names": ["0"]}]}