{"version": "2.0", "schema_ref": "https://darwin-public.s3.eu-west-1.amazonaws.com/darwin_json_2_0.schema.json", "item": {"name": "6105_0cbaf086-354d-4258-b203-a34cea933566_2022_01_14.jpeg", "path": "/", "source_info": {"dataset": {"name": "alternaria", "slug": "alternaria", "dataset_management_url": "https://darwin.v7labs.com/datasets/538883/dataset-management"}, "item_id": "0183d477-6026-95db-5f15-d1b09865093b", "team": {"name": "BioScout", "slug": "bioscout"}, "workview_url": "https://darwin.v7labs.com/workview?dataset=538883&item=0183d477-6026-95db-5f15-d1b09865093b"}, "slots": [{"type": "image", "slot_name": "0", "width": 4064, "height": 3040, "thumbnail_url": "https://darwin.v7labs.com/api/v2/teams/bioscout/files/b423fba6-5647-4921-92b7-d47cbeb1cbef/thumbnail", "source_files": [{"file_name": "6105_0cbaf086-354d-4258-b203-a34cea933566_2022_01_14.jpeg", "url": "https://darwin.v7labs.com/api/v2/teams/bioscout/uploads/907bfac9-ff75-4785-a4f8-847ce26be648"}]}]}, "annotations": [{"bounding_box": {"h": 128.0, "w": 339.0, "x": 2992.0, "y": 172.0}, "id": "c5231d05-6018-49b5-a2be-b104d82740ca", "name": "Alternaria spp.", "slot_names": ["0"]}, {"bounding_box": {"h": 362.0, "w": 173.0, "x": 1979.0, "y": 487.0}, "id": "acd457d4-500a-49a0-bce9-3d6a59eba5f9", "name": "Alternaria spp.", "slot_names": ["0"]}]}