{"version": "2.0", "schema_ref": "https://darwin-public.s3.eu-west-1.amazonaws.com/darwin_json_2_0.schema.json", "item": {"name": "6105_277dd575-ba88-4ac2-8018-42c61d0b3ac8_2022_01_12.jpeg", "path": "/", "source_info": {"dataset": {"name": "alternaria", "slug": "alternaria", "dataset_management_url": "https://darwin.v7labs.com/datasets/538883/dataset-management"}, "item_id": "0183d477-5687-7542-42f5-d50d4ab5139b", "team": {"name": "BioScout", "slug": "bioscout"}, "workview_url": "https://darwin.v7labs.com/workview?dataset=538883&item=0183d477-5687-7542-42f5-d50d4ab5139b"}, "slots": [{"type": "image", "slot_name": "0", "width": 4064, "height": 3040, "thumbnail_url": "https://darwin.v7labs.com/api/v2/teams/bioscout/files/3e484ce1-734e-4963-9032-bf9a90aee0cd/thumbnail", "source_files": [{"file_name": "6105_277dd575-ba88-4ac2-8018-42c61d0b3ac8_2022_01_12.jpeg", "url": "https://darwin.v7labs.com/api/v2/teams/bioscout/uploads/a9db90b0-7fb3-4662-9fd2-f8e75ce1ea67"}]}]}, "annotations": [{"bounding_box": {"h": 367.0, "w": 113.0, "x": 751.0, "y": 1756.0}, "id": "fccef005-c8e0-4817-a6a3-d20c24437d0e", "name": "Alternaria spp.", "slot_names": ["0"]}, {"bounding_box": {"h": 158.0, "w": 356.0, "x": 3588.0, "y": 1535.0}, "id": "4d5e0ef9-928e-4600-8042-5dffb17fde2f", "name": "Alternaria spp.", "slot_names": ["0"]}]}