{"version": "2.0", "schema_ref": "https://darwin-public.s3.eu-west-1.amazonaws.com/darwin_json_2_0.schema.json", "item": {"name": "6105_36ce1560-0dab-4a92-9ad7-c0704a9a5d0e_2022_01_15.jpeg", "path": "/", "source_info": {"dataset": {"name": "alternaria", "slug": "alternaria", "dataset_management_url": "https://darwin.v7labs.com/datasets/538883/dataset-management"}, "item_id": "0183d477-6030-80d2-cb29-c609ce8c4444", "team": {"name": "BioScout", "slug": "bioscout"}, "workview_url": "https://darwin.v7labs.com/workview?dataset=538883&item=0183d477-6030-80d2-cb29-c609ce8c4444"}, "slots": [{"type": "image", "slot_name": "0", "width": 4064, "height": 3040, "thumbnail_url": "https://darwin.v7labs.com/api/v2/teams/bioscout/files/d3c25d90-b850-41bc-b164-f408092d0880/thumbnail", "source_files": [{"file_name": "6105_36ce1560-0dab-4a92-9ad7-c0704a9a5d0e_2022_01_15.jpeg", "url": "https://darwin.v7labs.com/api/v2/teams/bioscout/uploads/672856ca-8a33-4581-83c6-bca5147bc514"}]}]}, "annotations": [{"bounding_box": {"h": 237.0, "w": 206.0, "x": 3690.0, "y": 767.0}, "id": "4ca2bebe-b010-4173-ae78-b6719ee07929", "name": "Alternaria spp.", "slot_names": ["0"]}, {"bounding_box": {"h": 180.0, "w": 268.0, "x": 1736.0, "y": 1084.0}, "id": "89fecb69-5ca5-4e91-969e-f6df24c60366", "name": "Alternaria spp.", "slot_names": ["0"]}]}