{"version": "2.0", "schema_ref": "https://darwin-public.s3.eu-west-1.amazonaws.com/darwin_json_2_0.schema.json", "item": {"name": "6105_ffdfff83-3a70-460e-9900-ba802cbe3fc1_2022_01_17.jpeg", "path": "/", "source_info": {"dataset": {"name": "alternaria", "slug": "alternaria", "dataset_management_url": "https://darwin.v7labs.com/datasets/538883/dataset-management"}, "item_id": "0183d477-567e-26c9-64da-d386bcf8983e", "team": {"name": "BioScout", "slug": "bioscout"}, "workview_url": "https://darwin.v7labs.com/workview?dataset=538883&item=0183d477-567e-26c9-64da-d386bcf8983e"}, "slots": [{"type": "image", "slot_name": "0", "width": 4064, "height": 3040, "thumbnail_url": "https://darwin.v7labs.com/api/v2/teams/bioscout/files/8fcc5e2d-407c-4613-af88-c847dd74ab56/thumbnail", "source_files": [{"file_name": "6105_ffdfff83-3a70-460e-9900-ba802cbe3fc1_2022_01_17.jpeg", "url": "https://darwin.v7labs.com/api/v2/teams/bioscout/uploads/ef9c9210-d958-416e-a3f2-2d21cfd85924"}]}]}, "annotations": [{"bounding_box": {"h": 168.0, "w": 316.0, "x": 2680.0, "y": 676.0}, "id": "7a957f9d-efd0-4e21-b788-2089706f761e", "name": "Alternaria spp.", "slot_names": ["0"]}]}