{"version": "2.0", "schema_ref": "https://darwin-public.s3.eu-west-1.amazonaws.com/darwin_json_2_0.schema.json", "item": {"name": "6105_0e8f6d7c-78e6-4878-87c8-d1a66277808f_2022_01_16.jpeg", "path": "/", "source_info": {"dataset": {"name": "alternaria", "slug": "alternaria", "dataset_management_url": "https://darwin.v7labs.com/datasets/538883/dataset-management"}, "item_id": "0183d477-567f-9d21-e51a-be98a9e0ab68", "team": {"name": "BioScout", "slug": "bioscout"}, "workview_url": "https://darwin.v7labs.com/workview?dataset=538883&item=0183d477-567f-9d21-e51a-be98a9e0ab68"}, "slots": [{"type": "image", "slot_name": "0", "width": 4064, "height": 3040, "thumbnail_url": "https://darwin.v7labs.com/api/v2/teams/bioscout/files/3c878bd3-9d88-4f1d-ad0b-0e329168ac58/thumbnail", "source_files": [{"file_name": "6105_0e8f6d7c-78e6-4878-87c8-d1a66277808f_2022_01_16.jpeg", "url": "https://darwin.v7labs.com/api/v2/teams/bioscout/uploads/97a297b2-4a7e-4a85-b19a-10cfa13ca615"}]}]}, "annotations": [{"bounding_box": {"h": 224.0, "w": 166.0, "x": 2975.0, "y": 2081.0}, "id": "2ff48ea8-e80d-4caa-8231-351779f87155", "name": "Alternaria spp.", "slot_names": ["0"]}]}