{"version": "2.0", "schema_ref": "https://darwin-public.s3.eu-west-1.amazonaws.com/darwin_json_2_0.schema.json", "item": {"name": "6105_f43e9967-a7a3-4939-841e-e85607a0cd25_2022_01_17.jpeg", "path": "/", "source_info": {"dataset": {"name": "alternaria", "slug": "alternaria", "dataset_management_url": "https://darwin.v7labs.com/datasets/538883/dataset-management"}, "item_id": "0183d477-602a-6d97-8cb2-cc7f73ce3a54", "team": {"name": "BioScout", "slug": "bioscout"}, "workview_url": "https://darwin.v7labs.com/workview?dataset=538883&item=0183d477-602a-6d97-8cb2-cc7f73ce3a54"}, "slots": [{"type": "image", "slot_name": "0", "width": 4064, "height": 3040, "thumbnail_url": "https://darwin.v7labs.com/api/v2/teams/bioscout/files/c665dc78-d472-48be-a649-786c280b18b2/thumbnail", "source_files": [{"file_name": "6105_f43e9967-a7a3-4939-841e-e85607a0cd25_2022_01_17.jpeg", "url": "https://darwin.v7labs.com/api/v2/teams/bioscout/uploads/68b93247-29b6-413f-9275-40644156e883"}]}]}, "annotations": [{"bounding_box": {"h": 162.0, "w": 275.0, "x": 3303.0, "y": 405.0}, "id": "1bdf91e9-d02f-47a8-9e61-191d2b5e514a", "name": "Alternaria spp.", "slot_names": ["0"]}, {"bounding_box": {"h": 152.0, "w": 444.0, "x": 408.0, "y": 1632.0}, "id": "9fe66de9-10f3-4940-aa3e-b80592f5b2f7", "name": "Alternaria spp.", "slot_names": ["0"]}]}