{"version": "2.0", "schema_ref": "https://darwin-public.s3.eu-west-1.amazonaws.com/darwin_json_2_0.schema.json", "item": {"name": "6105_88511433-84f6-4169-99c1-36e1a6228c04_2022_01_14.jpeg", "path": "/", "source_info": {"dataset": {"name": "alternaria", "slug": "alternaria", "dataset_management_url": "https://darwin.v7labs.com/datasets/538883/dataset-management"}, "item_id": "0183d477-5678-20e8-9c6f-202214c21ab6", "team": {"name": "BioScout", "slug": "bioscout"}, "workview_url": "https://darwin.v7labs.com/workview?dataset=538883&item=0183d477-5678-20e8-9c6f-202214c21ab6"}, "slots": [{"type": "image", "slot_name": "0", "width": 4064, "height": 3040, "thumbnail_url": "https://darwin.v7labs.com/api/v2/teams/bioscout/files/4863026b-a915-4148-b700-adb23da11524/thumbnail", "source_files": [{"file_name": "6105_88511433-84f6-4169-99c1-36e1a6228c04_2022_01_14.jpeg", "url": "https://darwin.v7labs.com/api/v2/teams/bioscout/uploads/9f710ee1-c2d8-4951-9a86-5bb8eabea2f0"}]}]}, "annotations": [{"bounding_box": {"h": 168.0, "w": 236.0, "x": 2060.0, "y": 1360.0}, "id": "9001c85e-7df8-4627-ba35-8ea11d1c82ae", "name": "Alternaria spp.", "slot_names": ["0"]}]}