{"version": "2.0", "schema_ref": "https://darwin-public.s3.eu-west-1.amazonaws.com/darwin_json_2_0.schema.json", "item": {"name": "6105_1d55b175-17be-46b4-a519-e2448e310df5_2022_01_18.jpeg", "path": "/", "source_info": {"dataset": {"name": "alternaria", "slug": "alternaria", "dataset_management_url": "https://darwin.v7labs.com/datasets/538883/dataset-management"}, "item_id": "0183d477-567f-7113-d19a-4aea4f4d3613", "team": {"name": "BioScout", "slug": "bioscout"}, "workview_url": "https://darwin.v7labs.com/workview?dataset=538883&item=0183d477-567f-7113-d19a-4aea4f4d3613"}, "slots": [{"type": "image", "slot_name": "0", "width": 4064, "height": 3040, "thumbnail_url": "https://darwin.v7labs.com/api/v2/teams/bioscout/files/eeb3e464-9fd4-46b3-9e18-f8fea8e522b5/thumbnail", "source_files": [{"file_name": "6105_1d55b175-17be-46b4-a519-e2448e310df5_2022_01_18.jpeg", "url": "https://darwin.v7labs.com/api/v2/teams/bioscout/uploads/ec23b27b-0c4f-4adc-a2cf-f890db659685"}]}]}, "annotations": [{"bounding_box": {"h": 104.0, "w": 272.0, "x": 4.0, "y": 1120.0}, "id": "34a3937b-1173-4766-9109-303e62b4a821", "name": "Alternaria spp.", "slot_names": ["0"]}]}