{"version": "2.0", "schema_ref": "https://darwin-public.s3.eu-west-1.amazonaws.com/darwin_json_2_0.schema.json", "item": {"name": "6105_5aed62e9-66af-4e64-95e6-274601b14122_2022_01_14.jpeg", "path": "/", "source_info": {"dataset": {"name": "alternaria", "slug": "alternaria", "dataset_management_url": "https://darwin.v7labs.com/datasets/538883/dataset-management"}, "item_id": "0183d477-5675-6e14-a5b4-15955e659ab7", "team": {"name": "BioScout", "slug": "bioscout"}, "workview_url": "https://darwin.v7labs.com/workview?dataset=538883&item=0183d477-5675-6e14-a5b4-15955e659ab7"}, "slots": [{"type": "image", "slot_name": "0", "width": 4064, "height": 3040, "thumbnail_url": "https://darwin.v7labs.com/api/v2/teams/bioscout/files/40345262-47e9-412a-b79d-810707001d7c/thumbnail", "source_files": [{"file_name": "6105_5aed62e9-66af-4e64-95e6-274601b14122_2022_01_14.jpeg", "url": "https://darwin.v7labs.com/api/v2/teams/bioscout/uploads/3fbdceb7-34fa-41f8-95e5-10b89fcecfe6"}]}]}, "annotations": [{"bounding_box": {"h": 160.0, "w": 468.0, "x": 1880.0, "y": 1424.0}, "id": "bff56a5d-5c91-4527-b660-b209e19679ab", "name": "Alternaria spp.", "slot_names": ["0"]}, {"bounding_box": {"h": 150.0, "w": 490.0, "x": 3401.0, "y": 1633.0}, "id": "d0154d3d-9668-43af-8ab6-e595107a3a3b", "name": "Alternaria spp.", "slot_names": ["0"]}]}