{"version": "2.0", "schema_ref": "https://darwin-public.s3.eu-west-1.amazonaws.com/darwin_json_2_0.schema.json", "item": {"name": "6105_800f71d3-a311-45d4-9ed4-d4e6df6ea809_2022_01_24.jpeg", "path": "/", "source_info": {"dataset": {"name": "alternaria", "slug": "alternaria", "dataset_management_url": "https://darwin.v7labs.com/datasets/538883/dataset-management"}, "item_id": "0183d477-6026-b302-11df-0319a5994065", "team": {"name": "BioScout", "slug": "bioscout"}, "workview_url": "https://darwin.v7labs.com/workview?dataset=538883&item=0183d477-6026-b302-11df-0319a5994065"}, "slots": [{"type": "image", "slot_name": "0", "width": 4064, "height": 3040, "thumbnail_url": "https://darwin.v7labs.com/api/v2/teams/bioscout/files/56c2e913-f171-498f-8df5-f0a7d3f90aae/thumbnail", "source_files": [{"file_name": "6105_800f71d3-a311-45d4-9ed4-d4e6df6ea809_2022_01_24.jpeg", "url": "https://darwin.v7labs.com/api/v2/teams/bioscout/uploads/20e6af00-d731-4f13-8ced-d28cc999c950"}]}]}, "annotations": [{"bounding_box": {"h": 99.0, "w": 276.0, "x": 1138.0, "y": 497.0}, "id": "74362aa5-b546-4627-9306-c967aa9784c4", "name": "Alternaria spp.", "slot_names": ["0"]}]}