{"version": "2.0", "schema_ref": "https://darwin-public.s3.eu-west-1.amazonaws.com/darwin_json_2_0.schema.json", "item": {"name": "6105_36992b82-779f-43f1-b064-cf47c8bf239e_2022_01_23.jpeg", "path": "/", "source_info": {"dataset": {"name": "alternaria", "slug": "alternaria", "dataset_management_url": "https://darwin.v7labs.com/datasets/538883/dataset-management"}, "item_id": "0183d477-5689-0d16-4589-2031e577ce67", "team": {"name": "BioScout", "slug": "bioscout"}, "workview_url": "https://darwin.v7labs.com/workview?dataset=538883&item=0183d477-5689-0d16-4589-2031e577ce67"}, "slots": [{"type": "image", "slot_name": "0", "width": 4064, "height": 3040, "thumbnail_url": "https://darwin.v7labs.com/api/v2/teams/bioscout/files/6742281c-f284-4660-93b0-db858b9144bc/thumbnail", "source_files": [{"file_name": "6105_36992b82-779f-43f1-b064-cf47c8bf239e_2022_01_23.jpeg", "url": "https://darwin.v7labs.com/api/v2/teams/bioscout/uploads/450d49a4-3882-4d35-bb07-79eb9dd03731"}]}]}, "annotations": [{"bounding_box": {"h": 132.0, "w": 256.0, "x": 384.0, "y": 196.0}, "id": "4497eb52-49c0-4dd1-8fcd-6ca0099ddae1", "name": "Alternaria spp.", "slot_names": ["0"]}]}