{"version": "2.0", "schema_ref": "https://darwin-public.s3.eu-west-1.amazonaws.com/darwin_json_2_0.schema.json", "item": {"name": "6105_8332793e-8148-4ea3-9c5c-9813a9a76b43_2022_01_15.jpeg", "path": "/", "source_info": {"dataset": {"name": "alternaria", "slug": "alternaria", "dataset_management_url": "https://darwin.v7labs.com/datasets/538883/dataset-management"}, "item_id": "0183d477-6024-4548-2244-5c439da743c2", "team": {"name": "BioScout", "slug": "bioscout"}, "workview_url": "https://darwin.v7labs.com/workview?dataset=538883&item=0183d477-6024-4548-2244-5c439da743c2"}, "slots": [{"type": "image", "slot_name": "0", "width": 4064, "height": 3040, "thumbnail_url": "https://darwin.v7labs.com/api/v2/teams/bioscout/files/86dcd4ca-442b-4d61-b1e0-3d9d501ec167/thumbnail", "source_files": [{"file_name": "6105_8332793e-8148-4ea3-9c5c-9813a9a76b43_2022_01_15.jpeg", "url": "https://darwin.v7labs.com/api/v2/teams/bioscout/uploads/2b169ee0-224a-4833-947e-4f025804bb60"}]}]}, "annotations": [{"bounding_box": {"h": 188.0, "w": 312.0, "x": 2068.0, "y": 624.0}, "id": "37cf3ef8-6752-4eb6-8e12-bd6de58b0b48", "name": "Alternaria spp.", "slot_names": ["0"]}, {"bounding_box": {"h": 172.0, "w": 232.0, "x": 1736.0, "y": 420.0}, "id": "b73a18c5-a460-49e7-acea-da245c4d7ef1", "name": "Alternaria spp.", "slot_names": ["0"]}]}