{"version": "2.0", "schema_ref": "https://darwin-public.s3.eu-west-1.amazonaws.com/darwin_json_2_0.schema.json", "item": {"name": "6105_e033176e-a04b-4949-9c5c-c098846dc53c_2022_01_19.jpeg", "path": "/", "source_info": {"dataset": {"name": "alternaria", "slug": "alternaria", "dataset_management_url": "https://darwin.v7labs.com/datasets/538883/dataset-management"}, "item_id": "0183d477-567f-91c5-9c1b-a184ad6a0844", "team": {"name": "BioScout", "slug": "bioscout"}, "workview_url": "https://darwin.v7labs.com/workview?dataset=538883&item=0183d477-567f-91c5-9c1b-a184ad6a0844"}, "slots": [{"type": "image", "slot_name": "0", "width": 4064, "height": 3040, "thumbnail_url": "https://darwin.v7labs.com/api/v2/teams/bioscout/files/e8c10bf2-e108-41ea-b2b2-b8c1d1171ef1/thumbnail", "source_files": [{"file_name": "6105_e033176e-a04b-4949-9c5c-c098846dc53c_2022_01_19.jpeg", "url": "https://darwin.v7labs.com/api/v2/teams/bioscout/uploads/9398c0c5-c973-4937-aaef-0aa4a887c684"}]}]}, "annotations": [{"bounding_box": {"h": 393.0, "w": 400.0, "x": 3230.0, "y": 409.0}, "id": "dd21b786-c023-4521-beb7-744a7bb04463", "name": "Alternaria spp.", "slot_names": ["0"]}]}