{"version": "2.0", "schema_ref": "https://darwin-public.s3.eu-west-1.amazonaws.com/darwin_json_2_0.schema.json", "item": {"name": "6105_62a9ae90-9891-4d31-aba0-b33d850955a8_2022_01_18.jpeg", "path": "/", "source_info": {"dataset": {"name": "alternaria", "slug": "alternaria", "dataset_management_url": "https://darwin.v7labs.com/datasets/538883/dataset-management"}, "item_id": "0183d477-6026-a922-fe02-1e3d7ba5251f", "team": {"name": "BioScout", "slug": "bioscout"}, "workview_url": "https://darwin.v7labs.com/workview?dataset=538883&item=0183d477-6026-a922-fe02-1e3d7ba5251f"}, "slots": [{"type": "image", "slot_name": "0", "width": 4064, "height": 3040, "thumbnail_url": "https://darwin.v7labs.com/api/v2/teams/bioscout/files/5707a1ff-5b11-4a1e-84c5-3ff0dd5ff1df/thumbnail", "source_files": [{"file_name": "6105_62a9ae90-9891-4d31-aba0-b33d850955a8_2022_01_18.jpeg", "url": "https://darwin.v7labs.com/api/v2/teams/bioscout/uploads/17f72dbd-9e70-4064-bca4-e4ce44a07039"}]}]}, "annotations": [{"bounding_box": {"h": 148.0, "w": 328.0, "x": 1468.0, "y": 648.0}, "id": "34b88612-cc24-4ef1-b60d-b55cb84a2365", "name": "Alternaria spp.", "slot_names": ["0"]}, {"bounding_box": {"h": 315.0, "w": 117.0, "x": 1281.0, "y": 2342.0}, "id": "a87bc82a-d407-4bb5-bd82-8cebdef3d4e2", "name": "Alternaria spp.", "slot_names": ["0"]}]}