{"version": "2.0", "schema_ref": "https://darwin-public.s3.eu-west-1.amazonaws.com/darwin_json_2_0.schema.json", "item": {"name": "6105_b0edd5f5-33b7-493d-b1c9-5631270e2361_2022_01_14.jpeg", "path": "/", "source_info": {"dataset": {"name": "alternaria", "slug": "alternaria", "dataset_management_url": "https://darwin.v7labs.com/datasets/538883/dataset-management"}, "item_id": "0183d477-5686-f3cc-24d8-fa86dd0d3dca", "team": {"name": "BioScout", "slug": "bioscout"}, "workview_url": "https://darwin.v7labs.com/workview?dataset=538883&item=0183d477-5686-f3cc-24d8-fa86dd0d3dca"}, "slots": [{"type": "image", "slot_name": "0", "width": 4064, "height": 3040, "thumbnail_url": "https://darwin.v7labs.com/api/v2/teams/bioscout/files/4179f68e-2363-464e-9a0e-2add3efb99b4/thumbnail", "source_files": [{"file_name": "6105_b0edd5f5-33b7-493d-b1c9-5631270e2361_2022_01_14.jpeg", "url": "https://darwin.v7labs.com/api/v2/teams/bioscout/uploads/29166305-842d-4773-9506-db06af7583ba"}]}]}, "annotations": [{"bounding_box": {"h": 172.0, "w": 352.0, "x": 2156.0, "y": 1676.0}, "id": "40356233-0e15-49f2-bf8e-e26b8f9e115a", "name": "Alternaria spp.", "slot_names": ["0"]}]}