{"version": "2.0", "schema_ref": "https://darwin-public.s3.eu-west-1.amazonaws.com/darwin_json_2_0.schema.json", "item": {"name": "6105_ef3844f6-f614-4aff-899d-2d8464b6367d_2022_01_21.jpeg", "path": "/", "source_info": {"dataset": {"name": "alternaria", "slug": "alternaria", "dataset_management_url": "https://darwin.v7labs.com/datasets/538883/dataset-management"}, "item_id": "0183d477-5680-6734-11da-4dbeb00ca89e", "team": {"name": "BioScout", "slug": "bioscout"}, "workview_url": "https://darwin.v7labs.com/workview?dataset=538883&item=0183d477-5680-6734-11da-4dbeb00ca89e"}, "slots": [{"type": "image", "slot_name": "0", "width": 4064, "height": 3040, "thumbnail_url": "https://darwin.v7labs.com/api/v2/teams/bioscout/files/e87e0378-8de2-4ce0-8cbc-4dc541bb1202/thumbnail", "source_files": [{"file_name": "6105_ef3844f6-f614-4aff-899d-2d8464b6367d_2022_01_21.jpeg", "url": "https://darwin.v7labs.com/api/v2/teams/bioscout/uploads/10cff351-678a-4126-89f6-7381ccc5fbe8"}]}]}, "annotations": [{"bounding_box": {"h": 272.0, "w": 120.0, "x": 288.0, "y": 1152.0}, "id": "02aa061c-3e10-44b1-a130-1591407b86db", "name": "Alternaria spp.", "slot_names": ["0"]}]}