{"version": "2.0", "schema_ref": "https://darwin-public.s3.eu-west-1.amazonaws.com/darwin_json_2_0.schema.json", "item": {"name": "6105_a9eb36de-8e63-4915-a9b8-61272aca0596_2022_01_02.jpeg", "path": "/", "source_info": {"dataset": {"name": "alternaria", "slug": "alternaria", "dataset_management_url": "https://darwin.v7labs.com/datasets/538883/dataset-management"}, "item_id": "0183d477-567c-1e33-e9be-3cf812c44bc2", "team": {"name": "BioScout", "slug": "bioscout"}, "workview_url": "https://darwin.v7labs.com/workview?dataset=538883&item=0183d477-567c-1e33-e9be-3cf812c44bc2"}, "slots": [{"type": "image", "slot_name": "0", "width": 4064, "height": 3040, "thumbnail_url": "https://darwin.v7labs.com/api/v2/teams/bioscout/files/02cd6361-f2be-4dbb-9df1-5ad395e82b1d/thumbnail", "source_files": [{"file_name": "6105_a9eb36de-8e63-4915-a9b8-61272aca0596_2022_01_02.jpeg", "url": "https://darwin.v7labs.com/api/v2/teams/bioscout/uploads/1782a9dd-127b-408d-8d54-b5b4cd8ea054"}]}]}, "annotations": [{"bounding_box": {"h": 124.0, "w": 276.0, "x": 0.0, "y": 900.0}, "id": "128ec1f0-39ae-425f-93ce-f703b8e88be0", "name": "Alternaria spp.", "slot_names": ["0"]}]}