{"version": "2.0", "schema_ref": "https://darwin-public.s3.eu-west-1.amazonaws.com/darwin_json_2_0.schema.json", "item": {"name": "6105_f1373573-6d64-4b0d-a594-4bc9420f84d5_2022_01_16.jpeg", "path": "/", "source_info": {"dataset": {"name": "alternaria", "slug": "alternaria", "dataset_management_url": "https://darwin.v7labs.com/datasets/538883/dataset-management"}, "item_id": "0183d477-602d-6251-7b9f-3eaf65663bc1", "team": {"name": "BioScout", "slug": "bioscout"}, "workview_url": "https://darwin.v7labs.com/workview?dataset=538883&item=0183d477-602d-6251-7b9f-3eaf65663bc1"}, "slots": [{"type": "image", "slot_name": "0", "width": 4064, "height": 3040, "thumbnail_url": "https://darwin.v7labs.com/api/v2/teams/bioscout/files/625ce6c3-0aa7-4098-8814-9deececf728f/thumbnail", "source_files": [{"file_name": "6105_f1373573-6d64-4b0d-a594-4bc9420f84d5_2022_01_16.jpeg", "url": "https://darwin.v7labs.com/api/v2/teams/bioscout/uploads/20bdedd8-4108-4fb9-98bc-124d0880a0af"}]}]}, "annotations": [{"bounding_box": {"h": 136.0, "w": 248.0, "x": 312.0, "y": 28.0}, "id": "03283c5c-b40e-49cd-a7a2-4d87478916a6", "name": "Alternaria spp.", "slot_names": ["0"]}]}