{"version": "2.0", "schema_ref": "https://darwin-public.s3.eu-west-1.amazonaws.com/darwin_json_2_0.schema.json", "item": {"name": "6105_4e350ca3-6e3b-4ce6-a823-590dd572c55d_2022_01_27.jpeg", "path": "/", "source_info": {"dataset": {"name": "alternaria", "slug": "alternaria", "dataset_management_url": "https://darwin.v7labs.com/datasets/538883/dataset-management"}, "item_id": "0183d477-602f-7a2a-b72b-d999d871c227", "team": {"name": "BioScout", "slug": "bioscout"}, "workview_url": "https://darwin.v7labs.com/workview?dataset=538883&item=0183d477-602f-7a2a-b72b-d999d871c227"}, "slots": [{"type": "image", "slot_name": "0", "width": 4064, "height": 3040, "thumbnail_url": "https://darwin.v7labs.com/api/v2/teams/bioscout/files/125d8f0c-62ad-4cac-bc70-c8aa2f7c3033/thumbnail", "source_files": [{"file_name": "6105_4e350ca3-6e3b-4ce6-a823-590dd572c55d_2022_01_27.jpeg", "url": "https://darwin.v7labs.com/api/v2/teams/bioscout/uploads/bb0961cb-99d5-4c8c-8bc4-77f036e24ed7"}]}]}, "annotations": [{"bounding_box": {"h": 92.0, "w": 216.0, "x": 2812.0, "y": 1480.0}, "id": "47d5a604-d868-427f-a1ef-5b4430247630", "name": "Alternaria spp.", "slot_names": ["0"]}, {"bounding_box": {"h": 172.0, "w": 392.0, "x": 404.0, "y": 1016.0}, "id": "d527d6f0-10d5-4f69-8680-6d5a48ab5e11", "name": "Alternaria spp.", "slot_names": ["0"]}]}