{"version": "2.0", "schema_ref": "https://darwin-public.s3.eu-west-1.amazonaws.com/darwin_json_2_0.schema.json", "item": {"name": "6105_7a6d3670-849d-41a3-bedf-93bde208cab3_2022_01_16.jpeg", "path": "/", "source_info": {"dataset": {"name": "alternaria", "slug": "alternaria", "dataset_management_url": "https://darwin.v7labs.com/datasets/538883/dataset-management"}, "item_id": "0183d477-602e-a364-91f6-e4b32dc09232", "team": {"name": "BioScout", "slug": "bioscout"}, "workview_url": "https://darwin.v7labs.com/workview?dataset=538883&item=0183d477-602e-a364-91f6-e4b32dc09232"}, "slots": [{"type": "image", "slot_name": "0", "width": 4064, "height": 3040, "thumbnail_url": "https://darwin.v7labs.com/api/v2/teams/bioscout/files/1c9bd0dd-3cf6-433b-9324-7e6a3fd96299/thumbnail", "source_files": [{"file_name": "6105_7a6d3670-849d-41a3-bedf-93bde208cab3_2022_01_16.jpeg", "url": "https://darwin.v7labs.com/api/v2/teams/bioscout/uploads/39952b32-3a5e-4ae1-9ca0-ba010a323341"}]}]}, "annotations": [{"bounding_box": {"h": 108.0, "w": 332.0, "x": 676.0, "y": 904.0}, "id": "d2f67825-7038-460a-8443-198585bbea73", "name": "Alternaria spp.", "slot_names": ["0"]}, {"bounding_box": {"h": 108.0, "w": 348.0, "x": 1352.0, "y": 764.0}, "id": "9fd9c016-f2b9-4f8d-ab9e-be077f703807", "name": "Alternaria spp.", "slot_names": ["0"]}]}