{"version": "2.0", "schema_ref": "https://darwin-public.s3.eu-west-1.amazonaws.com/darwin_json_2_0.schema.json", "item": {"name": "6105_6316553b-4136-4804-8536-418d20991665_2022_01_14.jpeg", "path": "/", "source_info": {"dataset": {"name": "alternaria", "slug": "alternaria", "dataset_management_url": "https://darwin.v7labs.com/datasets/538883/dataset-management"}, "item_id": "0183d477-5687-83a8-77da-69ec5ed5794f", "team": {"name": "BioScout", "slug": "bioscout"}, "workview_url": "https://darwin.v7labs.com/workview?dataset=538883&item=0183d477-5687-83a8-77da-69ec5ed5794f"}, "slots": [{"type": "image", "slot_name": "0", "width": 4064, "height": 3040, "thumbnail_url": "https://darwin.v7labs.com/api/v2/teams/bioscout/files/ef4cebb1-ffc2-49a7-88c7-b3951f9b7ea3/thumbnail", "source_files": [{"file_name": "6105_6316553b-4136-4804-8536-418d20991665_2022_01_14.jpeg", "url": "https://darwin.v7labs.com/api/v2/teams/bioscout/uploads/223bab5c-4006-43fd-8b66-1324eef0e8c0"}]}]}, "annotations": [{"bounding_box": {"h": 275.0, "w": 281.0, "x": 114.0, "y": 1526.0}, "id": "50c86238-31d2-4336-bab4-1a3fed51eb05", "name": "Alternaria spp.", "slot_names": ["0"]}]}