{"version": "2.0", "schema_ref": "https://darwin-public.s3.eu-west-1.amazonaws.com/darwin_json_2_0.schema.json", "item": {"name": "6105_11e68e47-b102-408d-b2ca-64cbfc0f21aa_2022_01_14.jpeg", "path": "/", "source_info": {"dataset": {"name": "alternaria", "slug": "alternaria", "dataset_management_url": "https://darwin.v7labs.com/datasets/538883/dataset-management"}, "item_id": "0183d477-6026-d095-d790-77f822c9e5e1", "team": {"name": "BioScout", "slug": "bioscout"}, "workview_url": "https://darwin.v7labs.com/workview?dataset=538883&item=0183d477-6026-d095-d790-77f822c9e5e1"}, "slots": [{"type": "image", "slot_name": "0", "width": 4064, "height": 3040, "thumbnail_url": "https://darwin.v7labs.com/api/v2/teams/bioscout/files/1a11f567-bf91-4eb5-a16f-e0f818d39dbb/thumbnail", "source_files": [{"file_name": "6105_11e68e47-b102-408d-b2ca-64cbfc0f21aa_2022_01_14.jpeg", "url": "https://darwin.v7labs.com/api/v2/teams/bioscout/uploads/3d002ee9-71e8-4a59-93b6-468a41a6ac4b"}]}]}, "annotations": []}