{"version": "2.0", "schema_ref": "https://darwin-public.s3.eu-west-1.amazonaws.com/darwin_json_2_0.schema.json", "item": {"name": "6105_de49edf8-d3e0-4f4a-8ec9-3e38796b7bbd_2022_01_29.jpeg", "path": "/", "source_info": {"dataset": {"name": "alternaria", "slug": "alternaria", "dataset_management_url": "https://darwin.v7labs.com/datasets/538883/dataset-management"}, "item_id": "0183d477-6030-7dc3-d3d5-35526aa989c9", "team": {"name": "BioScout", "slug": "bioscout"}, "workview_url": "https://darwin.v7labs.com/workview?dataset=538883&item=0183d477-6030-7dc3-d3d5-35526aa989c9"}, "slots": [{"type": "image", "slot_name": "0", "width": 4064, "height": 3040, "thumbnail_url": "https://darwin.v7labs.com/api/v2/teams/bioscout/files/3254e141-e62e-4a74-b145-81c28181848a/thumbnail", "source_files": [{"file_name": "6105_de49edf8-d3e0-4f4a-8ec9-3e38796b7bbd_2022_01_29.jpeg", "url": "https://darwin.v7labs.com/api/v2/teams/bioscout/uploads/80ec34f0-9d7d-4542-9f9a-e48ea18d62d9"}]}]}, "annotations": [{"bounding_box": {"h": 107.0, "w": 334.0, "x": 2295.0, "y": 2692.0}, "id": "ae66a54c-e57d-41bd-a2fe-0fa5ba694439", "name": "Alternaria spp.", "slot_names": ["0"]}]}