{"version": "2.0", "schema_ref": "https://darwin-public.s3.eu-west-1.amazonaws.com/darwin_json_2_0.schema.json", "item": {"name": "6105_a731c516-3905-44ee-a01f-905faf012e70_2022_01_15.jpeg", "path": "/", "source_info": {"dataset": {"name": "alternaria", "slug": "alternaria", "dataset_management_url": "https://darwin.v7labs.com/datasets/538883/dataset-management"}, "item_id": "0183d477-6030-75af-56a1-a2ee24baf3d4", "team": {"name": "BioScout", "slug": "bioscout"}, "workview_url": "https://darwin.v7labs.com/workview?dataset=538883&item=0183d477-6030-75af-56a1-a2ee24baf3d4"}, "slots": [{"type": "image", "slot_name": "0", "width": 4064, "height": 3040, "thumbnail_url": "https://darwin.v7labs.com/api/v2/teams/bioscout/files/5c46e148-9cfe-426d-9452-d838b50b3299/thumbnail", "source_files": [{"file_name": "6105_a731c516-3905-44ee-a01f-905faf012e70_2022_01_15.jpeg", "url": "https://darwin.v7labs.com/api/v2/teams/bioscout/uploads/1c7b2486-4734-42fd-a357-3e2cf61f3181"}]}]}, "annotations": [{"bounding_box": {"h": 144.0, "w": 292.0, "x": 944.0, "y": 876.0}, "id": "f4e771a6-a882-47d5-99aa-bdcbb6a2a27f", "name": "Alternaria spp.", "slot_names": ["0"]}]}