{"version": "2.0", "schema_ref": "https://darwin-public.s3.eu-west-1.amazonaws.com/darwin_json_2_0.schema.json", "item": {"name": "6105_50f4c934-3caa-462c-9f6d-cf9263e3b4de_2022_01_18.jpeg", "path": "/", "source_info": {"dataset": {"name": "alternaria", "slug": "alternaria", "dataset_management_url": "https://darwin.v7labs.com/datasets/538883/dataset-management"}, "item_id": "0183d477-568a-31a1-2a5b-6c9c2486e4f5", "team": {"name": "BioScout", "slug": "bioscout"}, "workview_url": "https://darwin.v7labs.com/workview?dataset=538883&item=0183d477-568a-31a1-2a5b-6c9c2486e4f5"}, "slots": [{"type": "image", "slot_name": "0", "width": 4064, "height": 3040, "thumbnail_url": "https://darwin.v7labs.com/api/v2/teams/bioscout/files/67d1c6b5-0125-43d0-9c43-8a947d7692cf/thumbnail", "source_files": [{"file_name": "6105_50f4c934-3caa-462c-9f6d-cf9263e3b4de_2022_01_18.jpeg", "url": "https://darwin.v7labs.com/api/v2/teams/bioscout/uploads/1da10735-16a9-47c8-84c6-d957b3bc8311"}]}]}, "annotations": [{"bounding_box": {"h": 220.0, "w": 76.0, "x": 2484.0, "y": 40.0}, "id": "77c7e08c-6c43-4547-8c81-078416e56e41", "name": "Alternaria spp.", "slot_names": ["0"]}]}