{"version": "2.0", "schema_ref": "https://darwin-public.s3.eu-west-1.amazonaws.com/darwin_json_2_0.schema.json", "item": {"name": "6105_54aee372-aab1-4764-b9e3-7709c0a52ce5_2022_01_18.jpeg", "path": "/", "source_info": {"dataset": {"name": "alternaria", "slug": "alternaria", "dataset_management_url": "https://darwin.v7labs.com/datasets/538883/dataset-management"}, "item_id": "0183d477-567e-3d64-87b5-e43a37b5bc1f", "team": {"name": "BioScout", "slug": "bioscout"}, "workview_url": "https://darwin.v7labs.com/workview?dataset=538883&item=0183d477-567e-3d64-87b5-e43a37b5bc1f"}, "slots": [{"type": "image", "slot_name": "0", "width": 4064, "height": 3040, "thumbnail_url": "https://darwin.v7labs.com/api/v2/teams/bioscout/files/553decd9-defe-4fb0-9166-eb40fb949d4b/thumbnail", "source_files": [{"file_name": "6105_54aee372-aab1-4764-b9e3-7709c0a52ce5_2022_01_18.jpeg", "url": "https://darwin.v7labs.com/api/v2/teams/bioscout/uploads/dc3bbd99-033d-4faa-bbbf-9c51f11f12eb"}]}]}, "annotations": [{"bounding_box": {"h": 400.0, "w": 452.0, "x": 316.0, "y": 1300}, "id": "be512ce4-934e-4c63-9f14-17f5110efc1f", "name": "Alternaria spp.", "slot_names": ["0"]}]}