{"version": "2.0", "schema_ref": "https://darwin-public.s3.eu-west-1.amazonaws.com/darwin_json_2_0.schema.json", "item": {"name": "6105_fff25f25-4019-4745-b20a-72ce0439944e_2022_01_28.jpeg", "path": "/", "source_info": {"dataset": {"name": "alternaria", "slug": "alternaria", "dataset_management_url": "https://darwin.v7labs.com/datasets/538883/dataset-management"}, "item_id": "0183d477-602e-2cac-bdda-2533c2e21fdc", "team": {"name": "BioScout", "slug": "bioscout"}, "workview_url": "https://darwin.v7labs.com/workview?dataset=538883&item=0183d477-602e-2cac-bdda-2533c2e21fdc"}, "slots": [{"type": "image", "slot_name": "0", "width": 4064, "height": 3040, "thumbnail_url": "https://darwin.v7labs.com/api/v2/teams/bioscout/files/38665838-6ece-4ea9-9372-36fd64782249/thumbnail", "source_files": [{"file_name": "6105_fff25f25-4019-4745-b20a-72ce0439944e_2022_01_28.jpeg", "url": "https://darwin.v7labs.com/api/v2/teams/bioscout/uploads/1feca1d8-f6c4-48f7-9417-90d2a9cedfcc"}]}]}, "annotations": [{"bounding_box": {"h": 104.0, "w": 300.0, "x": 2148.0, "y": 1476.0}, "id": "569f4cfd-89a5-4dae-bd48-e0a48dd9eac1", "name": "Alternaria spp.", "slot_names": ["0"]}]}