{"version": "2.0", "schema_ref": "https://darwin-public.s3.eu-west-1.amazonaws.com/darwin_json_2_0.schema.json", "item": {"name": "6105_57d4ba3c-a005-40d7-bf7f-ad40629bb70f_2022_01_23.jpeg", "path": "/", "source_info": {"dataset": {"name": "alternaria", "slug": "alternaria", "dataset_management_url": "https://darwin.v7labs.com/datasets/538883/dataset-management"}, "item_id": "0183d477-568d-fa08-c0b7-12affe8af815", "team": {"name": "BioScout", "slug": "bioscout"}, "workview_url": "https://darwin.v7labs.com/workview?dataset=538883&item=0183d477-568d-fa08-c0b7-12affe8af815"}, "slots": [{"type": "image", "slot_name": "0", "width": 4064, "height": 3040, "thumbnail_url": "https://darwin.v7labs.com/api/v2/teams/bioscout/files/2d72130d-3968-4aa9-a459-537086f6b30f/thumbnail", "source_files": [{"file_name": "6105_57d4ba3c-a005-40d7-bf7f-ad40629bb70f_2022_01_23.jpeg", "url": "https://darwin.v7labs.com/api/v2/teams/bioscout/uploads/5575363b-42fc-4b3d-84f3-87220b3ad5b1"}]}]}, "annotations": [{"bounding_box": {"h": 140.0, "w": 380.0, "x": 1464.0, "y": 396.0}, "id": "8454af55-6bdb-4f42-84a4-3d9d6650bd99", "name": "Alternaria spp.", "slot_names": ["0"]}]}