{"version": "2.0", "schema_ref": "https://darwin-public.s3.eu-west-1.amazonaws.com/darwin_json_2_0.schema.json", "item": {"name": "6105_14f7f998-6b8b-4c46-ac2a-dee43df8dba1_2022_01_21.jpeg", "path": "/", "source_info": {"dataset": {"name": "alternaria", "slug": "alternaria", "dataset_management_url": "https://darwin.v7labs.com/datasets/538883/dataset-management"}, "item_id": "0183d477-602d-1985-dcfc-0dc7d726d00a", "team": {"name": "BioScout", "slug": "bioscout"}, "workview_url": "https://darwin.v7labs.com/workview?dataset=538883&item=0183d477-602d-1985-dcfc-0dc7d726d00a"}, "slots": [{"type": "image", "slot_name": "0", "width": 4064, "height": 3040, "thumbnail_url": "https://darwin.v7labs.com/api/v2/teams/bioscout/files/ac919e58-451f-4fb2-9f04-6a49b6a52926/thumbnail", "source_files": [{"file_name": "6105_14f7f998-6b8b-4c46-ac2a-dee43df8dba1_2022_01_21.jpeg", "url": "https://darwin.v7labs.com/api/v2/teams/bioscout/uploads/8ad3a500-f85b-41ca-9a18-c83dcd1da64a"}]}]}, "annotations": [{"bounding_box": {"h": 152.0, "w": 460.0, "x": 1324.0, "y": 664.0}, "id": "4359d7de-ecf8-4eab-a68a-c12038e9125b", "name": "Alternaria spp.", "slot_names": ["0"]}]}