{"version": "2.0", "schema_ref": "https://darwin-public.s3.eu-west-1.amazonaws.com/darwin_json_2_0.schema.json", "item": {"name": "6105_c97bb4aa-ce28-451f-aadd-be382a1b4998_2022_01_26.jpeg", "path": "/", "source_info": {"dataset": {"name": "alternaria", "slug": "alternaria", "dataset_management_url": "https://darwin.v7labs.com/datasets/538883/dataset-management"}, "item_id": "0183d477-6024-e7bd-025f-5f58780cb81a", "team": {"name": "BioScout", "slug": "bioscout"}, "workview_url": "https://darwin.v7labs.com/workview?dataset=538883&item=0183d477-6024-e7bd-025f-5f58780cb81a"}, "slots": [{"type": "image", "slot_name": "0", "width": 4064, "height": 3040, "thumbnail_url": "https://darwin.v7labs.com/api/v2/teams/bioscout/files/e452d1ce-3b61-4dd8-b6e7-98cad0b41b8f/thumbnail", "source_files": [{"file_name": "6105_c97bb4aa-ce28-451f-aadd-be382a1b4998_2022_01_26.jpeg", "url": "https://darwin.v7labs.com/api/v2/teams/bioscout/uploads/8384a8bb-01ab-431b-84fa-18bdef9d6056"}]}]}, "annotations": [{"bounding_box": {"h": 156.0, "w": 292.0, "x": 1512.0, "y": 480.0}, "id": "ca0fb8aa-e87b-489e-a9f4-ea7e7059fa71", "name": "Alternaria spp.", "slot_names": ["0"]}]}