{"version": "2.0", "schema_ref": "https://darwin-public.s3.eu-west-1.amazonaws.com/darwin_json_2_0.schema.json", "item": {"name": "6105_9da3afe7-e0f7-42fb-8557-5d19613828f2_2022_01_21.jpeg", "path": "/", "source_info": {"dataset": {"name": "alternaria", "slug": "alternaria", "dataset_management_url": "https://darwin.v7labs.com/datasets/538883/dataset-management"}, "item_id": "0183d477-6024-fda9-45c9-b97fa5777b90", "team": {"name": "BioScout", "slug": "bioscout"}, "workview_url": "https://darwin.v7labs.com/workview?dataset=538883&item=0183d477-6024-fda9-45c9-b97fa5777b90"}, "slots": [{"type": "image", "slot_name": "0", "width": 4064, "height": 3040, "thumbnail_url": "https://darwin.v7labs.com/api/v2/teams/bioscout/files/4a0c2cf0-4b10-4fc7-976b-607a6e42f7c0/thumbnail", "source_files": [{"file_name": "6105_9da3afe7-e0f7-42fb-8557-5d19613828f2_2022_01_21.jpeg", "url": "https://darwin.v7labs.com/api/v2/teams/bioscout/uploads/d43a6614-aea2-48e7-bb90-e9659ba2fe5b"}]}]}, "annotations": [{"bounding_box": {"h": 136.0, "w": 308.0, "x": 2344.0, "y": 468.0}, "id": "2cbc989d-5a72-4fd9-aabc-1fa867234616", "name": "Alternaria spp.", "slot_names": ["0"]}]}