{"version": "2.0", "schema_ref": "https://darwin-public.s3.eu-west-1.amazonaws.com/darwin_json_2_0.schema.json", "item": {"name": "6105_b3c9f7ef-5db0-4580-8626-f779713b910a_2022_01_12.jpeg", "path": "/", "source_info": {"dataset": {"name": "alternaria", "slug": "alternaria", "dataset_management_url": "https://darwin.v7labs.com/datasets/538883/dataset-management"}, "item_id": "0183d477-5685-1bb6-564c-39a8a01d5e6c", "team": {"name": "BioScout", "slug": "bioscout"}, "workview_url": "https://darwin.v7labs.com/workview?dataset=538883&item=0183d477-5685-1bb6-564c-39a8a01d5e6c"}, "slots": [{"type": "image", "slot_name": "0", "width": 4064, "height": 3040, "thumbnail_url": "https://darwin.v7labs.com/api/v2/teams/bioscout/files/bd4ae0a7-a533-484a-88fa-5ccf0082138c/thumbnail", "source_files": [{"file_name": "6105_b3c9f7ef-5db0-4580-8626-f779713b910a_2022_01_12.jpeg", "url": "https://darwin.v7labs.com/api/v2/teams/bioscout/uploads/0c7b539d-e27c-4a05-8bf6-4c02e62c9b50"}]}]}, "annotations": [{"bounding_box": {"h": 155.0, "w": 328.0, "x": 1476.0, "y": 1972.0}, "id": "ec3af644-e258-4328-a137-3882cd69031f", "name": "Alternaria spp.", "slot_names": ["0"]}]}