{"version": "2.0", "schema_ref": "https://darwin-public.s3.eu-west-1.amazonaws.com/darwin_json_2_0.schema.json", "item": {"name": "6105_06d60337-ca67-4885-98f6-7d5c8513a03d_2022_01_21.jpeg", "path": "/", "source_info": {"dataset": {"name": "alternaria", "slug": "alternaria", "dataset_management_url": "https://darwin.v7labs.com/datasets/538883/dataset-management"}, "item_id": "0183d477-5684-a26d-6d17-349eaf76f3ad", "team": {"name": "BioScout", "slug": "bioscout"}, "workview_url": "https://darwin.v7labs.com/workview?dataset=538883&item=0183d477-5684-a26d-6d17-349eaf76f3ad"}, "slots": [{"type": "image", "slot_name": "0", "width": 4064, "height": 3040, "thumbnail_url": "https://darwin.v7labs.com/api/v2/teams/bioscout/files/76a97ca8-8c99-48d7-a722-f94e23a736c3/thumbnail", "source_files": [{"file_name": "6105_06d60337-ca67-4885-98f6-7d5c8513a03d_2022_01_21.jpeg", "url": "https://darwin.v7labs.com/api/v2/teams/bioscout/uploads/ecfd7360-656b-49d4-8b2b-4580f261ee2c"}]}]}, "annotations": [{"bounding_box": {"h": 135.0, "w": 242.0, "x": 3470.0, "y": 1731.0}, "id": "650f58bd-27da-4250-a126-1a0b310fa843", "name": "Alternaria spp.", "slot_names": ["0"]}, {"bounding_box": {"h": 116.0, "w": 308.0, "x": 3327.0, "y": 1753.0}, "id": "5eac3b93-365a-4d34-b74c-a2d7ef57de68", "name": "Alternaria spp.", "slot_names": ["0"]}, {"bounding_box": {"h": 178.0, "w": 242.0, "x": 820.0, "y": 1916.0}, "id": "8f1807aa-1261-4662-beb7-0de02742ddda", "name": "Alternaria spp.", "slot_names": ["0"]}]}