{"version": "2.0", "schema_ref": "https://darwin-public.s3.eu-west-1.amazonaws.com/darwin_json_2_0.schema.json", "item": {"name": "6105_7c3ca22d-73c7-43fc-a9c0-c5ef0acc87dc_2022_01_12.jpeg", "path": "/", "source_info": {"dataset": {"name": "alternaria", "slug": "alternaria", "dataset_management_url": "https://darwin.v7labs.com/datasets/538883/dataset-management"}, "item_id": "0183d477-5679-c9cc-76c9-5eab27cdb47b", "team": {"name": "BioScout", "slug": "bioscout"}, "workview_url": "https://darwin.v7labs.com/workview?dataset=538883&item=0183d477-5679-c9cc-76c9-5eab27cdb47b"}, "slots": [{"type": "image", "slot_name": "0", "width": 4064, "height": 3040, "thumbnail_url": "https://darwin.v7labs.com/api/v2/teams/bioscout/files/a77858e4-b732-4624-804b-716588631c3d/thumbnail", "source_files": [{"file_name": "6105_7c3ca22d-73c7-43fc-a9c0-c5ef0acc87dc_2022_01_12.jpeg", "url": "https://darwin.v7labs.com/api/v2/teams/bioscout/uploads/26b3a5aa-f9a9-44de-a3e7-3142a845fa17"}]}]}, "annotations": [{"bounding_box": {"h": 97.0, "w": 328.0, "x": 556.0, "y": 2364.0}, "id": "3b05003e-b281-4cec-813a-613ffa6531c9", "name": "Alternaria spp.", "slot_names": ["0"]}]}