{"version": "2.0", "schema_ref": "https://darwin-public.s3.eu-west-1.amazonaws.com/darwin_json_2_0.schema.json", "item": {"name": "6105_e9ba01e3-f272-4555-8aa9-e4380bbd3029_2022_01_22.jpeg", "path": "/", "source_info": {"dataset": {"name": "alternaria", "slug": "alternaria", "dataset_management_url": "https://darwin.v7labs.com/datasets/538883/dataset-management"}, "item_id": "0183d477-5689-3893-caff-aa85dacb584e", "team": {"name": "BioScout", "slug": "bioscout"}, "workview_url": "https://darwin.v7labs.com/workview?dataset=538883&item=0183d477-5689-3893-caff-aa85dacb584e"}, "slots": [{"type": "image", "slot_name": "0", "width": 4064, "height": 3040, "thumbnail_url": "https://darwin.v7labs.com/api/v2/teams/bioscout/files/5c6358b8-fe2a-466f-8e6e-81e0c7163f53/thumbnail", "source_files": [{"file_name": "6105_e9ba01e3-f272-4555-8aa9-e4380bbd3029_2022_01_22.jpeg", "url": "https://darwin.v7labs.com/api/v2/teams/bioscout/uploads/5fc0e07e-ad0c-4248-9d77-28d721ece234"}]}]}, "annotations": [{"bounding_box": {"h": 159.0, "w": 200.0, "x": 2392.0, "y": 2830.0}, "id": "c65594d3-0d69-4d10-9733-61e876b67004", "name": "Alternaria spp.", "slot_names": ["0"]}]}