{"version": "2.0", "schema_ref": "https://darwin-public.s3.eu-west-1.amazonaws.com/darwin_json_2_0.schema.json", "item": {"name": "6105_b06679a6-0567-4278-93fa-d0852992fb08_2022_01_16.jpeg", "path": "/", "source_info": {"dataset": {"name": "alternaria", "slug": "alternaria", "dataset_management_url": "https://darwin.v7labs.com/datasets/538883/dataset-management"}, "item_id": "0183d477-567d-0b69-f45e-e8c3924a29c3", "team": {"name": "BioScout", "slug": "bioscout"}, "workview_url": "https://darwin.v7labs.com/workview?dataset=538883&item=0183d477-567d-0b69-f45e-e8c3924a29c3"}, "slots": [{"type": "image", "slot_name": "0", "width": 4064, "height": 3040, "thumbnail_url": "https://darwin.v7labs.com/api/v2/teams/bioscout/files/bd775e50-0536-4284-8006-8bdbde977f2c/thumbnail", "source_files": [{"file_name": "6105_b06679a6-0567-4278-93fa-d0852992fb08_2022_01_16.jpeg", "url": "https://darwin.v7labs.com/api/v2/teams/bioscout/uploads/aab788bc-d4b7-40bc-944b-c32d6cc2839a"}]}]}, "annotations": [{"bounding_box": {"h": 124.0, "w": 400.0, "x": 516.0, "y": 1668.0}, "id": "265be543-3fad-4959-bc94-1e428e4c2e2d", "name": "Alternaria spp.", "slot_names": ["0"]}]}