{"version": "2.0", "schema_ref": "https://darwin-public.s3.eu-west-1.amazonaws.com/darwin_json_2_0.schema.json", "item": {"name": "6105_c2a2cb77-533f-4903-908d-b843b5a493ab_2022_01_18.jpeg", "path": "/", "source_info": {"dataset": {"name": "alternaria", "slug": "alternaria", "dataset_management_url": "https://darwin.v7labs.com/datasets/538883/dataset-management"}, "item_id": "0183d477-6031-501e-9674-11115e31b4c6", "team": {"name": "BioScout", "slug": "bioscout"}, "workview_url": "https://darwin.v7labs.com/workview?dataset=538883&item=0183d477-6031-501e-9674-11115e31b4c6"}, "slots": [{"type": "image", "slot_name": "0", "width": 4064, "height": 3040, "thumbnail_url": "https://darwin.v7labs.com/api/v2/teams/bioscout/files/262c66e5-1059-478c-b915-c3798de72e79/thumbnail", "source_files": [{"file_name": "6105_c2a2cb77-533f-4903-908d-b843b5a493ab_2022_01_18.jpeg", "url": "https://darwin.v7labs.com/api/v2/teams/bioscout/uploads/60066622-04b1-48f3-a5bf-28708154cf81"}]}]}, "annotations": [{"bounding_box": {"h": 155.0, "w": 385.0, "x": 762.0, "y": 1925.0}, "id": "00aa19ff-c906-4ec0-8c60-93ad3458341b", "name": "Alternaria spp.", "slot_names": ["0"]}]}