{"version": "2.0", "schema_ref": "https://darwin-public.s3.eu-west-1.amazonaws.com/darwin_json_2_0.schema.json", "item": {"name": "6105_86228fb7-2580-4cd5-be61-75a515a66315_2022_01_20.jpeg", "path": "/", "source_info": {"dataset": {"name": "alternaria", "slug": "alternaria", "dataset_management_url": "https://darwin.v7labs.com/datasets/538883/dataset-management"}, "item_id": "0183d477-602f-e0c0-f1c6-caed8ccb9285", "team": {"name": "BioScout", "slug": "bioscout"}, "workview_url": "https://darwin.v7labs.com/workview?dataset=538883&item=0183d477-602f-e0c0-f1c6-caed8ccb9285"}, "slots": [{"type": "image", "slot_name": "0", "width": 4064, "height": 3040, "thumbnail_url": "https://darwin.v7labs.com/api/v2/teams/bioscout/files/a2a8ce87-c925-48e5-98ac-fe7b9fc731ac/thumbnail", "source_files": [{"file_name": "6105_86228fb7-2580-4cd5-be61-75a515a66315_2022_01_20.jpeg", "url": "https://darwin.v7labs.com/api/v2/teams/bioscout/uploads/e0aa23ac-4ecc-4442-9adc-73c59118a0ea"}]}]}, "annotations": [{"bounding_box": {"h": 96.0, "w": 216.0, "x": 1508.0, "y": 744.0}, "id": "40e85f7e-fbfa-44a0-a554-718749ab4118", "name": "Alternaria spp.", "slot_names": ["0"]}]}