{"version": "2.0", "schema_ref": "https://darwin-public.s3.eu-west-1.amazonaws.com/darwin_json_2_0.schema.json", "item": {"name": "6105_badbe402-95ab-4532-bdd5-c974b107f930_2022_01_23.jpeg", "path": "/", "source_info": {"dataset": {"name": "alternaria", "slug": "alternaria", "dataset_management_url": "https://darwin.v7labs.com/datasets/538883/dataset-management"}, "item_id": "0183d477-6026-a5b8-9d77-99157caaa2d4", "team": {"name": "BioScout", "slug": "bioscout"}, "workview_url": "https://darwin.v7labs.com/workview?dataset=538883&item=0183d477-6026-a5b8-9d77-99157caaa2d4"}, "slots": [{"type": "image", "slot_name": "0", "width": 4064, "height": 3040, "thumbnail_url": "https://darwin.v7labs.com/api/v2/teams/bioscout/files/5ddcf0d1-7fae-463b-a24d-4f4f21ff883c/thumbnail", "source_files": [{"file_name": "6105_badbe402-95ab-4532-bdd5-c974b107f930_2022_01_23.jpeg", "url": "https://darwin.v7labs.com/api/v2/teams/bioscout/uploads/2648dc51-8734-4426-9de2-b12a82f9809f"}]}]}, "annotations": [{"bounding_box": {"h": 252.0, "w": 199.0, "x": 1600, "y": 969.0}, "id": "732d6250-a05d-4b67-a2ad-0bb99066d5a1", "name": "Alternaria spp.", "slot_names": ["0"]}, {"bounding_box": {"h": 264.0, "w": 108.0, "x": 276.0, "y": 1340.0}, "id": "63fe0ea7-2143-4c4d-8352-541693c5fa4f", "name": "Alternaria spp.", "slot_names": ["0"]}]}