{"version": "2.0", "schema_ref": "https://darwin-public.s3.eu-west-1.amazonaws.com/darwin_json_2_0.schema.json", "item": {"name": "6105_c3d5d44f-5ae3-4c78-904b-123cc35c8c40_2022_01_27.jpeg", "path": "/", "source_info": {"dataset": {"name": "alternaria", "slug": "alternaria", "dataset_management_url": "https://darwin.v7labs.com/datasets/538883/dataset-management"}, "item_id": "0183d477-5684-70ee-cfff-945a78c1a86d", "team": {"name": "BioScout", "slug": "bioscout"}, "workview_url": "https://darwin.v7labs.com/workview?dataset=538883&item=0183d477-5684-70ee-cfff-945a78c1a86d"}, "slots": [{"type": "image", "slot_name": "0", "width": 4064, "height": 3040, "thumbnail_url": "https://darwin.v7labs.com/api/v2/teams/bioscout/files/01b60d03-1639-4f7d-910c-c5a0111c5193/thumbnail", "source_files": [{"file_name": "6105_c3d5d44f-5ae3-4c78-904b-123cc35c8c40_2022_01_27.jpeg", "url": "https://darwin.v7labs.com/api/v2/teams/bioscout/uploads/44f4fee1-d574-47ed-9298-a3052bd445c9"}]}]}, "annotations": [{"bounding_box": {"h": 182.0, "w": 276.0, "x": 3478.0, "y": 691.0}, "id": "8b7aef00-256c-46df-9388-1cb2019d9268", "name": "Alternaria spp.", "slot_names": ["0"]}]}