{"version": "2.0", "schema_ref": "https://darwin-public.s3.eu-west-1.amazonaws.com/darwin_json_2_0.schema.json", "item": {"name": "6105_83eba1b1-6ae0-442f-998b-3e8471344a6f_2022_01_28.jpeg", "path": "/", "source_info": {"dataset": {"name": "alternaria", "slug": "alternaria", "dataset_management_url": "https://darwin.v7labs.com/datasets/538883/dataset-management"}, "item_id": "0183d477-567b-e8eb-70a0-609d088e538c", "team": {"name": "BioScout", "slug": "bioscout"}, "workview_url": "https://darwin.v7labs.com/workview?dataset=538883&item=0183d477-567b-e8eb-70a0-609d088e538c"}, "slots": [{"type": "image", "slot_name": "0", "width": 4064, "height": 3040, "thumbnail_url": "https://darwin.v7labs.com/api/v2/teams/bioscout/files/4ed70887-a87f-4918-8aff-311c1225b5c2/thumbnail", "source_files": [{"file_name": "6105_83eba1b1-6ae0-442f-998b-3e8471344a6f_2022_01_28.jpeg", "url": "https://darwin.v7labs.com/api/v2/teams/bioscout/uploads/2ad55873-3848-4f9a-8e22-4b9d7ba2da2f"}]}]}, "annotations": [{"bounding_box": {"h": 222.0, "w": 261.0, "x": 2972.0, "y": 622.0}, "id": "28b32e8b-e846-421b-8bf1-13410ccc2842", "name": "Alternaria spp.", "slot_names": ["0"]}]}