{"version": "2.0", "schema_ref": "https://darwin-public.s3.eu-west-1.amazonaws.com/darwin_json_2_0.schema.json", "item": {"name": "6105_7c91a1ec-a773-4606-b69c-4d60161e8f7a_2022_01_23.jpeg", "path": "/", "source_info": {"dataset": {"name": "alternaria", "slug": "alternaria", "dataset_management_url": "https://darwin.v7labs.com/datasets/538883/dataset-management"}, "item_id": "0183d477-6026-056b-7a66-ef01d08a6446", "team": {"name": "BioScout", "slug": "bioscout"}, "workview_url": "https://darwin.v7labs.com/workview?dataset=538883&item=0183d477-6026-056b-7a66-ef01d08a6446"}, "slots": [{"type": "image", "slot_name": "0", "width": 4064, "height": 3040, "thumbnail_url": "https://darwin.v7labs.com/api/v2/teams/bioscout/files/9a85dc60-9eb0-4be6-9d86-412883ab7e78/thumbnail", "source_files": [{"file_name": "6105_7c91a1ec-a773-4606-b69c-4d60161e8f7a_2022_01_23.jpeg", "url": "https://darwin.v7labs.com/api/v2/teams/bioscout/uploads/9e843d1e-5235-4bf5-bd8c-8ae65b772571"}]}]}, "annotations": [{"bounding_box": {"h": 196.0, "w": 96.0, "x": 664.0, "y": 280.0}, "id": "644d8ce6-bde7-4af9-9973-105f40547d3c", "name": "Alternaria spp.", "slot_names": ["0"]}]}