{"version": "2.0", "schema_ref": "https://darwin-public.s3.eu-west-1.amazonaws.com/darwin_json_2_0.schema.json", "item": {"name": "6105_3ed70350-dcd9-4f60-9e5f-85bba6e34cd4_2022_01_17.jpeg", "path": "/", "source_info": {"dataset": {"name": "alternaria", "slug": "alternaria", "dataset_management_url": "https://darwin.v7labs.com/datasets/538883/dataset-management"}, "item_id": "0183d477-5689-a732-4cb4-cdbdcc5b0667", "team": {"name": "BioScout", "slug": "bioscout"}, "workview_url": "https://darwin.v7labs.com/workview?dataset=538883&item=0183d477-5689-a732-4cb4-cdbdcc5b0667"}, "slots": [{"type": "image", "slot_name": "0", "width": 4064, "height": 3040, "thumbnail_url": "https://darwin.v7labs.com/api/v2/teams/bioscout/files/3b952042-5049-49a4-96b6-a06fcdcefa41/thumbnail", "source_files": [{"file_name": "6105_3ed70350-dcd9-4f60-9e5f-85bba6e34cd4_2022_01_17.jpeg", "url": "https://darwin.v7labs.com/api/v2/teams/bioscout/uploads/664a24de-4d1e-4fb8-ac9a-897750411cdb"}]}]}, "annotations": [{"bounding_box": {"h": 259.0, "w": 326.0, "x": 1536.0, "y": 2059.0}, "id": "e3785966-0874-46b7-8fb3-21b4fb0ebfa7", "name": "Alternaria spp.", "slot_names": ["0"]}]}