{"version": "2.0", "schema_ref": "https://darwin-public.s3.eu-west-1.amazonaws.com/darwin_json_2_0.schema.json", "item": {"name": "6105_88576836-6daa-419b-b2c6-f6d54131736b_2022_01_10.jpeg", "path": "/", "source_info": {"dataset": {"name": "alternaria", "slug": "alternaria", "dataset_management_url": "https://darwin.v7labs.com/datasets/538883/dataset-management"}, "item_id": "0183d477-5679-e000-0364-c41e26117a78", "team": {"name": "BioScout", "slug": "bioscout"}, "workview_url": "https://darwin.v7labs.com/workview?dataset=538883&item=0183d477-5679-e000-0364-c41e26117a78"}, "slots": [{"type": "image", "slot_name": "0", "width": 4064, "height": 3040, "thumbnail_url": "https://darwin.v7labs.com/api/v2/teams/bioscout/files/d2e6176b-6d31-4350-95cc-e6acbd9e96fa/thumbnail", "source_files": [{"file_name": "6105_88576836-6daa-419b-b2c6-f6d54131736b_2022_01_10.jpeg", "url": "https://darwin.v7labs.com/api/v2/teams/bioscout/uploads/34b5b961-c89a-4a71-8cbb-9db7908c3eb5"}]}]}, "annotations": [{"bounding_box": {"h": 248.0, "w": 288.0, "x": 220.0, "y": 400.0}, "id": "79d14afc-a332-4850-8ed5-598ee30b290d", "name": "Alternaria spp.", "slot_names": ["0"]}]}