{"version": "2.0", "schema_ref": "https://darwin-public.s3.eu-west-1.amazonaws.com/darwin_json_2_0.schema.json", "item": {"name": "6105_a21bf8d1-3143-4289-b03e-412998895df5_2022_01_28.jpeg", "path": "/", "source_info": {"dataset": {"name": "alternaria", "slug": "alternaria", "dataset_management_url": "https://darwin.v7labs.com/datasets/538883/dataset-management"}, "item_id": "0183d477-567e-3520-f49d-12c1641d619f", "team": {"name": "BioScout", "slug": "bioscout"}, "workview_url": "https://darwin.v7labs.com/workview?dataset=538883&item=0183d477-567e-3520-f49d-12c1641d619f"}, "slots": [{"type": "image", "slot_name": "0", "width": 4064, "height": 3040, "thumbnail_url": "https://darwin.v7labs.com/api/v2/teams/bioscout/files/4b724e47-7965-4bc2-ae57-6f46c4bf330b/thumbnail", "source_files": [{"file_name": "6105_a21bf8d1-3143-4289-b03e-412998895df5_2022_01_28.jpeg", "url": "https://darwin.v7labs.com/api/v2/teams/bioscout/uploads/f28e58cc-3bd2-4e0f-9ffd-1185177e7ff7"}]}]}, "annotations": [{"bounding_box": {"h": 96.0, "w": 280.0, "x": 2452.0, "y": 832.0}, "id": "82e6ab3f-15d1-4f47-a355-3d1862c6fb2c", "name": "Alternaria spp.", "slot_names": ["0"]}]}