{"version": "2.0", "schema_ref": "https://darwin-public.s3.eu-west-1.amazonaws.com/darwin_json_2_0.schema.json", "item": {"name": "6105_65e16dad-9fdb-4916-93c5-4dcba8bff202_2022_01_17.jpeg", "path": "/", "source_info": {"dataset": {"name": "alternaria", "slug": "alternaria", "dataset_management_url": "https://darwin.v7labs.com/datasets/538883/dataset-management"}, "item_id": "0183d477-567b-150e-ec33-e56cb661980a", "team": {"name": "BioScout", "slug": "bioscout"}, "workview_url": "https://darwin.v7labs.com/workview?dataset=538883&item=0183d477-567b-150e-ec33-e56cb661980a"}, "slots": [{"type": "image", "slot_name": "0", "width": 4064, "height": 3040, "thumbnail_url": "https://darwin.v7labs.com/api/v2/teams/bioscout/files/3916e0a4-6eea-4d3c-812c-ae82721f0f28/thumbnail", "source_files": [{"file_name": "6105_65e16dad-9fdb-4916-93c5-4dcba8bff202_2022_01_17.jpeg", "url": "https://darwin.v7labs.com/api/v2/teams/bioscout/uploads/879c2832-cc5e-4501-97be-72ead4bc7fe1"}]}]}, "annotations": [{"bounding_box": {"h": 161.0, "w": 256.0, "x": 3610.0, "y": 2443.0}, "id": "3cecfad4-20c0-45ca-bc22-b3b02b921969", "name": "Alternaria spp.", "slot_names": ["0"]}, {"bounding_box": {"h": 100.0, "w": 392.0, "x": 1584.0, "y": 152.0}, "id": "e2ae56b6-8b53-469e-87a4-173af3802a5c", "name": "Alternaria spp.", "slot_names": ["0"]}]}