{"version": "2.0", "schema_ref": "https://darwin-public.s3.eu-west-1.amazonaws.com/darwin_json_2_0.schema.json", "item": {"name": "6105_1f08c65e-a39f-4dea-ac10-0d217e922d3d_2022_01_22.jpeg", "path": "/", "source_info": {"dataset": {"name": "alternaria", "slug": "alternaria", "dataset_management_url": "https://darwin.v7labs.com/datasets/538883/dataset-management"}, "item_id": "0183d477-568b-e440-0687-3f44a024f0bd", "team": {"name": "BioScout", "slug": "bioscout"}, "workview_url": "https://darwin.v7labs.com/workview?dataset=538883&item=0183d477-568b-e440-0687-3f44a024f0bd"}, "slots": [{"type": "image", "slot_name": "0", "width": 4064, "height": 3040, "thumbnail_url": "https://darwin.v7labs.com/api/v2/teams/bioscout/files/d457dd37-9655-4e10-bb02-73bf58eef89b/thumbnail", "source_files": [{"file_name": "6105_1f08c65e-a39f-4dea-ac10-0d217e922d3d_2022_01_22.jpeg", "url": "https://darwin.v7labs.com/api/v2/teams/bioscout/uploads/a26ef39f-ea35-4a6e-944a-6e7d84eda684"}]}]}, "annotations": [{"bounding_box": {"h": 100.0, "w": 348.0, "x": 2008.0, "y": 656.0}, "id": "bc43dc9e-c0fa-4c2b-9b8a-e692472d6e01", "name": "Alternaria spp.", "slot_names": ["0"]}, {"bounding_box": {"h": 154.0, "w": 497.0, "x": 3565.0, "y": 331.0}, "id": "ad531e9e-4f3c-43f6-98bd-05233ad4c356", "name": "Alternaria spp.", "slot_names": ["0"]}]}