{"version": "2.0", "schema_ref": "https://darwin-public.s3.eu-west-1.amazonaws.com/darwin_json_2_0.schema.json", "item": {"name": "6105_a4063fe5-9067-48e5-8e12-2983a4340075_2022_01_18.jpeg", "path": "/", "source_info": {"dataset": {"name": "alternaria", "slug": "alternaria", "dataset_management_url": "https://darwin.v7labs.com/datasets/538883/dataset-management"}, "item_id": "0183d477-5678-ec8d-3743-dfdbafd56c8c", "team": {"name": "BioScout", "slug": "bioscout"}, "workview_url": "https://darwin.v7labs.com/workview?dataset=538883&item=0183d477-5678-ec8d-3743-dfdbafd56c8c"}, "slots": [{"type": "image", "slot_name": "0", "width": 4064, "height": 3040, "thumbnail_url": "https://darwin.v7labs.com/api/v2/teams/bioscout/files/df442f7e-7606-4b76-befa-cff9abbcdea3/thumbnail", "source_files": [{"file_name": "6105_a4063fe5-9067-48e5-8e12-2983a4340075_2022_01_18.jpeg", "url": "https://darwin.v7labs.com/api/v2/teams/bioscout/uploads/dde76655-7bad-49ef-9f35-6fee22d9a201"}]}]}, "annotations": [{"bounding_box": {"h": 368.0, "w": 256.0, "x": 548.0, "y": 1364.0}, "id": "f563bbc9-e255-4d23-884a-65f388befad8", "name": "Alternaria spp.", "slot_names": ["0"]}]}