{"version": "2.0", "schema_ref": "https://darwin-public.s3.eu-west-1.amazonaws.com/darwin_json_2_0.schema.json", "item": {"name": "6105_7ce12f5e-2dce-4271-9f66-064a1b48d723_2022_01_15.jpeg", "path": "/", "source_info": {"dataset": {"name": "alternaria", "slug": "alternaria", "dataset_management_url": "https://darwin.v7labs.com/datasets/538883/dataset-management"}, "item_id": "0183d477-5676-dbfc-8d11-fa66e79a6359", "team": {"name": "BioScout", "slug": "bioscout"}, "workview_url": "https://darwin.v7labs.com/workview?dataset=538883&item=0183d477-5676-dbfc-8d11-fa66e79a6359"}, "slots": [{"type": "image", "slot_name": "0", "width": 4064, "height": 3040, "thumbnail_url": "https://darwin.v7labs.com/api/v2/teams/bioscout/files/27b9d3a7-ff8b-44b9-8924-141bc2b06ca4/thumbnail", "source_files": [{"file_name": "6105_7ce12f5e-2dce-4271-9f66-064a1b48d723_2022_01_15.jpeg", "url": "https://darwin.v7labs.com/api/v2/teams/bioscout/uploads/cfd52635-b106-42a6-9646-8da1a201f652"}]}]}, "annotations": []}