{"version": "2.0", "schema_ref": "https://darwin-public.s3.eu-west-1.amazonaws.com/darwin_json_2_0.schema.json", "item": {"name": "6105_7aaa2a1c-1502-45eb-96d2-57df0fc22f19_2022_01_14.jpeg", "path": "/", "source_info": {"dataset": {"name": "alternaria", "slug": "alternaria", "dataset_management_url": "https://darwin.v7labs.com/datasets/538883/dataset-management"}, "item_id": "0183d477-602e-7aae-bf0f-a7eadea68298", "team": {"name": "BioScout", "slug": "bioscout"}, "workview_url": "https://darwin.v7labs.com/workview?dataset=538883&item=0183d477-602e-7aae-bf0f-a7eadea68298"}, "slots": [{"type": "image", "slot_name": "0", "width": 4064, "height": 3040, "thumbnail_url": "https://darwin.v7labs.com/api/v2/teams/bioscout/files/b11c2b2f-27df-40bc-aef1-f061ebf3f3aa/thumbnail", "source_files": [{"file_name": "6105_7aaa2a1c-1502-45eb-96d2-57df0fc22f19_2022_01_14.jpeg", "url": "https://darwin.v7labs.com/api/v2/teams/bioscout/uploads/debb8ec0-3ebe-4ff0-a9bb-d864d83d4a2f"}]}]}, "annotations": [{"bounding_box": {"h": 293.0, "w": 344.0, "x": 1610.0, "y": 1907.0}, "id": "d835d596-403f-4e38-abb6-077e7f91a5dd", "name": "Alternaria spp.", "slot_names": ["0"]}]}