{"version": "2.0", "schema_ref": "https://darwin-public.s3.eu-west-1.amazonaws.com/darwin_json_2_0.schema.json", "item": {"name": "6105_b51ba9e3-d162-40c3-b9cc-7c40f3cbcffc_2022_01_14.jpeg", "path": "/", "source_info": {"dataset": {"name": "alternaria", "slug": "alternaria", "dataset_management_url": "https://darwin.v7labs.com/datasets/538883/dataset-management"}, "item_id": "0183d477-568b-6348-6bbc-1a09743abaea", "team": {"name": "BioScout", "slug": "bioscout"}, "workview_url": "https://darwin.v7labs.com/workview?dataset=538883&item=0183d477-568b-6348-6bbc-1a09743abaea"}, "slots": [{"type": "image", "slot_name": "0", "width": 4064, "height": 3040, "thumbnail_url": "https://darwin.v7labs.com/api/v2/teams/bioscout/files/cc7cbe90-b4b4-4965-a628-60b8fabe9528/thumbnail", "source_files": [{"file_name": "6105_b51ba9e3-d162-40c3-b9cc-7c40f3cbcffc_2022_01_14.jpeg", "url": "https://darwin.v7labs.com/api/v2/teams/bioscout/uploads/440a16f5-4640-47f1-8170-704734da919e"}]}]}, "annotations": [{"bounding_box": {"h": 212.0, "w": 204.0, "x": 2632.0, "y": 484.0}, "id": "75663920-e7db-4afe-aa91-65fd740f3d3f", "name": "Alternaria spp.", "slot_names": ["0"]}, {"bounding_box": {"h": 296.0, "w": 375.0, "x": 1607.0, "y": 1157.0}, "id": "514f6dfa-b4ec-4b32-80e7-2fca688d8e15", "name": "Alternaria spp.", "slot_names": ["0"]}]}