{"version": "2.0", "schema_ref": "https://darwin-public.s3.eu-west-1.amazonaws.com/darwin_json_2_0.schema.json", "item": {"name": "6105_75f74e97-9c68-465b-907a-2d6f358e1f84_2022_01_20.jpeg", "path": "/", "source_info": {"dataset": {"name": "alternaria", "slug": "alternaria", "dataset_management_url": "https://darwin.v7labs.com/datasets/538883/dataset-management"}, "item_id": "0183d477-6027-de8a-c549-f4507f0456b6", "team": {"name": "BioScout", "slug": "bioscout"}, "workview_url": "https://darwin.v7labs.com/workview?dataset=538883&item=0183d477-6027-de8a-c549-f4507f0456b6"}, "slots": [{"type": "image", "slot_name": "0", "width": 4064, "height": 3040, "thumbnail_url": "https://darwin.v7labs.com/api/v2/teams/bioscout/files/0bcf0d35-f839-4b15-b5c8-fa1113a45b2c/thumbnail", "source_files": [{"file_name": "6105_75f74e97-9c68-465b-907a-2d6f358e1f84_2022_01_20.jpeg", "url": "https://darwin.v7labs.com/api/v2/teams/bioscout/uploads/90616ffe-5701-47c1-8bfb-6ede551cb92f"}]}]}, "annotations": [{"bounding_box": {"h": 256.0, "w": 468.0, "x": 2436.0, "y": 1004.0}, "id": "8b9ed918-c895-4c93-a899-f8f358ef645d", "name": "Alternaria spp.", "slot_names": ["0"]}]}