{"version": "2.0", "schema_ref": "https://darwin-public.s3.eu-west-1.amazonaws.com/darwin_json_2_0.schema.json", "item": {"name": "6105_5b0116e7-7ac7-43f7-bb16-aa249ecf2413_2022_01_20.jpeg", "path": "/", "source_info": {"dataset": {"name": "alternaria", "slug": "alternaria", "dataset_management_url": "https://darwin.v7labs.com/datasets/538883/dataset-management"}, "item_id": "0183d477-568b-081c-9957-e3ce3e4ecbcf", "team": {"name": "BioScout", "slug": "bioscout"}, "workview_url": "https://darwin.v7labs.com/workview?dataset=538883&item=0183d477-568b-081c-9957-e3ce3e4ecbcf"}, "slots": [{"type": "image", "slot_name": "0", "width": 4064, "height": 3040, "thumbnail_url": "https://darwin.v7labs.com/api/v2/teams/bioscout/files/4a49efa7-0abd-46d2-99c0-ffb5209d4333/thumbnail", "source_files": [{"file_name": "6105_5b0116e7-7ac7-43f7-bb16-aa249ecf2413_2022_01_20.jpeg", "url": "https://darwin.v7labs.com/api/v2/teams/bioscout/uploads/956db743-8b7e-4fbe-bc87-d7d646896efc"}]}]}, "annotations": [{"bounding_box": {"h": 216.0, "w": 64.0, "x": 2907.0, "y": 1693.0}, "id": "da81959f-a4a0-4efb-94ad-4a821f9e583c", "name": "Alternaria spp.", "slot_names": ["0"]}]}