{"version": "2.0", "schema_ref": "https://darwin-public.s3.eu-west-1.amazonaws.com/darwin_json_2_0.schema.json", "item": {"name": "6105_99c4e51d-966e-4338-91dd-5002cc777778_2022_01_18.jpeg", "path": "/", "source_info": {"dataset": {"name": "alternaria", "slug": "alternaria", "dataset_management_url": "https://darwin.v7labs.com/datasets/538883/dataset-management"}, "item_id": "0183d477-568a-2c33-110e-62bcf6321a58", "team": {"name": "BioScout", "slug": "bioscout"}, "workview_url": "https://darwin.v7labs.com/workview?dataset=538883&item=0183d477-568a-2c33-110e-62bcf6321a58"}, "slots": [{"type": "image", "slot_name": "0", "width": 4064, "height": 3040, "thumbnail_url": "https://darwin.v7labs.com/api/v2/teams/bioscout/files/ceca56a3-03ac-471e-8de5-4aa5fd42c6f4/thumbnail", "source_files": [{"file_name": "6105_99c4e51d-966e-4338-91dd-5002cc777778_2022_01_18.jpeg", "url": "https://darwin.v7labs.com/api/v2/teams/bioscout/uploads/2f131c50-2108-4022-abf9-4637cf8e2c01"}]}]}, "annotations": [{"bounding_box": {"h": 292.0, "w": 112.0, "x": 620.0, "y": 1000}, "id": "6702ad48-fe29-402c-a702-b5f708cf7d72", "name": "Alternaria spp.", "slot_names": ["0"]}]}