{"version": "2.0", "schema_ref": "https://darwin-public.s3.eu-west-1.amazonaws.com/darwin_json_2_0.schema.json", "item": {"name": "6105_bd49f6e0-ab22-4f3c-a0f7-bd75ca6d0300_2022_01_25.jpeg", "path": "/", "source_info": {"dataset": {"name": "alternaria", "slug": "alternaria", "dataset_management_url": "https://darwin.v7labs.com/datasets/538883/dataset-management"}, "item_id": "0183d477-5684-08f7-922e-5214f6151c87", "team": {"name": "BioScout", "slug": "bioscout"}, "workview_url": "https://darwin.v7labs.com/workview?dataset=538883&item=0183d477-5684-08f7-922e-5214f6151c87"}, "slots": [{"type": "image", "slot_name": "0", "width": 4064, "height": 3040, "thumbnail_url": "https://darwin.v7labs.com/api/v2/teams/bioscout/files/42d70644-5914-48a9-a39a-c2fb6d80e679/thumbnail", "source_files": [{"file_name": "6105_bd49f6e0-ab22-4f3c-a0f7-bd75ca6d0300_2022_01_25.jpeg", "url": "https://darwin.v7labs.com/api/v2/teams/bioscout/uploads/e4fe6316-cc68-4f2f-9562-22d3196dacbb"}]}]}, "annotations": [{"bounding_box": {"h": 256.0, "w": 100.0, "x": 2720.0, "y": 1792.0}, "id": "88056c94-fb95-4cd7-b229-d29a2d8f6206", "name": "Alternaria spp.", "slot_names": ["0"]}]}