{"version": "2.0", "schema_ref": "https://darwin-public.s3.eu-west-1.amazonaws.com/darwin_json_2_0.schema.json", "item": {"name": "6105_d46d7f8a-4738-4248-8acb-d7835182ca5c_2022_01_23.jpeg", "path": "/", "source_info": {"dataset": {"name": "alternaria", "slug": "alternaria", "dataset_management_url": "https://darwin.v7labs.com/datasets/538883/dataset-management"}, "item_id": "0183d477-567f-4b49-1060-6fbd59caf94b", "team": {"name": "BioScout", "slug": "bioscout"}, "workview_url": "https://darwin.v7labs.com/workview?dataset=538883&item=0183d477-567f-4b49-1060-6fbd59caf94b"}, "slots": [{"type": "image", "slot_name": "0", "width": 4064, "height": 3040, "thumbnail_url": "https://darwin.v7labs.com/api/v2/teams/bioscout/files/b159ad19-f13c-4092-9c6e-a36a459015c9/thumbnail", "source_files": [{"file_name": "6105_d46d7f8a-4738-4248-8acb-d7835182ca5c_2022_01_23.jpeg", "url": "https://darwin.v7labs.com/api/v2/teams/bioscout/uploads/366d99dc-791c-4484-8e2d-6db7e0e3c4f4"}]}]}, "annotations": []}