{"version": "2.0", "schema_ref": "https://darwin-public.s3.eu-west-1.amazonaws.com/darwin_json_2_0.schema.json", "item": {"name": "6105_16a0907f-ec19-4a8a-b1d5-f45075ff6707_2022_01_19.jpeg", "path": "/", "source_info": {"dataset": {"name": "alternaria", "slug": "alternaria", "dataset_management_url": "https://darwin.v7labs.com/datasets/538883/dataset-management"}, "item_id": "0183d477-5688-8120-304b-b1c5143b0e47", "team": {"name": "BioScout", "slug": "bioscout"}, "workview_url": "https://darwin.v7labs.com/workview?dataset=538883&item=0183d477-5688-8120-304b-b1c5143b0e47"}, "slots": [{"type": "image", "slot_name": "0", "width": 4064, "height": 3040, "thumbnail_url": "https://darwin.v7labs.com/api/v2/teams/bioscout/files/8821b758-c2da-41d8-a8ac-fe2c9b9b7e1a/thumbnail", "source_files": [{"file_name": "6105_16a0907f-ec19-4a8a-b1d5-f45075ff6707_2022_01_19.jpeg", "url": "https://darwin.v7labs.com/api/v2/teams/bioscout/uploads/bddb8a6d-983b-4853-b452-892b39ed776c"}]}]}, "annotations": []}