{"version": "2.0", "schema_ref": "https://darwin-public.s3.eu-west-1.amazonaws.com/darwin_json_2_0.schema.json", "item": {"name": "6105_401e7103-f1dd-478a-b432-4885f026fb53_2022_01_22.jpeg", "path": "/", "source_info": {"dataset": {"name": "alternaria", "slug": "alternaria", "dataset_management_url": "https://darwin.v7labs.com/datasets/538883/dataset-management"}, "item_id": "0183d477-602d-4311-e352-0ed49c860ea2", "team": {"name": "BioScout", "slug": "bioscout"}, "workview_url": "https://darwin.v7labs.com/workview?dataset=538883&item=0183d477-602d-4311-e352-0ed49c860ea2"}, "slots": [{"type": "image", "slot_name": "0", "width": 4064, "height": 3040, "thumbnail_url": "https://darwin.v7labs.com/api/v2/teams/bioscout/files/84720eb5-d4d4-444a-bcef-5e4123c100eb/thumbnail", "source_files": [{"file_name": "6105_401e7103-f1dd-478a-b432-4885f026fb53_2022_01_22.jpeg", "url": "https://darwin.v7labs.com/api/v2/teams/bioscout/uploads/2c93a11f-07cf-4331-8b7b-3ebdd392ae90"}]}]}, "annotations": [{"bounding_box": {"h": 200.0, "w": 404.0, "x": 1080.0, "y": 628.0}, "id": "7d273454-3a7b-4042-baad-4978c4d04865", "name": "Alternaria spp.", "slot_names": ["0"]}, {"bounding_box": {"h": 130.0, "w": 290.0, "x": 3553.0, "y": 653.0}, "id": "28733b63-7832-4b7f-95a9-931e702be57c", "name": "Alternaria spp.", "slot_names": ["0"]}]}