{"version": "2.0", "schema_ref": "https://darwin-public.s3.eu-west-1.amazonaws.com/darwin_json_2_0.schema.json", "item": {"name": "6105_46464f1c-0c7d-4cb8-9469-006911945cb5_2022_01_14.jpeg", "path": "/", "source_info": {"dataset": {"name": "alternaria", "slug": "alternaria", "dataset_management_url": "https://darwin.v7labs.com/datasets/538883/dataset-management"}, "item_id": "0183d477-5688-d914-4498-0650d8108f7d", "team": {"name": "BioScout", "slug": "bioscout"}, "workview_url": "https://darwin.v7labs.com/workview?dataset=538883&item=0183d477-5688-d914-4498-0650d8108f7d"}, "slots": [{"type": "image", "slot_name": "0", "width": 4064, "height": 3040, "thumbnail_url": "https://darwin.v7labs.com/api/v2/teams/bioscout/files/e39e5e89-af3f-470b-b013-b35459de0ff0/thumbnail", "source_files": [{"file_name": "6105_46464f1c-0c7d-4cb8-9469-006911945cb5_2022_01_14.jpeg", "url": "https://darwin.v7labs.com/api/v2/teams/bioscout/uploads/f9cdc105-97e7-4004-b1e3-a04e3b3d6d42"}]}]}, "annotations": [{"bounding_box": {"h": 164.0, "w": 192.0, "x": 2456.0, "y": 1112.0}, "id": "1d04156f-db65-4d48-9f60-dcf7f7ea5732", "name": "Alternaria spp.", "slot_names": ["0"]}]}