{"version": "2.0", "schema_ref": "https://darwin-public.s3.eu-west-1.amazonaws.com/darwin_json_2_0.schema.json", "item": {"name": "6105_9ff47c35-a945-4d0b-a70f-89796c6d70ea_2022_01_25.jpeg", "path": "/", "source_info": {"dataset": {"name": "alternaria", "slug": "alternaria", "dataset_management_url": "https://darwin.v7labs.com/datasets/538883/dataset-management"}, "item_id": "0183d477-602b-3eee-0cb1-211c2d131300", "team": {"name": "BioScout", "slug": "bioscout"}, "workview_url": "https://darwin.v7labs.com/workview?dataset=538883&item=0183d477-602b-3eee-0cb1-211c2d131300"}, "slots": [{"type": "image", "slot_name": "0", "width": 4064, "height": 3040, "thumbnail_url": "https://darwin.v7labs.com/api/v2/teams/bioscout/files/d17cc626-6ab0-48b9-ba69-6488c9036211/thumbnail", "source_files": [{"file_name": "6105_9ff47c35-a945-4d0b-a70f-89796c6d70ea_2022_01_25.jpeg", "url": "https://darwin.v7labs.com/api/v2/teams/bioscout/uploads/0050a81c-8aea-47c3-83fc-4a12b090adfb"}]}]}, "annotations": []}