{"version": "2.0", "schema_ref": "https://darwin-public.s3.eu-west-1.amazonaws.com/darwin_json_2_0.schema.json", "item": {"name": "6105_a52cfc74-a7af-4cd6-914f-7d35c21ae863_2022_01_02.jpeg", "path": "/", "source_info": {"dataset": {"name": "alternaria", "slug": "alternaria", "dataset_management_url": "https://darwin.v7labs.com/datasets/538883/dataset-management"}, "item_id": "0183d477-5680-3681-1915-51dffee9621d", "team": {"name": "BioScout", "slug": "bioscout"}, "workview_url": "https://darwin.v7labs.com/workview?dataset=538883&item=0183d477-5680-3681-1915-51dffee9621d"}, "slots": [{"type": "image", "slot_name": "0", "width": 4064, "height": 3040, "thumbnail_url": "https://darwin.v7labs.com/api/v2/teams/bioscout/files/89ed64f5-a42f-49a9-a478-f57e871e9ac7/thumbnail", "source_files": [{"file_name": "6105_a52cfc74-a7af-4cd6-914f-7d35c21ae863_2022_01_02.jpeg", "url": "https://darwin.v7labs.com/api/v2/teams/bioscout/uploads/303255a6-2cd8-4ad6-8851-f5ee45f9e0b3"}]}]}, "annotations": [{"bounding_box": {"h": 180.0, "w": 216.0, "x": 1888.0, "y": 80.0}, "id": "76e0f667-bfdb-46b6-84d5-988f065d725f", "name": "Alternaria spp.", "slot_names": ["0"]}]}