{"version": "2.0", "schema_ref": "https://darwin-public.s3.eu-west-1.amazonaws.com/darwin_json_2_0.schema.json", "item": {"name": "6105_1cbc5264-bc4a-4109-94bb-41a565e09ede_2022_01_26.jpeg", "path": "/", "source_info": {"dataset": {"name": "alternaria", "slug": "alternaria", "dataset_management_url": "https://darwin.v7labs.com/datasets/538883/dataset-management"}, "item_id": "0183d477-5679-40cf-45e1-1d836381a82d", "team": {"name": "BioScout", "slug": "bioscout"}, "workview_url": "https://darwin.v7labs.com/workview?dataset=538883&item=0183d477-5679-40cf-45e1-1d836381a82d"}, "slots": [{"type": "image", "slot_name": "0", "width": 4064, "height": 3040, "thumbnail_url": "https://darwin.v7labs.com/api/v2/teams/bioscout/files/a5546b32-467a-4d12-bf68-326420b998ed/thumbnail", "source_files": [{"file_name": "6105_1cbc5264-bc4a-4109-94bb-41a565e09ede_2022_01_26.jpeg", "url": "https://darwin.v7labs.com/api/v2/teams/bioscout/uploads/b7a4f3ce-44cd-4de1-8b18-eda6e0153694"}]}]}, "annotations": [{"bounding_box": {"h": 288.0, "w": 100.0, "x": 2452.0, "y": 1616.0}, "id": "b221d2c8-29c6-4fc1-aace-5739c777fa32", "name": "Alternaria spp.", "slot_names": ["0"]}]}