{"version": "2.0", "schema_ref": "https://darwin-public.s3.eu-west-1.amazonaws.com/darwin_json_2_0.schema.json", "item": {"name": "6105_7c3155fb-1477-4ad5-ba58-8d825fb19db9_2022_01_15.jpeg", "path": "/", "source_info": {"dataset": {"name": "alternaria", "slug": "alternaria", "dataset_management_url": "https://darwin.v7labs.com/datasets/538883/dataset-management"}, "item_id": "0183d477-5684-5544-1cda-9f6756e17a72", "team": {"name": "BioScout", "slug": "bioscout"}, "workview_url": "https://darwin.v7labs.com/workview?dataset=538883&item=0183d477-5684-5544-1cda-9f6756e17a72"}, "slots": [{"type": "image", "slot_name": "0", "width": 4064, "height": 3040, "thumbnail_url": "https://darwin.v7labs.com/api/v2/teams/bioscout/files/b82222d0-62f8-4f58-9917-353911f007ae/thumbnail", "source_files": [{"file_name": "6105_7c3155fb-1477-4ad5-ba58-8d825fb19db9_2022_01_15.jpeg", "url": "https://darwin.v7labs.com/api/v2/teams/bioscout/uploads/d804b2d4-47d5-4cb2-8a27-c1267f0be73f"}]}]}, "annotations": [{"bounding_box": {"h": 147.0, "w": 323.0, "x": 1489.0, "y": 1827.0}, "id": "d0dce5aa-c50c-4760-9b85-42c0924e2167", "name": "Alternaria spp.", "slot_names": ["0"]}, {"bounding_box": {"h": 271.0, "w": 248.0, "x": 2190.0, "y": 795.0}, "id": "e72e4c1d-1df9-4b46-905e-9c55c32d65e4", "name": "Alternaria spp.", "slot_names": ["0"]}, {"bounding_box": {"h": 256.0, "w": 94.0, "x": 1408.0, "y": 1417.0}, "id": "bb888805-3ada-4fb4-bce2-ad3c288e3101", "name": "Alternaria spp.", "slot_names": ["0"]}, {"bounding_box": {"h": 283.0, "w": 149.0, "x": 1325.0, "y": 1152.0}, "id": "2dee065d-89a0-4b9c-8242-6fa29ceafc87", "name": "Alternaria spp.", "slot_names": ["0"]}]}