{"version": "2.0", "schema_ref": "https://darwin-public.s3.eu-west-1.amazonaws.com/darwin_json_2_0.schema.json", "item": {"name": "6105_76db0efb-b906-4b4d-a1bd-eb759c32b95e_2022_01_15.jpeg", "path": "/", "source_info": {"dataset": {"name": "alternaria", "slug": "alternaria", "dataset_management_url": "https://darwin.v7labs.com/datasets/538883/dataset-management"}, "item_id": "0183d477-602f-d6aa-6eef-7df8d2083914", "team": {"name": "BioScout", "slug": "bioscout"}, "workview_url": "https://darwin.v7labs.com/workview?dataset=538883&item=0183d477-602f-d6aa-6eef-7df8d2083914"}, "slots": [{"type": "image", "slot_name": "0", "width": 4064, "height": 3040, "thumbnail_url": "https://darwin.v7labs.com/api/v2/teams/bioscout/files/d20ab06f-c766-4d26-b8fa-4146ad78f3c1/thumbnail", "source_files": [{"file_name": "6105_76db0efb-b906-4b4d-a1bd-eb759c32b95e_2022_01_15.jpeg", "url": "https://darwin.v7labs.com/api/v2/teams/bioscout/uploads/c248ce97-3864-4151-b728-f146652b577e"}]}]}, "annotations": [{"bounding_box": {"h": 128.0, "w": 328.0, "x": 3359.0, "y": 695.0}, "id": "6222dead-834e-4aec-b842-3c0707bc0015", "name": "Alternaria spp.", "slot_names": ["0"]}]}