{"version": "2.0", "schema_ref": "https://darwin-public.s3.eu-west-1.amazonaws.com/darwin_json_2_0.schema.json", "item": {"name": "6105_32a2238f-b6dd-447b-80b9-72cd794e9457_2022_01_15.jpeg", "path": "/", "source_info": {"dataset": {"name": "alternaria", "slug": "alternaria", "dataset_management_url": "https://darwin.v7labs.com/datasets/538883/dataset-management"}, "item_id": "0183d477-6024-604c-8701-134d9466feb0", "team": {"name": "BioScout", "slug": "bioscout"}, "workview_url": "https://darwin.v7labs.com/workview?dataset=538883&item=0183d477-6024-604c-8701-134d9466feb0"}, "slots": [{"type": "image", "slot_name": "0", "width": 4064, "height": 3040, "thumbnail_url": "https://darwin.v7labs.com/api/v2/teams/bioscout/files/8e119726-e42c-4a94-956e-142c760135de/thumbnail", "source_files": [{"file_name": "6105_32a2238f-b6dd-447b-80b9-72cd794e9457_2022_01_15.jpeg", "url": "https://darwin.v7labs.com/api/v2/teams/bioscout/uploads/f319e57e-35d9-4915-b1b9-13fb8608364e"}]}]}, "annotations": [{"bounding_box": {"h": 120.0, "w": 400.0, "x": 1604.0, "y": 1248.0}, "id": "2c3b4292-e78b-4f9d-b587-2c282b7879fc", "name": "Alternaria spp.", "slot_names": ["0"]}]}