{"version": "2.0", "schema_ref": "https://darwin-public.s3.eu-west-1.amazonaws.com/darwin_json_2_0.schema.json", "item": {"name": "6105_6baa9853-ff45-43d0-85c7-ee45bbc40e9f_2022_01_10.jpeg", "path": "/", "source_info": {"dataset": {"name": "alternaria", "slug": "alternaria", "dataset_management_url": "https://darwin.v7labs.com/datasets/538883/dataset-management"}, "item_id": "0183d477-567b-4d8c-6a40-21aa80ea6147", "team": {"name": "BioScout", "slug": "bioscout"}, "workview_url": "https://darwin.v7labs.com/workview?dataset=538883&item=0183d477-567b-4d8c-6a40-21aa80ea6147"}, "slots": [{"type": "image", "slot_name": "0", "width": 4064, "height": 3040, "thumbnail_url": "https://darwin.v7labs.com/api/v2/teams/bioscout/files/c2d8ae14-44db-4edd-aa17-4c71188beaa6/thumbnail", "source_files": [{"file_name": "6105_6baa9853-ff45-43d0-85c7-ee45bbc40e9f_2022_01_10.jpeg", "url": "https://darwin.v7labs.com/api/v2/teams/bioscout/uploads/d2d2f541-21ed-4c7e-93bf-9a268730fb86"}]}]}, "annotations": [{"bounding_box": {"h": 116.0, "w": 332.0, "x": 1100, "y": 32.0}, "id": "9fa3b783-5f61-4fd4-8057-f1c31aeff32a", "name": "Alternaria spp.", "slot_names": ["0"]}]}