{"version": "2.0", "schema_ref": "https://darwin-public.s3.eu-west-1.amazonaws.com/darwin_json_2_0.schema.json", "item": {"name": "6105_b11293aa-3d9e-448e-9d6f-078df746394f_2022_01_08.jpeg", "path": "/", "source_info": {"dataset": {"name": "alternaria", "slug": "alternaria", "dataset_management_url": "https://darwin.v7labs.com/datasets/538883/dataset-management"}, "item_id": "0183d477-5686-e0f7-41bb-5250ca95fac7", "team": {"name": "BioScout", "slug": "bioscout"}, "workview_url": "https://darwin.v7labs.com/workview?dataset=538883&item=0183d477-5686-e0f7-41bb-5250ca95fac7"}, "slots": [{"type": "image", "slot_name": "0", "width": 4064, "height": 3040, "thumbnail_url": "https://darwin.v7labs.com/api/v2/teams/bioscout/files/bb0c5783-4b5c-4936-9280-21f45f05f640/thumbnail", "source_files": [{"file_name": "6105_b11293aa-3d9e-448e-9d6f-078df746394f_2022_01_08.jpeg", "url": "https://darwin.v7labs.com/api/v2/teams/bioscout/uploads/83473807-cacc-40ef-a329-dcbaebfb0e49"}]}]}, "annotations": [{"bounding_box": {"h": 138.0, "w": 281.0, "x": 22.0, "y": 2145.0}, "id": "9c353248-8603-4f2c-8523-2c06a7c780e2", "name": "Alternaria spp.", "slot_names": ["0"]}]}