{"version": "2.0", "schema_ref": "https://darwin-public.s3.eu-west-1.amazonaws.com/darwin_json_2_0.schema.json", "item": {"name": "6105_0a9c49f8-1093-42fa-a691-0068e769aa0a_2022_01_17.jpeg", "path": "/", "source_info": {"dataset": {"name": "alternaria", "slug": "alternaria", "dataset_management_url": "https://darwin.v7labs.com/datasets/538883/dataset-management"}, "item_id": "0183d477-568b-1c89-880c-1871b8e52d1b", "team": {"name": "BioScout", "slug": "bioscout"}, "workview_url": "https://darwin.v7labs.com/workview?dataset=538883&item=0183d477-568b-1c89-880c-1871b8e52d1b"}, "slots": [{"type": "image", "slot_name": "0", "width": 4064, "height": 3040, "thumbnail_url": "https://darwin.v7labs.com/api/v2/teams/bioscout/files/9520bac5-2c74-4258-a60c-52605c92001b/thumbnail", "source_files": [{"file_name": "6105_0a9c49f8-1093-42fa-a691-0068e769aa0a_2022_01_17.jpeg", "url": "https://darwin.v7labs.com/api/v2/teams/bioscout/uploads/76f6b5a3-7215-4f54-96ec-b2481b0dc935"}]}]}, "annotations": [{"bounding_box": {"h": 154.0, "w": 384.0, "x": 0.0, "y": 2227.0}, "id": "85155931-d6bf-4c01-ad3c-0ee45cda5d67", "name": "Alternaria spp.", "slot_names": ["0"]}, {"bounding_box": {"h": 300.0, "w": 164.0, "x": 972.0, "y": 1696.0}, "id": "c719340a-6098-40f8-89d9-623128187f5a", "name": "Alternaria spp.", "slot_names": ["0"]}, {"bounding_box": {"h": 264.0, "w": 136.0, "x": 648.0, "y": 1220.0}, "id": "770fd49b-278f-4732-b0c1-b965dfe2089c", "name": "Alternaria spp.", "slot_names": ["0"]}]}