{"version": "2.0", "schema_ref": "https://darwin-public.s3.eu-west-1.amazonaws.com/darwin_json_2_0.schema.json", "item": {"name": "6105_9a9153e5-1abd-4662-9f0b-9f3a39cf9bbd_2022_01_10.jpeg", "path": "/", "source_info": {"dataset": {"name": "alternaria", "slug": "alternaria", "dataset_management_url": "https://darwin.v7labs.com/datasets/538883/dataset-management"}, "item_id": "0183d477-5683-443e-52e3-fad6e7dce3f9", "team": {"name": "BioScout", "slug": "bioscout"}, "workview_url": "https://darwin.v7labs.com/workview?dataset=538883&item=0183d477-5683-443e-52e3-fad6e7dce3f9"}, "slots": [{"type": "image", "slot_name": "0", "width": 4064, "height": 3040, "thumbnail_url": "https://darwin.v7labs.com/api/v2/teams/bioscout/files/b686b0dc-7239-4939-b6fc-374f1bf37f62/thumbnail", "source_files": [{"file_name": "6105_9a9153e5-1abd-4662-9f0b-9f3a39cf9bbd_2022_01_10.jpeg", "url": "https://darwin.v7labs.com/api/v2/teams/bioscout/uploads/0fe53700-4435-4398-86e1-24ec79c40529"}]}]}, "annotations": [{"bounding_box": {"h": 116.0, "w": 332.0, "x": 2728.0, "y": 1452.0}, "id": "59c408b0-6641-41ef-88cc-fdffbef8b639", "name": "Alternaria spp.", "slot_names": ["0"]}]}