{"version": "2.0", "schema_ref": "https://darwin-public.s3.eu-west-1.amazonaws.com/darwin_json_2_0.schema.json", "item": {"name": "6105_be00e552-2958-479b-b50c-a10fbe006893_2022_01_19.jpeg", "path": "/", "source_info": {"dataset": {"name": "alternaria", "slug": "alternaria", "dataset_management_url": "https://darwin.v7labs.com/datasets/538883/dataset-management"}, "item_id": "0183d477-5684-8826-7591-7450f1b65f04", "team": {"name": "BioScout", "slug": "bioscout"}, "workview_url": "https://darwin.v7labs.com/workview?dataset=538883&item=0183d477-5684-8826-7591-7450f1b65f04"}, "slots": [{"type": "image", "slot_name": "0", "width": 4064, "height": 3040, "thumbnail_url": "https://darwin.v7labs.com/api/v2/teams/bioscout/files/c3da176d-cea4-49a4-be96-83dc9d683e2f/thumbnail", "source_files": [{"file_name": "6105_be00e552-2958-479b-b50c-a10fbe006893_2022_01_19.jpeg", "url": "https://darwin.v7labs.com/api/v2/teams/bioscout/uploads/f904cc73-1b33-4fe1-a0bd-910388333bc3"}]}]}, "annotations": [{"bounding_box": {"h": 150.0, "w": 523.0, "x": 786.0, "y": 2276.0}, "id": "9e97ae13-6942-4933-921e-86696bd305f9", "name": "Alternaria spp.", "slot_names": ["0"]}, {"bounding_box": {"h": 315.0, "w": 260.0, "x": 364.0, "y": 1364.0}, "id": "fca9ac34-fb0d-4fb7-b920-f25be279bf04", "name": "Alternaria spp.", "slot_names": ["0"]}]}