{"version": "2.0", "schema_ref": "https://darwin-public.s3.eu-west-1.amazonaws.com/darwin_json_2_0.schema.json", "item": {"name": "6105_f3a1420b-befd-47a6-b80d-e9198c904f91_2022_01_28.jpeg", "path": "/", "source_info": {"dataset": {"name": "alternaria", "slug": "alternaria", "dataset_management_url": "https://darwin.v7labs.com/datasets/538883/dataset-management"}, "item_id": "0183d477-602d-2a48-4f99-7253e42bcac9", "team": {"name": "BioScout", "slug": "bioscout"}, "workview_url": "https://darwin.v7labs.com/workview?dataset=538883&item=0183d477-602d-2a48-4f99-7253e42bcac9"}, "slots": [{"type": "image", "slot_name": "0", "width": 4064, "height": 3040, "thumbnail_url": "https://darwin.v7labs.com/api/v2/teams/bioscout/files/ac59c45e-0fcb-4fba-89e4-a7b7825ab006/thumbnail", "source_files": [{"file_name": "6105_f3a1420b-befd-47a6-b80d-e9198c904f91_2022_01_28.jpeg", "url": "https://darwin.v7labs.com/api/v2/teams/bioscout/uploads/e403e0c0-c2f0-4652-9da7-05d571dd8664"}]}]}, "annotations": [{"bounding_box": {"h": 241.0, "w": 80.0, "x": 1316.0, "y": 2485.0}, "id": "28d97e35-6eff-4efe-89f8-76e642698ce8", "name": "Alternaria spp.", "slot_names": ["0"]}]}