{"version": "2.0", "schema_ref": "https://darwin-public.s3.eu-west-1.amazonaws.com/darwin_json_2_0.schema.json", "item": {"name": "6105_17b936de-fa90-4293-bc71-f6e0e8b04fe6_2022_01_26.jpeg", "path": "/", "source_info": {"dataset": {"name": "alternaria", "slug": "alternaria", "dataset_management_url": "https://darwin.v7labs.com/datasets/538883/dataset-management"}, "item_id": "0183d477-5678-ddc9-3934-e3980811b5ae", "team": {"name": "BioScout", "slug": "bioscout"}, "workview_url": "https://darwin.v7labs.com/workview?dataset=538883&item=0183d477-5678-ddc9-3934-e3980811b5ae"}, "slots": [{"type": "image", "slot_name": "0", "width": 4064, "height": 3040, "thumbnail_url": "https://darwin.v7labs.com/api/v2/teams/bioscout/files/fec7d2ed-c3d7-405c-8203-d9eee1313697/thumbnail", "source_files": [{"file_name": "6105_17b936de-fa90-4293-bc71-f6e0e8b04fe6_2022_01_26.jpeg", "url": "https://darwin.v7labs.com/api/v2/teams/bioscout/uploads/938a292f-b2b3-4309-a0a0-f3e05642cd61"}]}]}, "annotations": [{"bounding_box": {"h": 95.0, "w": 596.0, "x": 1986.0, "y": 663.0}, "id": "060c5988-0fac-460d-a214-94a34a1a3ccf", "name": "Alternaria spp.", "slot_names": ["0"]}]}