{"version": "2.0", "schema_ref": "https://darwin-public.s3.eu-west-1.amazonaws.com/darwin_json_2_0.schema.json", "item": {"name": "6105_5be59c9f-4f9b-4eab-8175-44bb830a4ee5_2022_01_18.jpeg", "path": "/", "source_info": {"dataset": {"name": "alternaria", "slug": "alternaria", "dataset_management_url": "https://darwin.v7labs.com/datasets/538883/dataset-management"}, "item_id": "0183d477-6031-2c6b-6977-4ea6d49872cb", "team": {"name": "BioScout", "slug": "bioscout"}, "workview_url": "https://darwin.v7labs.com/workview?dataset=538883&item=0183d477-6031-2c6b-6977-4ea6d49872cb"}, "slots": [{"type": "image", "slot_name": "0", "width": 4064, "height": 3040, "thumbnail_url": "https://darwin.v7labs.com/api/v2/teams/bioscout/files/ebf3d186-38db-4ed5-ac41-75fcd7ff1ea9/thumbnail", "source_files": [{"file_name": "6105_5be59c9f-4f9b-4eab-8175-44bb830a4ee5_2022_01_18.jpeg", "url": "https://darwin.v7labs.com/api/v2/teams/bioscout/uploads/49d1bc3a-5928-4331-babf-13cab400c537"}]}]}, "annotations": [{"bounding_box": {"h": 112.0, "w": 308.0, "x": 2240.0, "y": 2681.0}, "id": "efccc13e-ad7a-455c-9324-d35266636f07", "name": "Alternaria spp.", "slot_names": ["0"]}, {"bounding_box": {"h": 103.0, "w": 336.0, "x": 968.0, "y": 1811.0}, "id": "00871aef-8bb8-47fe-9425-4491e0a9a99e", "name": "Alternaria spp.", "slot_names": ["0"]}]}