{"version": "2.0", "schema_ref": "https://darwin-public.s3.eu-west-1.amazonaws.com/darwin_json_2_0.schema.json", "item": {"name": "6105_c751bfc3-7d0f-4062-8cfc-a9d7ac6d07ac_2022_01_17.jpeg", "path": "/", "source_info": {"dataset": {"name": "alternaria", "slug": "alternaria", "dataset_management_url": "https://darwin.v7labs.com/datasets/538883/dataset-management"}, "item_id": "0183d477-5680-0240-9df5-734dffb9cc10", "team": {"name": "BioScout", "slug": "bioscout"}, "workview_url": "https://darwin.v7labs.com/workview?dataset=538883&item=0183d477-5680-0240-9df5-734dffb9cc10"}, "slots": [{"type": "image", "slot_name": "0", "width": 4064, "height": 3040, "thumbnail_url": "https://darwin.v7labs.com/api/v2/teams/bioscout/files/047843c7-a829-4cbf-9e3b-6e4d8e327025/thumbnail", "source_files": [{"file_name": "6105_c751bfc3-7d0f-4062-8cfc-a9d7ac6d07ac_2022_01_17.jpeg", "url": "https://darwin.v7labs.com/api/v2/teams/bioscout/uploads/1b22163f-9e5b-4f2e-92a2-c919d76bdf0b"}]}]}, "annotations": [{"bounding_box": {"h": 124.0, "w": 132.0, "x": 1936.0, "y": 940.0}, "id": "513aea07-4e29-4566-ada6-9105eea890a0", "name": "Alternaria spp.", "slot_names": ["0"]}, {"bounding_box": {"h": 252.0, "w": 388.0, "x": 2104.0, "y": 628.0}, "id": "c04b8c47-107e-469e-848b-5d6609a60c76", "name": "Alternaria spp.", "slot_names": ["0"]}, {"bounding_box": {"h": 185.0, "w": 112.0, "x": 1384.0, "y": 1932.0}, "id": "026099cd-cbb5-4745-a8e4-b68eb5f5af81", "name": "Alternaria spp.", "slot_names": ["0"]}]}