{"version": "2.0", "schema_ref": "https://darwin-public.s3.eu-west-1.amazonaws.com/darwin_json_2_0.schema.json", "item": {"name": "6105_e1d939f2-0cf4-4e98-aee2-61f6db1b7aac_2022_01_17.jpeg", "path": "/", "source_info": {"dataset": {"name": "alternaria", "slug": "alternaria", "dataset_management_url": "https://darwin.v7labs.com/datasets/538883/dataset-management"}, "item_id": "0183d477-5680-579e-3420-34ad4487d210", "team": {"name": "BioScout", "slug": "bioscout"}, "workview_url": "https://darwin.v7labs.com/workview?dataset=538883&item=0183d477-5680-579e-3420-34ad4487d210"}, "slots": [{"type": "image", "slot_name": "0", "width": 4064, "height": 3040, "thumbnail_url": "https://darwin.v7labs.com/api/v2/teams/bioscout/files/18fcc4b6-dac3-406d-8cc2-7954838d2b05/thumbnail", "source_files": [{"file_name": "6105_e1d939f2-0cf4-4e98-aee2-61f6db1b7aac_2022_01_17.jpeg", "url": "https://darwin.v7labs.com/api/v2/teams/bioscout/uploads/4f042e9f-9cfb-4b05-b739-e040e89798e7"}]}]}, "annotations": [{"bounding_box": {"h": 156.0, "w": 320.0, "x": 24.0, "y": 1160.0}, "id": "2d57f0a7-2b26-4eef-886f-f2be4bf18d56", "name": "Alternaria spp.", "slot_names": ["0"]}, {"bounding_box": {"h": 231.0, "w": 272.0, "x": 178.0, "y": 1343.0}, "id": "cf3fdd4a-f431-4bdd-b0fc-06415746471f", "name": "Alternaria spp.", "slot_names": ["0"]}, {"bounding_box": {"h": 418.0, "w": 183.0, "x": 484.0, "y": 1334.0}, "id": "bf139f6c-c153-427e-b79e-647f2cbdf5ff", "name": "Alternaria spp.", "slot_names": ["0"]}]}