{"version": "2.0", "schema_ref": "https://darwin-public.s3.eu-west-1.amazonaws.com/darwin_json_2_0.schema.json", "item": {"name": "6105_34af6e30-7140-47bb-915d-2d05592abf81_2022_01_16.jpeg", "path": "/", "source_info": {"dataset": {"name": "alternaria", "slug": "alternaria", "dataset_management_url": "https://darwin.v7labs.com/datasets/538883/dataset-management"}, "item_id": "0183d477-602a-eba8-d599-5a8a97c1066b", "team": {"name": "BioScout", "slug": "bioscout"}, "workview_url": "https://darwin.v7labs.com/workview?dataset=538883&item=0183d477-602a-eba8-d599-5a8a97c1066b"}, "slots": [{"type": "image", "slot_name": "0", "width": 4064, "height": 3040, "thumbnail_url": "https://darwin.v7labs.com/api/v2/teams/bioscout/files/65260b40-55e4-4948-9cbb-b0290eb874a1/thumbnail", "source_files": [{"file_name": "6105_34af6e30-7140-47bb-915d-2d05592abf81_2022_01_16.jpeg", "url": "https://darwin.v7labs.com/api/v2/teams/bioscout/uploads/3c1eb39b-fb9a-41a6-97fc-875fefdfe018"}]}]}, "annotations": [{"bounding_box": {"h": 112.0, "w": 336.0, "x": 1728.0, "y": 412.0}, "id": "7572e000-5dc2-4f58-b378-506668e26f93", "name": "Alternaria spp.", "slot_names": ["0"]}]}