{"version": "2.0", "schema_ref": "https://darwin-public.s3.eu-west-1.amazonaws.com/darwin_json_2_0.schema.json", "item": {"name": "6105_9e1b0442-469c-4d0b-a8a1-66a37f380ac7_2022_01_15.jpeg", "path": "/", "source_info": {"dataset": {"name": "alternaria", "slug": "alternaria", "dataset_management_url": "https://darwin.v7labs.com/datasets/538883/dataset-management"}, "item_id": "0183d477-5686-1976-3060-b91557d6a4de", "team": {"name": "BioScout", "slug": "bioscout"}, "workview_url": "https://darwin.v7labs.com/workview?dataset=538883&item=0183d477-5686-1976-3060-b91557d6a4de"}, "slots": [{"type": "image", "slot_name": "0", "width": 4064, "height": 3040, "thumbnail_url": "https://darwin.v7labs.com/api/v2/teams/bioscout/files/eb331653-dd11-4a43-9776-537c21c68576/thumbnail", "source_files": [{"file_name": "6105_9e1b0442-469c-4d0b-a8a1-66a37f380ac7_2022_01_15.jpeg", "url": "https://darwin.v7labs.com/api/v2/teams/bioscout/uploads/273e38bc-efca-46ee-8042-f291f1905c14"}]}]}, "annotations": [{"bounding_box": {"h": 120.0, "w": 376.0, "x": 448.0, "y": 1672.0}, "id": "63430dc0-ccf8-4eaa-946d-52d0c1dcb57d", "name": "Alternaria spp.", "slot_names": ["0"]}]}