{"version": "2.0", "schema_ref": "https://darwin-public.s3.eu-west-1.amazonaws.com/darwin_json_2_0.schema.json", "item": {"name": "6105_4b0274c9-b98c-4bb8-9525-8398d650b1c7_2022_01_22.jpeg", "path": "/", "source_info": {"dataset": {"name": "alternaria", "slug": "alternaria", "dataset_management_url": "https://darwin.v7labs.com/datasets/538883/dataset-management"}, "item_id": "0183d477-6030-4a2d-cc59-f066ab7493a8", "team": {"name": "BioScout", "slug": "bioscout"}, "workview_url": "https://darwin.v7labs.com/workview?dataset=538883&item=0183d477-6030-4a2d-cc59-f066ab7493a8"}, "slots": [{"type": "image", "slot_name": "0", "width": 4064, "height": 3040, "thumbnail_url": "https://darwin.v7labs.com/api/v2/teams/bioscout/files/540b907d-d94b-4382-8f48-e2bf4e5d4c2a/thumbnail", "source_files": [{"file_name": "6105_4b0274c9-b98c-4bb8-9525-8398d650b1c7_2022_01_22.jpeg", "url": "https://darwin.v7labs.com/api/v2/teams/bioscout/uploads/3d6105b5-f727-4e15-b14a-c8cdac0c8660"}]}]}, "annotations": [{"bounding_box": {"h": 128.0, "w": 348.0, "x": 1824.0, "y": 1892.0}, "id": "079d5768-5f6d-45df-88eb-686575aa6cc9", "name": "Alternaria spp.", "slot_names": ["0"]}]}