{"version": "2.0", "schema_ref": "https://darwin-public.s3.eu-west-1.amazonaws.com/darwin_json_2_0.schema.json", "item": {"name": "6105_f64e538a-c923-4a03-84ce-bfbdb7e424e6_2022_01_20.jpeg", "path": "/", "source_info": {"dataset": {"name": "alternaria", "slug": "alternaria", "dataset_management_url": "https://darwin.v7labs.com/datasets/538883/dataset-management"}, "item_id": "0183d477-602f-9967-851b-99e38202f237", "team": {"name": "BioScout", "slug": "bioscout"}, "workview_url": "https://darwin.v7labs.com/workview?dataset=538883&item=0183d477-602f-9967-851b-99e38202f237"}, "slots": [{"type": "image", "slot_name": "0", "width": 4064, "height": 3040, "thumbnail_url": "https://darwin.v7labs.com/api/v2/teams/bioscout/files/3e6c9a3b-47f7-47a9-9417-f148e9370d51/thumbnail", "source_files": [{"file_name": "6105_f64e538a-c923-4a03-84ce-bfbdb7e424e6_2022_01_20.jpeg", "url": "https://darwin.v7labs.com/api/v2/teams/bioscout/uploads/2e306eab-3c00-488a-ab61-9989a0b41c45"}]}]}, "annotations": [{"bounding_box": {"h": 239.0, "w": 177.0, "x": 541.0, "y": 2291.0}, "id": "6c74dada-c54f-4a4c-8d08-e70b9998b61e", "name": "Alternaria spp.", "slot_names": ["0"]}, {"bounding_box": {"h": 220.0, "w": 228.0, "x": 2512.0, "y": 820.0}, "id": "e6813b35-7968-437c-be29-30bab6f6e691", "name": "Alternaria spp.", "slot_names": ["0"]}]}