{"version": "2.0", "schema_ref": "https://darwin-public.s3.eu-west-1.amazonaws.com/darwin_json_2_0.schema.json", "item": {"name": "6105_d80daef3-961b-4056-8415-a93974bc59dd_2022_01_17.jpeg", "path": "/", "source_info": {"dataset": {"name": "alternaria", "slug": "alternaria", "dataset_management_url": "https://darwin.v7labs.com/datasets/538883/dataset-management"}, "item_id": "0183d477-602f-22bd-516e-e68a0da1ff4b", "team": {"name": "BioScout", "slug": "bioscout"}, "workview_url": "https://darwin.v7labs.com/workview?dataset=538883&item=0183d477-602f-22bd-516e-e68a0da1ff4b"}, "slots": [{"type": "image", "slot_name": "0", "width": 4064, "height": 3040, "thumbnail_url": "https://darwin.v7labs.com/api/v2/teams/bioscout/files/09c2b433-4ef2-4c43-8c10-932485bf83a1/thumbnail", "source_files": [{"file_name": "6105_d80daef3-961b-4056-8415-a93974bc59dd_2022_01_17.jpeg", "url": "https://darwin.v7labs.com/api/v2/teams/bioscout/uploads/f11c8bf5-4067-467e-a35a-cd0b2ae713de"}]}]}, "annotations": [{"bounding_box": {"h": 132.0, "w": 408.0, "x": 1580.0, "y": 1348.0}, "id": "162a168a-55e0-474b-90aa-90eefb06e3d7", "name": "Alternaria spp.", "slot_names": ["0"]}, {"bounding_box": {"h": 192.0, "w": 348.0, "x": 140.0, "y": 1356.0}, "id": "3fa9cfc1-113d-4241-abd6-021735b8c1a4", "name": "Alternaria spp.", "slot_names": ["0"]}, {"bounding_box": {"h": 168.0, "w": 240.0, "x": 700.0, "y": 740.0}, "id": "b2074e7e-9bdc-433e-8a5e-ac65f86c1d3c", "name": "Alternaria spp.", "slot_names": ["0"]}]}