{"version": "2.0", "schema_ref": "https://darwin-public.s3.eu-west-1.amazonaws.com/darwin_json_2_0.schema.json", "item": {"name": "6105_b2cb9347-e259-44b0-b115-b36dbbac2da1_2022_01_22.jpeg", "path": "/", "source_info": {"dataset": {"name": "alternaria", "slug": "alternaria", "dataset_management_url": "https://darwin.v7labs.com/datasets/538883/dataset-management"}, "item_id": "0183d477-5681-f5e6-11c1-f96fc1c32453", "team": {"name": "BioScout", "slug": "bioscout"}, "workview_url": "https://darwin.v7labs.com/workview?dataset=538883&item=0183d477-5681-f5e6-11c1-f96fc1c32453"}, "slots": [{"type": "image", "slot_name": "0", "width": 4064, "height": 3040, "thumbnail_url": "https://darwin.v7labs.com/api/v2/teams/bioscout/files/83fc8824-d761-4ca9-a1aa-11297671e413/thumbnail", "source_files": [{"file_name": "6105_b2cb9347-e259-44b0-b115-b36dbbac2da1_2022_01_22.jpeg", "url": "https://darwin.v7labs.com/api/v2/teams/bioscout/uploads/d24fe507-d639-443b-a64d-fd8fec326569"}]}]}, "annotations": [{"bounding_box": {"h": 112.0, "w": 392.0, "x": 1488.0, "y": 524.0}, "id": "e7c818e2-f723-4cbe-86ab-e438b1cccf79", "name": "Alternaria spp.", "slot_names": ["0"]}]}