{"version": "2.0", "schema_ref": "https://darwin-public.s3.eu-west-1.amazonaws.com/darwin_json_2_0.schema.json", "item": {"name": "6105_003808c3-b16f-4904-bab6-a5229a5e7f82_2022_01_02.jpeg", "path": "/", "source_info": {"dataset": {"name": "alternaria", "slug": "alternaria", "dataset_management_url": "https://darwin.v7labs.com/datasets/538883/dataset-management"}, "item_id": "0183d477-5681-89aa-de85-dae66694607c", "team": {"name": "BioScout", "slug": "bioscout"}, "workview_url": "https://darwin.v7labs.com/workview?dataset=538883&item=0183d477-5681-89aa-de85-dae66694607c"}, "slots": [{"type": "image", "slot_name": "0", "width": 4064, "height": 3040, "thumbnail_url": "https://darwin.v7labs.com/api/v2/teams/bioscout/files/4c60998a-15ae-4373-ac93-b8a09770d3c0/thumbnail", "source_files": [{"file_name": "6105_003808c3-b16f-4904-bab6-a5229a5e7f82_2022_01_02.jpeg", "url": "https://darwin.v7labs.com/api/v2/teams/bioscout/uploads/9d66c4a7-3528-45f1-b922-8696d18be65d"}]}]}, "annotations": [{"bounding_box": {"h": 192.0, "w": 160.0, "x": 2760.0, "y": 1844.0}, "id": "8f8e4c20-638d-4634-998f-2cb2ac815519", "name": "Alternaria spp.", "slot_names": ["0"]}, {"bounding_box": {"h": 161.0, "w": 233.0, "x": 2449.0, "y": 2322.0}, "id": "f2768452-b570-4262-9772-3bc5e4c18575", "name": "Alternaria spp.", "slot_names": ["0"]}]}