{"version": "2.0", "schema_ref": "https://darwin-public.s3.eu-west-1.amazonaws.com/darwin_json_2_0.schema.json", "item": {"name": "6105_da30b9f0-9f0e-426a-9953-8d77a97e6ab8_2022_01_02.jpeg", "path": "/", "source_info": {"dataset": {"name": "alternaria", "slug": "alternaria", "dataset_management_url": "https://darwin.v7labs.com/datasets/538883/dataset-management"}, "item_id": "0183d477-568c-8a6f-d6ad-12b3ebb1c848", "team": {"name": "BioScout", "slug": "bioscout"}, "workview_url": "https://darwin.v7labs.com/workview?dataset=538883&item=0183d477-568c-8a6f-d6ad-12b3ebb1c848"}, "slots": [{"type": "image", "slot_name": "0", "width": 4064, "height": 3040, "thumbnail_url": "https://darwin.v7labs.com/api/v2/teams/bioscout/files/2f43da96-a96e-4c90-9191-8775778fb0cc/thumbnail", "source_files": [{"file_name": "6105_da30b9f0-9f0e-426a-9953-8d77a97e6ab8_2022_01_02.jpeg", "url": "https://darwin.v7labs.com/api/v2/teams/bioscout/uploads/cb5ab098-be6d-468c-9417-6c133c753cd2"}]}]}, "annotations": [{"bounding_box": {"h": 104.0, "w": 212.0, "x": 1944.0, "y": 444.0}, "id": "5d2df6e1-a2cf-4de9-9e96-edc965ed4dad", "name": "Alternaria spp.", "slot_names": ["0"]}]}