{"version": "2.0", "schema_ref": "https://darwin-public.s3.eu-west-1.amazonaws.com/darwin_json_2_0.schema.json", "item": {"name": "6105_cfeec58d-32c1-4cda-88c7-16a41dc04103_2022_01_14.jpeg", "path": "/", "source_info": {"dataset": {"name": "alternaria", "slug": "alternaria", "dataset_management_url": "https://darwin.v7labs.com/datasets/538883/dataset-management"}, "item_id": "0183d477-568b-8182-cd14-9c0ba0a8791c", "team": {"name": "BioScout", "slug": "bioscout"}, "workview_url": "https://darwin.v7labs.com/workview?dataset=538883&item=0183d477-568b-8182-cd14-9c0ba0a8791c"}, "slots": [{"type": "image", "slot_name": "0", "width": 4064, "height": 3040, "thumbnail_url": "https://darwin.v7labs.com/api/v2/teams/bioscout/files/8854ca14-d57b-4f26-9c17-6b0adba6353f/thumbnail", "source_files": [{"file_name": "6105_cfeec58d-32c1-4cda-88c7-16a41dc04103_2022_01_14.jpeg", "url": "https://darwin.v7labs.com/api/v2/teams/bioscout/uploads/04bc500e-16a1-4d40-a4b2-0bd406871164"}]}]}, "annotations": [{"bounding_box": {"h": 144.0, "w": 420.0, "x": 1648.0, "y": 1388.0}, "id": "dc1bed6c-216b-4022-b93d-1c52ac19cd22", "name": "Alternaria spp.", "slot_names": ["0"]}]}