{"version": "2.0", "schema_ref": "https://darwin-public.s3.eu-west-1.amazonaws.com/darwin_json_2_0.schema.json", "item": {"name": "6105_1aae8bb8-28e5-4624-90ce-941fdc4c0e86_2022_01_17.jpeg", "path": "/", "source_info": {"dataset": {"name": "alternaria", "slug": "alternaria", "dataset_management_url": "https://darwin.v7labs.com/datasets/538883/dataset-management"}, "item_id": "0183d477-602c-fd73-e443-5c42c3088ff1", "team": {"name": "BioScout", "slug": "bioscout"}, "workview_url": "https://darwin.v7labs.com/workview?dataset=538883&item=0183d477-602c-fd73-e443-5c42c3088ff1"}, "slots": [{"type": "image", "slot_name": "0", "width": 4064, "height": 3040, "thumbnail_url": "https://darwin.v7labs.com/api/v2/teams/bioscout/files/01dfcc64-9fbb-4ef1-b0af-e8bc09e708f5/thumbnail", "source_files": [{"file_name": "6105_1aae8bb8-28e5-4624-90ce-941fdc4c0e86_2022_01_17.jpeg", "url": "https://darwin.v7labs.com/api/v2/teams/bioscout/uploads/d3792db7-7c68-496f-a26d-ac32563f6486"}]}]}, "annotations": []}