{"version": "2.0", "schema_ref": "https://darwin-public.s3.eu-west-1.amazonaws.com/darwin_json_2_0.schema.json", "item": {"name": "6105_e1d37501-5781-4800-b749-7af7ebdd4a6a_2022_01_13.jpeg", "path": "/", "source_info": {"dataset": {"name": "alternaria", "slug": "alternaria", "dataset_management_url": "https://darwin.v7labs.com/datasets/538883/dataset-management"}, "item_id": "0183d477-567d-2f9a-4c09-54f2f7e97e75", "team": {"name": "BioScout", "slug": "bioscout"}, "workview_url": "https://darwin.v7labs.com/workview?dataset=538883&item=0183d477-567d-2f9a-4c09-54f2f7e97e75"}, "slots": [{"type": "image", "slot_name": "0", "width": 4064, "height": 3040, "thumbnail_url": "https://darwin.v7labs.com/api/v2/teams/bioscout/files/fa54a603-c5b2-4cfb-a54b-de8a5e099b58/thumbnail", "source_files": [{"file_name": "6105_e1d37501-5781-4800-b749-7af7ebdd4a6a_2022_01_13.jpeg", "url": "https://darwin.v7labs.com/api/v2/teams/bioscout/uploads/876363d4-356d-433b-9efb-c82edba57146"}]}]}, "annotations": [{"bounding_box": {"h": 240.0, "w": 284.0, "x": 336.0, "y": 1300}, "id": "078963da-528f-4de6-9a04-5d802fdcc86d", "name": "Alternaria spp.", "slot_names": ["0"]}]}