{"version": "2.0", "schema_ref": "https://darwin-public.s3.eu-west-1.amazonaws.com/darwin_json_2_0.schema.json", "item": {"name": "6105_afb30b85-d983-4074-8aa0-c1fe741d4195_2022_01_10.jpeg", "path": "/", "source_info": {"dataset": {"name": "alternaria", "slug": "alternaria", "dataset_management_url": "https://darwin.v7labs.com/datasets/538883/dataset-management"}, "item_id": "0183d477-5687-f3b9-e11b-50d51d93f9b6", "team": {"name": "BioScout", "slug": "bioscout"}, "workview_url": "https://darwin.v7labs.com/workview?dataset=538883&item=0183d477-5687-f3b9-e11b-50d51d93f9b6"}, "slots": [{"type": "image", "slot_name": "0", "width": 4064, "height": 3040, "thumbnail_url": "https://darwin.v7labs.com/api/v2/teams/bioscout/files/b293a6dd-bdfb-4624-81a4-65953d1ec471/thumbnail", "source_files": [{"file_name": "6105_afb30b85-d983-4074-8aa0-c1fe741d4195_2022_01_10.jpeg", "url": "https://darwin.v7labs.com/api/v2/teams/bioscout/uploads/17444306-9822-4000-b5c9-2f910e872dd4"}]}]}, "annotations": [{"bounding_box": {"h": 96.0, "w": 236.0, "x": 752.0, "y": 1364.0}, "id": "75a03861-b753-4d5f-9023-9bd46ef0ae3f", "name": "Alternaria spp.", "slot_names": ["0"]}]}