{"version": "2.0", "schema_ref": "https://darwin-public.s3.eu-west-1.amazonaws.com/darwin_json_2_0.schema.json", "item": {"name": "6105_b22690fb-4047-4177-9a33-9733c5354883_2022_01_27.jpeg", "path": "/", "source_info": {"dataset": {"name": "alternaria", "slug": "alternaria", "dataset_management_url": "https://darwin.v7labs.com/datasets/538883/dataset-management"}, "item_id": "0183d477-567f-b857-f8f2-de1f932e6113", "team": {"name": "BioScout", "slug": "bioscout"}, "workview_url": "https://darwin.v7labs.com/workview?dataset=538883&item=0183d477-567f-b857-f8f2-de1f932e6113"}, "slots": [{"type": "image", "slot_name": "0", "width": 4064, "height": 3040, "thumbnail_url": "https://darwin.v7labs.com/api/v2/teams/bioscout/files/61bf09c4-b7db-4ea4-a8b1-7059033e40f1/thumbnail", "source_files": [{"file_name": "6105_b22690fb-4047-4177-9a33-9733c5354883_2022_01_27.jpeg", "url": "https://darwin.v7labs.com/api/v2/teams/bioscout/uploads/6ff2d8aa-900b-40f5-876e-fa33888505bb"}]}]}, "annotations": [{"bounding_box": {"h": 104.0, "w": 336.0, "x": 664.0, "y": 1344.0}, "id": "bf4d5bb8-37a8-4524-8637-af3433c8963d", "name": "Alternaria spp.", "slot_names": ["0"]}]}