{"version": "2.0", "schema_ref": "https://darwin-public.s3.eu-west-1.amazonaws.com/darwin_json_2_0.schema.json", "item": {"name": "6105_2abd6ef5-7e00-42c5-b321-1486cd6515cc_2022_01_22.jpeg", "path": "/", "source_info": {"dataset": {"name": "alternaria", "slug": "alternaria", "dataset_management_url": "https://darwin.v7labs.com/datasets/538883/dataset-management"}, "item_id": "0183d477-6030-e212-9744-8ceff53bd705", "team": {"name": "BioScout", "slug": "bioscout"}, "workview_url": "https://darwin.v7labs.com/workview?dataset=538883&item=0183d477-6030-e212-9744-8ceff53bd705"}, "slots": [{"type": "image", "slot_name": "0", "width": 4064, "height": 3040, "thumbnail_url": "https://darwin.v7labs.com/api/v2/teams/bioscout/files/b9eb6ec7-1027-4d91-900d-f1fbc28c9685/thumbnail", "source_files": [{"file_name": "6105_2abd6ef5-7e00-42c5-b321-1486cd6515cc_2022_01_22.jpeg", "url": "https://darwin.v7labs.com/api/v2/teams/bioscout/uploads/7168b84f-6162-443f-88fd-f7cdedf4e4a6"}]}]}, "annotations": [{"bounding_box": {"h": 144.0, "w": 192.0, "x": 1140.0, "y": 548.0}, "id": "fd46b21d-607d-447d-88ed-07111f7a27e0", "name": "Alternaria spp.", "slot_names": ["0"]}]}