{"version": "2.0", "schema_ref": "https://darwin-public.s3.eu-west-1.amazonaws.com/darwin_json_2_0.schema.json", "item": {"name": "6105_51410063-af78-4c87-b70a-3c7625db5a50_2022_01_27.jpeg", "path": "/", "source_info": {"dataset": {"name": "alternaria", "slug": "alternaria", "dataset_management_url": "https://darwin.v7labs.com/datasets/538883/dataset-management"}, "item_id": "0183d477-602d-7b57-9ba4-5d3c907a6c93", "team": {"name": "BioScout", "slug": "bioscout"}, "workview_url": "https://darwin.v7labs.com/workview?dataset=538883&item=0183d477-602d-7b57-9ba4-5d3c907a6c93"}, "slots": [{"type": "image", "slot_name": "0", "width": 4064, "height": 3040, "thumbnail_url": "https://darwin.v7labs.com/api/v2/teams/bioscout/files/d151823f-4cb2-4a81-b13e-e326a3666fbe/thumbnail", "source_files": [{"file_name": "6105_51410063-af78-4c87-b70a-3c7625db5a50_2022_01_27.jpeg", "url": "https://darwin.v7labs.com/api/v2/teams/bioscout/uploads/b334ae50-19cc-4d98-8383-4b2a1a3afa24"}]}]}, "annotations": [{"bounding_box": {"h": 273.0, "w": 94.0, "x": 670.0, "y": 2615.0}, "id": "168f6723-a273-43ff-9867-673095dc078a", "name": "Alternaria spp.", "slot_names": ["0"]}]}