{"version": "2.0", "schema_ref": "https://darwin-public.s3.eu-west-1.amazonaws.com/darwin_json_2_0.schema.json", "item": {"name": "6105_aee332be-d2b2-4287-80d9-9f3460f0443a_2022_01_23.jpeg", "path": "/", "source_info": {"dataset": {"name": "alternaria", "slug": "alternaria", "dataset_management_url": "https://darwin.v7labs.com/datasets/538883/dataset-management"}, "item_id": "0183d477-5678-2fda-bc2d-e2f73553ff1e", "team": {"name": "BioScout", "slug": "bioscout"}, "workview_url": "https://darwin.v7labs.com/workview?dataset=538883&item=0183d477-5678-2fda-bc2d-e2f73553ff1e"}, "slots": [{"type": "image", "slot_name": "0", "width": 4064, "height": 3040, "thumbnail_url": "https://darwin.v7labs.com/api/v2/teams/bioscout/files/757ff8b4-d11d-4071-a6cb-09508cfe132b/thumbnail", "source_files": [{"file_name": "6105_aee332be-d2b2-4287-80d9-9f3460f0443a_2022_01_23.jpeg", "url": "https://darwin.v7labs.com/api/v2/teams/bioscout/uploads/5966ef64-8139-4ae8-8f6e-d542e0431784"}]}]}, "annotations": [{"bounding_box": {"h": 96.0, "w": 248.0, "x": 3533.0, "y": 968.0}, "id": "543d2613-2fcc-477e-8735-2b310b40302a", "name": "Alternaria spp.", "slot_names": ["0"]}]}