{"version": "2.0", "schema_ref": "https://darwin-public.s3.eu-west-1.amazonaws.com/darwin_json_2_0.schema.json", "item": {"name": "6105_0894be3c-b61e-4d93-9cba-617cfeb1ba36_2022_01_23.jpeg", "path": "/", "source_info": {"dataset": {"name": "alternaria", "slug": "alternaria", "dataset_management_url": "https://darwin.v7labs.com/datasets/538883/dataset-management"}, "item_id": "0183d477-5683-e364-5487-67333918a682", "team": {"name": "BioScout", "slug": "bioscout"}, "workview_url": "https://darwin.v7labs.com/workview?dataset=538883&item=0183d477-5683-e364-5487-67333918a682"}, "slots": [{"type": "image", "slot_name": "0", "width": 4064, "height": 3040, "thumbnail_url": "https://darwin.v7labs.com/api/v2/teams/bioscout/files/22d65c9b-9e72-4e83-8f68-c0883ba787ae/thumbnail", "source_files": [{"file_name": "6105_0894be3c-b61e-4d93-9cba-617cfeb1ba36_2022_01_23.jpeg", "url": "https://darwin.v7labs.com/api/v2/teams/bioscout/uploads/266217fc-f5cc-4b25-aea3-348b8856c94e"}]}]}, "annotations": [{"bounding_box": {"h": 87.0, "w": 167.0, "x": 1796.0, "y": 1186.0}, "id": "9f8aeaed-bf49-4d9b-a373-701d4771c384", "name": "Alternaria spp.", "slot_names": ["0"]}]}