{"version": "2.0", "schema_ref": "https://darwin-public.s3.eu-west-1.amazonaws.com/darwin_json_2_0.schema.json", "item": {"name": "6105_6d98e1d4-9c24-42f3-bd9a-672e208db569_2022_01_13.jpeg", "path": "/", "source_info": {"dataset": {"name": "alternaria", "slug": "alternaria", "dataset_management_url": "https://darwin.v7labs.com/datasets/538883/dataset-management"}, "item_id": "0183d477-6030-f9f7-7228-d7968a1a9708", "team": {"name": "BioScout", "slug": "bioscout"}, "workview_url": "https://darwin.v7labs.com/workview?dataset=538883&item=0183d477-6030-f9f7-7228-d7968a1a9708"}, "slots": [{"type": "image", "slot_name": "0", "width": 4064, "height": 3040, "thumbnail_url": "https://darwin.v7labs.com/api/v2/teams/bioscout/files/e1b7cbe5-4581-452d-bd0b-af8bb0c20507/thumbnail", "source_files": [{"file_name": "6105_6d98e1d4-9c24-42f3-bd9a-672e208db569_2022_01_13.jpeg", "url": "https://darwin.v7labs.com/api/v2/teams/bioscout/uploads/5cd31813-ea03-4df4-ba49-5f511ab96b79"}]}]}, "annotations": [{"bounding_box": {"h": 152.0, "w": 324.0, "x": 3736.0, "y": 1002.0}, "id": "76bb096e-7a45-4624-bb95-bd044d3ecfa7", "name": "Alternaria spp.", "slot_names": ["0"]}, {"bounding_box": {"h": 112.0, "w": 384.0, "x": 2668.0, "y": 1428.0}, "id": "f1cca5b9-b3ee-4754-acb4-51301f3b7240", "name": "Alternaria spp.", "slot_names": ["0"]}]}