{"version": "2.0", "schema_ref": "https://darwin-public.s3.eu-west-1.amazonaws.com/darwin_json_2_0.schema.json", "item": {"name": "6105_2570940b-1df8-48d0-9d74-2492522c57bc_2022_01_14.jpeg", "path": "/", "source_info": {"dataset": {"name": "alternaria", "slug": "alternaria", "dataset_management_url": "https://darwin.v7labs.com/datasets/538883/dataset-management"}, "item_id": "0183d477-5680-18a1-0a4d-f1a9b0c32566", "team": {"name": "BioScout", "slug": "bioscout"}, "workview_url": "https://darwin.v7labs.com/workview?dataset=538883&item=0183d477-5680-18a1-0a4d-f1a9b0c32566"}, "slots": [{"type": "image", "slot_name": "0", "width": 4064, "height": 3040, "thumbnail_url": "https://darwin.v7labs.com/api/v2/teams/bioscout/files/bd034479-5ae3-4907-aa88-7e2c65451b98/thumbnail", "source_files": [{"file_name": "6105_2570940b-1df8-48d0-9d74-2492522c57bc_2022_01_14.jpeg", "url": "https://darwin.v7labs.com/api/v2/teams/bioscout/uploads/34de472c-15b5-4ee3-a7bc-cd52679db1b7"}]}]}, "annotations": [{"bounding_box": {"h": 128.0, "w": 288.0, "x": 556.0, "y": 900.0}, "id": "a086de61-c179-4dc2-af8d-5c53aa8a1e59", "name": "Alternaria spp.", "slot_names": ["0"]}]}