{"version": "2.0", "schema_ref": "https://darwin-public.s3.eu-west-1.amazonaws.com/darwin_json_2_0.schema.json", "item": {"name": "6105_4c4d2edc-2d3f-4c87-951c-449fa52f587c_2022_01_14.jpeg", "path": "/", "source_info": {"dataset": {"name": "alternaria", "slug": "alternaria", "dataset_management_url": "https://darwin.v7labs.com/datasets/538883/dataset-management"}, "item_id": "0183d477-567e-185b-c587-43fc6a915094", "team": {"name": "BioScout", "slug": "bioscout"}, "workview_url": "https://darwin.v7labs.com/workview?dataset=538883&item=0183d477-567e-185b-c587-43fc6a915094"}, "slots": [{"type": "image", "slot_name": "0", "width": 4064, "height": 3040, "thumbnail_url": "https://darwin.v7labs.com/api/v2/teams/bioscout/files/083713ae-f642-43b4-ae52-d0f6ed9ee5bc/thumbnail", "source_files": [{"file_name": "6105_4c4d2edc-2d3f-4c87-951c-449fa52f587c_2022_01_14.jpeg", "url": "https://darwin.v7labs.com/api/v2/teams/bioscout/uploads/b2403b47-d3e9-48b7-b1af-7ac6a93e8b71"}]}]}, "annotations": [{"bounding_box": {"h": 167.0, "w": 265.0, "x": 3704.0, "y": 25.0}, "id": "a7f496a5-41bb-4b4b-a0f6-1ae9b6bc578f", "name": "Alternaria spp.", "slot_names": ["0"]}, {"bounding_box": {"h": 153.0, "w": 419.0, "x": 1098.0, "y": 2234.0}, "id": "c4a35dff-aa42-411c-a225-f55a57a512c4", "name": "Alternaria spp.", "slot_names": ["0"]}]}