{"version": "2.0", "schema_ref": "https://darwin-public.s3.eu-west-1.amazonaws.com/darwin_json_2_0.schema.json", "item": {"name": "6105_74d820e6-6c65-4a8d-901d-4338d695e672_2022_01_22.jpeg", "path": "/", "source_info": {"dataset": {"name": "alternaria", "slug": "alternaria", "dataset_management_url": "https://darwin.v7labs.com/datasets/538883/dataset-management"}, "item_id": "0183d477-5674-c353-89dc-f1c11af6898b", "team": {"name": "BioScout", "slug": "bioscout"}, "workview_url": "https://darwin.v7labs.com/workview?dataset=538883&item=0183d477-5674-c353-89dc-f1c11af6898b"}, "slots": [{"type": "image", "slot_name": "0", "width": 4064, "height": 3040, "thumbnail_url": "https://darwin.v7labs.com/api/v2/teams/bioscout/files/3f027987-70d9-4c06-a09d-cb50ffaf7bba/thumbnail", "source_files": [{"file_name": "6105_74d820e6-6c65-4a8d-901d-4338d695e672_2022_01_22.jpeg", "url": "https://darwin.v7labs.com/api/v2/teams/bioscout/uploads/08cb13f5-fa95-4e94-89a0-d60bb0ecbff1"}]}]}, "annotations": [{"bounding_box": {"h": 196.0, "w": 196.0, "x": 880.0, "y": 1852.0}, "id": "c5ee9584-1d00-453c-8fd7-25e91d50d7f6", "name": "Alternaria spp.", "slot_names": ["0"]}, {"bounding_box": {"h": 206.0, "w": 198.0, "x": 2992.0, "y": 1568.0}, "id": "8701ffb7-6b1b-4544-b2cf-c64548723d87", "name": "Alternaria spp.", "slot_names": ["0"]}]}