{"version": "2.0", "schema_ref": "https://darwin-public.s3.eu-west-1.amazonaws.com/darwin_json_2_0.schema.json", "item": {"name": "6105_46d2d775-8851-4d5e-8f95-e68cea26ca85_2022_01_15.jpeg", "path": "/", "source_info": {"dataset": {"name": "alternaria", "slug": "alternaria", "dataset_management_url": "https://darwin.v7labs.com/datasets/538883/dataset-management"}, "item_id": "0183d477-6030-d758-033d-509c2bfc68c4", "team": {"name": "BioScout", "slug": "bioscout"}, "workview_url": "https://darwin.v7labs.com/workview?dataset=538883&item=0183d477-6030-d758-033d-509c2bfc68c4"}, "slots": [{"type": "image", "slot_name": "0", "width": 4064, "height": 3040, "thumbnail_url": "https://darwin.v7labs.com/api/v2/teams/bioscout/files/46631b7c-4b30-4da1-9d01-aef5ce38fd0a/thumbnail", "source_files": [{"file_name": "6105_46d2d775-8851-4d5e-8f95-e68cea26ca85_2022_01_15.jpeg", "url": "https://darwin.v7labs.com/api/v2/teams/bioscout/uploads/039f974d-fee9-4b0a-bf65-9781150af3e3"}]}]}, "annotations": [{"bounding_box": {"h": 156.0, "w": 392.0, "x": 1688.0, "y": 1232.0}, "id": "0cacc45b-952c-4723-b65d-17912bd607ac", "name": "Alternaria spp.", "slot_names": ["0"]}, {"bounding_box": {"h": 153.0, "w": 290.0, "x": 895.0, "y": 2294.0}, "id": "67be516d-ca39-40bb-a154-e06e9e1b7dd4", "name": "Alternaria spp.", "slot_names": ["0"]}]}