{"version": "2.0", "schema_ref": "https://darwin-public.s3.eu-west-1.amazonaws.com/darwin_json_2_0.schema.json", "item": {"name": "6105_cd95487b-b659-4071-b186-02cbb490c223_2022_01_27.jpeg", "path": "/", "source_info": {"dataset": {"name": "alternaria", "slug": "alternaria", "dataset_management_url": "https://darwin.v7labs.com/datasets/538883/dataset-management"}, "item_id": "0183d477-6030-bfb0-fb2e-56d9f890afa9", "team": {"name": "BioScout", "slug": "bioscout"}, "workview_url": "https://darwin.v7labs.com/workview?dataset=538883&item=0183d477-6030-bfb0-fb2e-56d9f890afa9"}, "slots": [{"type": "image", "slot_name": "0", "width": 4064, "height": 3040, "thumbnail_url": "https://darwin.v7labs.com/api/v2/teams/bioscout/files/1412bacd-6abb-4755-9ef4-f33c7b7c88a7/thumbnail", "source_files": [{"file_name": "6105_cd95487b-b659-4071-b186-02cbb490c223_2022_01_27.jpeg", "url": "https://darwin.v7labs.com/api/v2/teams/bioscout/uploads/b977d742-0232-44fa-aa79-08551a30fd1e"}]}]}, "annotations": [{"bounding_box": {"h": 382.0, "w": 228.0, "x": 3692.0, "y": 434.0}, "id": "c81eb86e-b45e-4ea9-b013-c2d753a22030", "name": "Alternaria spp.", "slot_names": ["0"]}]}