{"version": "2.0", "schema_ref": "https://darwin-public.s3.eu-west-1.amazonaws.com/darwin_json_2_0.schema.json", "item": {"name": "6105_e1c767bb-a450-44ba-b6cf-76654fcf01b3_2022_01_10.jpeg", "path": "/", "source_info": {"dataset": {"name": "alternaria", "slug": "alternaria", "dataset_management_url": "https://darwin.v7labs.com/datasets/538883/dataset-management"}, "item_id": "0183d477-5675-c0b3-151c-a27079834e16", "team": {"name": "BioScout", "slug": "bioscout"}, "workview_url": "https://darwin.v7labs.com/workview?dataset=538883&item=0183d477-5675-c0b3-151c-a27079834e16"}, "slots": [{"type": "image", "slot_name": "0", "width": 4064, "height": 3040, "thumbnail_url": "https://darwin.v7labs.com/api/v2/teams/bioscout/files/3d9f3c8a-76dd-463b-8275-1f507a8e56fe/thumbnail", "source_files": [{"file_name": "6105_e1c767bb-a450-44ba-b6cf-76654fcf01b3_2022_01_10.jpeg", "url": "https://darwin.v7labs.com/api/v2/teams/bioscout/uploads/9b5089bf-7c62-48d4-8008-389f75d9b396"}]}]}, "annotations": [{"bounding_box": {"h": 120.0, "w": 276.0, "x": 620.0, "y": 1792.0}, "id": "d969dd78-d6ff-4c1c-ba4d-d81213dfc8b9", "name": "Alternaria spp.", "slot_names": ["0"]}]}