{"version": "2.0", "schema_ref": "https://darwin-public.s3.eu-west-1.amazonaws.com/darwin_json_2_0.schema.json", "item": {"name": "6105_fca96211-9ee6-4a13-ac7c-57b064e96e35_2022_01_18.jpeg", "path": "/", "source_info": {"dataset": {"name": "alternaria", "slug": "alternaria", "dataset_management_url": "https://darwin.v7labs.com/datasets/538883/dataset-management"}, "item_id": "0183d477-5686-474d-bc98-fa26824a3051", "team": {"name": "BioScout", "slug": "bioscout"}, "workview_url": "https://darwin.v7labs.com/workview?dataset=538883&item=0183d477-5686-474d-bc98-fa26824a3051"}, "slots": [{"type": "image", "slot_name": "0", "width": 4064, "height": 3040, "thumbnail_url": "https://darwin.v7labs.com/api/v2/teams/bioscout/files/31868f45-d24f-4785-aebc-122aca4c953e/thumbnail", "source_files": [{"file_name": "6105_fca96211-9ee6-4a13-ac7c-57b064e96e35_2022_01_18.jpeg", "url": "https://darwin.v7labs.com/api/v2/teams/bioscout/uploads/70559c58-b6b2-44b9-8417-a9e9fdc0c9f6"}]}]}, "annotations": [{"bounding_box": {"h": 352.0, "w": 424.0, "x": 300.0, "y": 964.0}, "id": "eebda20e-cfe9-4949-8cc9-50fa2f326341", "name": "Alternaria spp.", "slot_names": ["0"]}]}