{"version": "2.0", "schema_ref": "https://darwin-public.s3.eu-west-1.amazonaws.com/darwin_json_2_0.schema.json", "item": {"name": "6105_28e16c9d-01f9-4e7c-af8d-317f3272c90f_2022_01_13.jpeg", "path": "/", "source_info": {"dataset": {"name": "alternaria", "slug": "alternaria", "dataset_management_url": "https://darwin.v7labs.com/datasets/538883/dataset-management"}, "item_id": "0183d477-5677-8972-a744-64a981e7c4e2", "team": {"name": "BioScout", "slug": "bioscout"}, "workview_url": "https://darwin.v7labs.com/workview?dataset=538883&item=0183d477-5677-8972-a744-64a981e7c4e2"}, "slots": [{"type": "image", "slot_name": "0", "width": 4064, "height": 3040, "thumbnail_url": "https://darwin.v7labs.com/api/v2/teams/bioscout/files/76b8c616-814d-4e4a-9516-90019f094d39/thumbnail", "source_files": [{"file_name": "6105_28e16c9d-01f9-4e7c-af8d-317f3272c90f_2022_01_13.jpeg", "url": "https://darwin.v7labs.com/api/v2/teams/bioscout/uploads/81b00d61-b63e-4d7d-86ab-1afb4fa76f48"}]}]}, "annotations": [{"bounding_box": {"h": 96.0, "w": 476.0, "x": 2680.0, "y": 1672.0}, "id": "a7b2ba38-0f38-4ccd-8974-a71b23c3e2d2", "name": "Alternaria spp.", "slot_names": ["0"]}, {"bounding_box": {"h": 161.0, "w": 322.0, "x": 3165.0, "y": 264.0}, "id": "27d71bf8-001c-468b-98c8-764ecb72ea53", "name": "Alternaria spp.", "slot_names": ["0"]}]}