{"version": "2.0", "schema_ref": "https://darwin-public.s3.eu-west-1.amazonaws.com/darwin_json_2_0.schema.json", "item": {"name": "6105_da41e7b7-b7da-45b4-b074-2aead868e777_2022_01_05.jpeg", "path": "/", "source_info": {"dataset": {"name": "alternaria", "slug": "alternaria", "dataset_management_url": "https://darwin.v7labs.com/datasets/538883/dataset-management"}, "item_id": "0183d477-5681-f910-0e9e-7bd6ee971bbc", "team": {"name": "BioScout", "slug": "bioscout"}, "workview_url": "https://darwin.v7labs.com/workview?dataset=538883&item=0183d477-5681-f910-0e9e-7bd6ee971bbc"}, "slots": [{"type": "image", "slot_name": "0", "width": 4064, "height": 3040, "thumbnail_url": "https://darwin.v7labs.com/api/v2/teams/bioscout/files/8ecce989-4416-42ac-9029-30624d5303ea/thumbnail", "source_files": [{"file_name": "6105_da41e7b7-b7da-45b4-b074-2aead868e777_2022_01_05.jpeg", "url": "https://darwin.v7labs.com/api/v2/teams/bioscout/uploads/30cc1391-4b68-4c9c-926c-6f2595d7b80d"}]}]}, "annotations": []}