{"version": "2.0", "schema_ref": "https://darwin-public.s3.eu-west-1.amazonaws.com/darwin_json_2_0.schema.json", "item": {"name": "6105_66a0574c-6a5d-4543-8a30-ae856555f14a_2022_01_18.jpeg", "path": "/", "source_info": {"dataset": {"name": "alternaria", "slug": "alternaria", "dataset_management_url": "https://darwin.v7labs.com/datasets/538883/dataset-management"}, "item_id": "0183d477-5674-236a-346c-182ce11703e0", "team": {"name": "BioScout", "slug": "bioscout"}, "workview_url": "https://darwin.v7labs.com/workview?dataset=538883&item=0183d477-5674-236a-346c-182ce11703e0"}, "slots": [{"type": "image", "slot_name": "0", "width": 4064, "height": 3040, "thumbnail_url": "https://darwin.v7labs.com/api/v2/teams/bioscout/files/b4c31b17-4f49-472d-86b3-b3a849e83c3a/thumbnail", "source_files": [{"file_name": "6105_66a0574c-6a5d-4543-8a30-ae856555f14a_2022_01_18.jpeg", "url": "https://darwin.v7labs.com/api/v2/teams/bioscout/uploads/18f5740e-d5e8-4404-be5c-a9e9d21611ff"}]}]}, "annotations": [{"bounding_box": {"h": 240.0, "w": 204.0, "x": 1568.0, "y": 176.0}, "id": "eff5aafb-aa47-48bb-9765-a3288dfe52b7", "name": "Alternaria spp.", "slot_names": ["0"]}]}