{"version": "2.0", "schema_ref": "https://darwin-public.s3.eu-west-1.amazonaws.com/darwin_json_2_0.schema.json", "item": {"name": "6105_327b1846-ca6e-4e74-8fa2-0700dc774938_2022_01_22.jpeg", "path": "/", "source_info": {"dataset": {"name": "alternaria", "slug": "alternaria", "dataset_management_url": "https://darwin.v7labs.com/datasets/538883/dataset-management"}, "item_id": "0183d477-567a-5c8d-aa4e-3499c1d6456c", "team": {"name": "BioScout", "slug": "bioscout"}, "workview_url": "https://darwin.v7labs.com/workview?dataset=538883&item=0183d477-567a-5c8d-aa4e-3499c1d6456c"}, "slots": [{"type": "image", "slot_name": "0", "width": 4064, "height": 3040, "thumbnail_url": "https://darwin.v7labs.com/api/v2/teams/bioscout/files/1b10b21c-5e63-40b2-9f6b-16a38a9bda02/thumbnail", "source_files": [{"file_name": "6105_327b1846-ca6e-4e74-8fa2-0700dc774938_2022_01_22.jpeg", "url": "https://darwin.v7labs.com/api/v2/teams/bioscout/uploads/144a23e6-5e89-4749-a7a9-f2ec7ad5d3e6"}]}]}, "annotations": [{"bounding_box": {"h": 153.0, "w": 175.0, "x": 292.0, "y": 2196.0}, "id": "d8f4f021-516f-4970-b6c6-3ea83162046b", "name": "Alternaria spp.", "slot_names": ["0"]}, {"bounding_box": {"h": 120.0, "w": 303.0, "x": 2786.0, "y": 2025.0}, "id": "c66f52ae-9679-4a3e-82b3-b01ccdd5ec82", "name": "Alternaria spp.", "slot_names": ["0"]}]}