{"version": "2.0", "schema_ref": "https://darwin-public.s3.eu-west-1.amazonaws.com/darwin_json_2_0.schema.json", "item": {"name": "6105_64650a02-4d29-4448-bdd7-32b4e2fe4731_2022_01_25.jpeg", "path": "/", "source_info": {"dataset": {"name": "alternaria", "slug": "alternaria", "dataset_management_url": "https://darwin.v7labs.com/datasets/538883/dataset-management"}, "item_id": "0183d477-5684-ec5b-2824-defa822e0430", "team": {"name": "BioScout", "slug": "bioscout"}, "workview_url": "https://darwin.v7labs.com/workview?dataset=538883&item=0183d477-5684-ec5b-2824-defa822e0430"}, "slots": [{"type": "image", "slot_name": "0", "width": 4064, "height": 3040, "thumbnail_url": "https://darwin.v7labs.com/api/v2/teams/bioscout/files/e473e168-ac8f-497f-9d48-4dc80a2c01fe/thumbnail", "source_files": [{"file_name": "6105_64650a02-4d29-4448-bdd7-32b4e2fe4731_2022_01_25.jpeg", "url": "https://darwin.v7labs.com/api/v2/teams/bioscout/uploads/e808a53a-1065-4490-b9c5-48d043190b6f"}]}]}, "annotations": [{"bounding_box": {"h": 188.0, "w": 168.0, "x": 1500, "y": 648.0}, "id": "caa18787-7ff2-4d9f-a36f-5dfb1f7df574", "name": "Alternaria spp.", "slot_names": ["0"]}]}