{"version": "2.0", "schema_ref": "https://darwin-public.s3.eu-west-1.amazonaws.com/darwin_json_2_0.schema.json", "item": {"name": "6105_0b678b65-2512-4aa5-bb9a-67db64ac0e47_2022_01_29.jpeg", "path": "/", "source_info": {"dataset": {"name": "alternaria", "slug": "alternaria", "dataset_management_url": "https://darwin.v7labs.com/datasets/538883/dataset-management"}, "item_id": "0183d477-5685-00c3-9afb-c9c7c9a17b27", "team": {"name": "BioScout", "slug": "bioscout"}, "workview_url": "https://darwin.v7labs.com/workview?dataset=538883&item=0183d477-5685-00c3-9afb-c9c7c9a17b27"}, "slots": [{"type": "image", "slot_name": "0", "width": 4064, "height": 3040, "thumbnail_url": "https://darwin.v7labs.com/api/v2/teams/bioscout/files/348a15af-4df8-4edb-9b15-b17ade4649e4/thumbnail", "source_files": [{"file_name": "6105_0b678b65-2512-4aa5-bb9a-67db64ac0e47_2022_01_29.jpeg", "url": "https://darwin.v7labs.com/api/v2/teams/bioscout/uploads/a8555d18-317f-4147-ac3b-2e49ab6f933a"}]}]}, "annotations": [{"bounding_box": {"h": 357.0, "w": 216.0, "x": 767.0, "y": 1980.0}, "id": "592ade2b-42c5-4d92-a98a-5cc83e1fbfda", "name": "Alternaria spp.", "slot_names": ["0"]}]}