{"version": "2.0", "schema_ref": "https://darwin-public.s3.eu-west-1.amazonaws.com/darwin_json_2_0.schema.json", "item": {"name": "6105_d46a341d-2915-4729-886d-3eb372cc3298_2022_01_16.jpeg", "path": "/", "source_info": {"dataset": {"name": "alternaria", "slug": "alternaria", "dataset_management_url": "https://darwin.v7labs.com/datasets/538883/dataset-management"}, "item_id": "0183d477-567e-d44d-ff10-9faffddcfd21", "team": {"name": "BioScout", "slug": "bioscout"}, "workview_url": "https://darwin.v7labs.com/workview?dataset=538883&item=0183d477-567e-d44d-ff10-9faffddcfd21"}, "slots": [{"type": "image", "slot_name": "0", "width": 4064, "height": 3040, "thumbnail_url": "https://darwin.v7labs.com/api/v2/teams/bioscout/files/c8de2f9e-784b-4ad8-a4d0-c78faf1f0aa3/thumbnail", "source_files": [{"file_name": "6105_d46a341d-2915-4729-886d-3eb372cc3298_2022_01_16.jpeg", "url": "https://darwin.v7labs.com/api/v2/teams/bioscout/uploads/f3895fef-0205-4e1c-ba59-2e56815f5013"}]}]}, "annotations": [{"bounding_box": {"h": 87.0, "w": 219.0, "x": 3159.0, "y": 2037.0}, "id": "cadd2bcc-3753-4c27-8553-b64ee6615e92", "name": "Alternaria spp.", "slot_names": ["0"]}, {"bounding_box": {"h": 291.0, "w": 154.0, "x": 3513.0, "y": 1010.0}, "id": "0c79d715-e4b2-468b-bec5-7d419acb35fb", "name": "Alternaria spp.", "slot_names": ["0"]}]}