{"version": "2.0", "schema_ref": "https://darwin-public.s3.eu-west-1.amazonaws.com/darwin_json_2_0.schema.json", "item": {"name": "6105_35cbdee7-4eb9-445d-9904-9b24550e6c17_2022_01_16.jpeg", "path": "/", "source_info": {"dataset": {"name": "alternaria", "slug": "alternaria", "dataset_management_url": "https://darwin.v7labs.com/datasets/538883/dataset-management"}, "item_id": "0183d477-567e-2108-63f6-b7207608250c", "team": {"name": "BioScout", "slug": "bioscout"}, "workview_url": "https://darwin.v7labs.com/workview?dataset=538883&item=0183d477-567e-2108-63f6-b7207608250c"}, "slots": [{"type": "image", "slot_name": "0", "width": 4064, "height": 3040, "thumbnail_url": "https://darwin.v7labs.com/api/v2/teams/bioscout/files/51f39ec3-b739-4e3b-a6e3-c9f2f7521ab1/thumbnail", "source_files": [{"file_name": "6105_35cbdee7-4eb9-445d-9904-9b24550e6c17_2022_01_16.jpeg", "url": "https://darwin.v7labs.com/api/v2/teams/bioscout/uploads/83444607-8e99-4bd9-bcf5-397c160ce572"}]}]}, "annotations": [{"bounding_box": {"h": 116.0, "w": 388.0, "x": 1292.0, "y": 92.0}, "id": "30148302-3b89-42e5-8df7-e103ef4f534b", "name": "Alternaria spp.", "slot_names": ["0"]}]}