{"version": "2.0", "schema_ref": "https://darwin-public.s3.eu-west-1.amazonaws.com/darwin_json_2_0.schema.json", "item": {"name": "6105_0451cb06-89d3-4ca2-91c3-db3bde3bc495_2022_01_24.jpeg", "path": "/", "source_info": {"dataset": {"name": "alternaria", "slug": "alternaria", "dataset_management_url": "https://darwin.v7labs.com/datasets/538883/dataset-management"}, "item_id": "0183d477-5681-cebc-5267-04c586a0e2ae", "team": {"name": "BioScout", "slug": "bioscout"}, "workview_url": "https://darwin.v7labs.com/workview?dataset=538883&item=0183d477-5681-cebc-5267-04c586a0e2ae"}, "slots": [{"type": "image", "slot_name": "0", "width": 4064, "height": 3040, "thumbnail_url": "https://darwin.v7labs.com/api/v2/teams/bioscout/files/70a45800-7b61-4b3d-9f40-a9c20c68e838/thumbnail", "source_files": [{"file_name": "6105_0451cb06-89d3-4ca2-91c3-db3bde3bc495_2022_01_24.jpeg", "url": "https://darwin.v7labs.com/api/v2/teams/bioscout/uploads/d32b6fcc-808c-4372-a2cf-9580da432053"}]}]}, "annotations": [{"bounding_box": {"h": 164.0, "w": 384.0, "x": 1736.0, "y": 1652.0}, "id": "9fb7d839-4ffc-4822-ac3c-994cc8c8a4cd", "name": "Alternaria spp.", "slot_names": ["0"]}]}