{"version": "2.0", "schema_ref": "https://darwin-public.s3.eu-west-1.amazonaws.com/darwin_json_2_0.schema.json", "item": {"name": "6105_16508987-96b6-4bad-a195-970af785f964_2022_01_18.jpeg", "path": "/", "source_info": {"dataset": {"name": "alternaria", "slug": "alternaria", "dataset_management_url": "https://darwin.v7labs.com/datasets/538883/dataset-management"}, "item_id": "0183d477-5682-b826-3d5d-5f185530fb11", "team": {"name": "BioScout", "slug": "bioscout"}, "workview_url": "https://darwin.v7labs.com/workview?dataset=538883&item=0183d477-5682-b826-3d5d-5f185530fb11"}, "slots": [{"type": "image", "slot_name": "0", "width": 4064, "height": 3040, "thumbnail_url": "https://darwin.v7labs.com/api/v2/teams/bioscout/files/d8d6aa0b-60f6-4cdc-83de-5489bf81cfc8/thumbnail", "source_files": [{"file_name": "6105_16508987-96b6-4bad-a195-970af785f964_2022_01_18.jpeg", "url": "https://darwin.v7labs.com/api/v2/teams/bioscout/uploads/d60993fd-982a-4997-bdfb-1695da0da29d"}]}]}, "annotations": [{"bounding_box": {"h": 184.0, "w": 192.0, "x": 2180.0, "y": 20.0}, "id": "b2e8280a-64b5-46fe-81b9-c181cbe3123f", "name": "Alternaria spp.", "slot_names": ["0"]}]}