{"version": "2.0", "schema_ref": "https://darwin-public.s3.eu-west-1.amazonaws.com/darwin_json_2_0.schema.json", "item": {"name": "6105_a1e1014b-93cb-4d11-a7a8-eaa01f528ff7_2022_01_22.jpeg", "path": "/", "source_info": {"dataset": {"name": "alternaria", "slug": "alternaria", "dataset_management_url": "https://darwin.v7labs.com/datasets/538883/dataset-management"}, "item_id": "0183d477-5686-caed-4cab-2b4e7af9f04c", "team": {"name": "BioScout", "slug": "bioscout"}, "workview_url": "https://darwin.v7labs.com/workview?dataset=538883&item=0183d477-5686-caed-4cab-2b4e7af9f04c"}, "slots": [{"type": "image", "slot_name": "0", "width": 4064, "height": 3040, "thumbnail_url": "https://darwin.v7labs.com/api/v2/teams/bioscout/files/7f62990a-78cc-437d-b379-188d7b421770/thumbnail", "source_files": [{"file_name": "6105_a1e1014b-93cb-4d11-a7a8-eaa01f528ff7_2022_01_22.jpeg", "url": "https://darwin.v7labs.com/api/v2/teams/bioscout/uploads/34f9a7ba-523d-4740-8e2f-f3c36020df28"}]}]}, "annotations": [{"bounding_box": {"h": 160.0, "w": 260.0, "x": 0.0, "y": 216.0}, "id": "b7bc8891-ed6e-4566-bf6a-e875ff3d1e1c", "name": "Alternaria spp.", "slot_names": ["0"]}]}