{"version": "2.0", "schema_ref": "https://darwin-public.s3.eu-west-1.amazonaws.com/darwin_json_2_0.schema.json", "item": {"name": "6105_6ce47dda-b30a-4dbf-81f9-40f65674d06f_2022_01_17.jpeg", "path": "/", "source_info": {"dataset": {"name": "alternaria", "slug": "alternaria", "dataset_management_url": "https://darwin.v7labs.com/datasets/538883/dataset-management"}, "item_id": "0183d477-602a-1157-586f-f53175dd5584", "team": {"name": "BioScout", "slug": "bioscout"}, "workview_url": "https://darwin.v7labs.com/workview?dataset=538883&item=0183d477-602a-1157-586f-f53175dd5584"}, "slots": [{"type": "image", "slot_name": "0", "width": 4064, "height": 3040, "thumbnail_url": "https://darwin.v7labs.com/api/v2/teams/bioscout/files/f732a5c1-f367-4033-820c-014cfe4319d0/thumbnail", "source_files": [{"file_name": "6105_6ce47dda-b30a-4dbf-81f9-40f65674d06f_2022_01_17.jpeg", "url": "https://darwin.v7labs.com/api/v2/teams/bioscout/uploads/54f128d1-1a09-463b-b083-e7beedd490b4"}]}]}, "annotations": [{"bounding_box": {"h": 104.0, "w": 296.0, "x": 2256.0, "y": 452.0}, "id": "00bbab3f-f89c-45eb-b979-e1a813405963", "name": "Alternaria spp.", "slot_names": ["0"]}, {"bounding_box": {"h": 114.0, "w": 569.0, "x": 3351.0, "y": 667.0}, "id": "120a12aa-397a-498d-88a8-79a74202b9cb", "name": "Alternaria spp.", "slot_names": ["0"]}, {"bounding_box": {"h": 162.0, "w": 435.0, "x": 2941.0, "y": 242.0}, "id": "191a9e0a-1e75-4ac0-b93e-2b496cd3f8cd", "name": "Alternaria spp.", "slot_names": ["0"]}]}