{"version": "2.0", "schema_ref": "https://darwin-public.s3.eu-west-1.amazonaws.com/darwin_json_2_0.schema.json", "item": {"name": "6105_7a303d77-ef8a-4aca-b347-91e21c5c4189_2022_01_16.jpeg", "path": "/", "source_info": {"dataset": {"name": "alternaria", "slug": "alternaria", "dataset_management_url": "https://darwin.v7labs.com/datasets/538883/dataset-management"}, "item_id": "0183d477-568b-843a-6628-432272f2b7be", "team": {"name": "BioScout", "slug": "bioscout"}, "workview_url": "https://darwin.v7labs.com/workview?dataset=538883&item=0183d477-568b-843a-6628-432272f2b7be"}, "slots": [{"type": "image", "slot_name": "0", "width": 4064, "height": 3040, "thumbnail_url": "https://darwin.v7labs.com/api/v2/teams/bioscout/files/1421942e-c726-4924-ab86-b10d88047a22/thumbnail", "source_files": [{"file_name": "6105_7a303d77-ef8a-4aca-b347-91e21c5c4189_2022_01_16.jpeg", "url": "https://darwin.v7labs.com/api/v2/teams/bioscout/uploads/d0f0dd41-4331-4018-832a-b0f91bf535a8"}]}]}, "annotations": [{"bounding_box": {"h": 256.0, "w": 124.0, "x": 1052.0, "y": 820.0}, "id": "def4ca71-e98a-4739-acb7-179dd3d13250", "name": "Alternaria spp.", "slot_names": ["0"]}]}