{"version": "2.0", "schema_ref": "https://darwin-public.s3.eu-west-1.amazonaws.com/darwin_json_2_0.schema.json", "item": {"name": "6105_ec4dca59-dee7-47b8-83a2-5e2e2d7412f0_2022_01_15.jpeg", "path": "/", "source_info": {"dataset": {"name": "alternaria", "slug": "alternaria", "dataset_management_url": "https://darwin.v7labs.com/datasets/538883/dataset-management"}, "item_id": "0183d477-5682-74f9-0d43-ac731aad3881", "team": {"name": "BioScout", "slug": "bioscout"}, "workview_url": "https://darwin.v7labs.com/workview?dataset=538883&item=0183d477-5682-74f9-0d43-ac731aad3881"}, "slots": [{"type": "image", "slot_name": "0", "width": 4064, "height": 3040, "thumbnail_url": "https://darwin.v7labs.com/api/v2/teams/bioscout/files/b4186db1-0f02-405d-b157-e951db415d7e/thumbnail", "source_files": [{"file_name": "6105_ec4dca59-dee7-47b8-83a2-5e2e2d7412f0_2022_01_15.jpeg", "url": "https://darwin.v7labs.com/api/v2/teams/bioscout/uploads/c425491e-3bc9-4f5a-8f77-b5a19e6a83a5"}]}]}, "annotations": [{"bounding_box": {"h": 239.0, "w": 323.0, "x": 1920.0, "y": 1625.0}, "id": "628d09d8-ebed-4a49-a4cd-f6922a90d5dd", "name": "Alternaria spp.", "slot_names": ["0"]}, {"bounding_box": {"h": 261.0, "w": 372.0, "x": 1196.0, "y": 2523.0}, "id": "3490d99a-a4db-457f-a07c-1565c623dd00", "name": "Alternaria spp.", "slot_names": ["0"]}]}