{"version": "2.0", "schema_ref": "https://darwin-public.s3.eu-west-1.amazonaws.com/darwin_json_2_0.schema.json", "item": {"name": "6105_ea2206f7-ae74-49f1-870c-2fdbc959b6de_2022_01_02.jpeg", "path": "/", "source_info": {"dataset": {"name": "alternaria", "slug": "alternaria", "dataset_management_url": "https://darwin.v7labs.com/datasets/538883/dataset-management"}, "item_id": "0183d477-5688-d533-b842-a2128b6ec280", "team": {"name": "BioScout", "slug": "bioscout"}, "workview_url": "https://darwin.v7labs.com/workview?dataset=538883&item=0183d477-5688-d533-b842-a2128b6ec280"}, "slots": [{"type": "image", "slot_name": "0", "width": 4064, "height": 3040, "thumbnail_url": "https://darwin.v7labs.com/api/v2/teams/bioscout/files/466ba93d-9300-46fa-afb6-abb8008c940a/thumbnail", "source_files": [{"file_name": "6105_ea2206f7-ae74-49f1-870c-2fdbc959b6de_2022_01_02.jpeg", "url": "https://darwin.v7labs.com/api/v2/teams/bioscout/uploads/9380e3d1-b14f-4262-bbe1-6f51232ecf17"}]}]}, "annotations": [{"bounding_box": {"h": 344.0, "w": 216.0, "x": 684.0, "y": 172.0}, "id": "50081218-d3e4-49e7-923c-08a63833349d", "name": "Alternaria spp.", "slot_names": ["0"]}]}