{"version": "2.0", "schema_ref": "https://darwin-public.s3.eu-west-1.amazonaws.com/darwin_json_2_0.schema.json", "item": {"name": "6105_297d0cff-cd44-4eed-9c4d-6279c851db6e_2022_01_19.jpeg", "path": "/", "source_info": {"dataset": {"name": "alternaria", "slug": "alternaria", "dataset_management_url": "https://darwin.v7labs.com/datasets/538883/dataset-management"}, "item_id": "0183d477-602a-4476-af7f-9d2374825807", "team": {"name": "BioScout", "slug": "bioscout"}, "workview_url": "https://darwin.v7labs.com/workview?dataset=538883&item=0183d477-602a-4476-af7f-9d2374825807"}, "slots": [{"type": "image", "slot_name": "0", "width": 4064, "height": 3040, "thumbnail_url": "https://darwin.v7labs.com/api/v2/teams/bioscout/files/3ba54b57-9b38-4cb7-ba8c-a428de89426f/thumbnail", "source_files": [{"file_name": "6105_297d0cff-cd44-4eed-9c4d-6279c851db6e_2022_01_19.jpeg", "url": "https://darwin.v7labs.com/api/v2/teams/bioscout/uploads/a5a181d4-4ab4-49a1-a9f4-1a89e1703dc6"}]}]}, "annotations": [{"bounding_box": {"h": 197.0, "w": 235.0, "x": 2338.0, "y": 579.0}, "id": "d124655b-6c36-4cc1-957a-961941e359ae", "name": "Alternaria spp.", "slot_names": ["0"]}, {"bounding_box": {"h": 144.0, "w": 336.0, "x": 2116.0, "y": 780.0}, "id": "080f3234-7a3f-43c7-a593-bcddd4c1ecd1", "name": "Alternaria spp.", "slot_names": ["0"]}]}