{"version": "2.0", "schema_ref": "https://darwin-public.s3.eu-west-1.amazonaws.com/darwin_json_2_0.schema.json", "item": {"name": "6105_f0b630e5-0fa7-4c09-b984-84a3e30ab6d2_2022_01_17.jpeg", "path": "/", "source_info": {"dataset": {"name": "alternaria", "slug": "alternaria", "dataset_management_url": "https://darwin.v7labs.com/datasets/538883/dataset-management"}, "item_id": "0183d477-5689-5845-74f8-5b0a3890215b", "team": {"name": "BioScout", "slug": "bioscout"}, "workview_url": "https://darwin.v7labs.com/workview?dataset=538883&item=0183d477-5689-5845-74f8-5b0a3890215b"}, "slots": [{"type": "image", "slot_name": "0", "width": 4064, "height": 3040, "thumbnail_url": "https://darwin.v7labs.com/api/v2/teams/bioscout/files/c9fd86a6-c2e6-42b7-abc2-f92482c5cd4f/thumbnail", "source_files": [{"file_name": "6105_f0b630e5-0fa7-4c09-b984-84a3e30ab6d2_2022_01_17.jpeg", "url": "https://darwin.v7labs.com/api/v2/teams/bioscout/uploads/83854073-f2ac-485a-a89c-81f49bbce2f4"}]}]}, "annotations": []}