{"version": "2.0", "schema_ref": "https://darwin-public.s3.eu-west-1.amazonaws.com/darwin_json_2_0.schema.json", "item": {"name": "6105_3b0c6dd4-9ac7-4283-990f-e2c84ccda812_2022_01_17.jpeg", "path": "/", "source_info": {"dataset": {"name": "alternaria", "slug": "alternaria", "dataset_management_url": "https://darwin.v7labs.com/datasets/538883/dataset-management"}, "item_id": "0183d477-5681-c617-edc9-d86755c7e806", "team": {"name": "BioScout", "slug": "bioscout"}, "workview_url": "https://darwin.v7labs.com/workview?dataset=538883&item=0183d477-5681-c617-edc9-d86755c7e806"}, "slots": [{"type": "image", "slot_name": "0", "width": 4064, "height": 3040, "thumbnail_url": "https://darwin.v7labs.com/api/v2/teams/bioscout/files/9aed8e48-f953-484b-9e9d-e437e629f220/thumbnail", "source_files": [{"file_name": "6105_3b0c6dd4-9ac7-4283-990f-e2c84ccda812_2022_01_17.jpeg", "url": "https://darwin.v7labs.com/api/v2/teams/bioscout/uploads/f25060c3-1e3f-41d2-bd3d-69de620d25c8"}]}]}, "annotations": [{"bounding_box": {"h": 98.0, "w": 280.0, "x": 2889.0, "y": 2636.0}, "id": "73247cc7-4451-425f-8656-699ce04499c6", "name": "Alternaria spp.", "slot_names": ["0"]}]}