{"version": "2.0", "schema_ref": "https://darwin-public.s3.eu-west-1.amazonaws.com/darwin_json_2_0.schema.json", "item": {"name": "6105_72bc2bcc-c518-4597-be4b-c46a5fbd87da_2022_01_17.jpeg", "path": "/", "source_info": {"dataset": {"name": "alternaria", "slug": "alternaria", "dataset_management_url": "https://darwin.v7labs.com/datasets/538883/dataset-management"}, "item_id": "0183d477-6026-891d-e8da-87d843d9b4a4", "team": {"name": "BioScout", "slug": "bioscout"}, "workview_url": "https://darwin.v7labs.com/workview?dataset=538883&item=0183d477-6026-891d-e8da-87d843d9b4a4"}, "slots": [{"type": "image", "slot_name": "0", "width": 4064, "height": 3040, "thumbnail_url": "https://darwin.v7labs.com/api/v2/teams/bioscout/files/efe45c11-c9ab-4280-ade5-73ec2c0fc8c8/thumbnail", "source_files": [{"file_name": "6105_72bc2bcc-c518-4597-be4b-c46a5fbd87da_2022_01_17.jpeg", "url": "https://darwin.v7labs.com/api/v2/teams/bioscout/uploads/dad14853-ba1c-48ee-acd3-a34b2c707d5a"}]}]}, "annotations": [{"bounding_box": {"h": 253.0, "w": 418.0, "x": 963.0, "y": 2328.0}, "id": "3fda2b5d-2aae-438b-b9e4-330aaa7b3410", "name": "Alternaria spp.", "slot_names": ["0"]}, {"bounding_box": {"h": 99.0, "w": 243.0, "x": 460.0, "y": 2362.0}, "id": "d492406b-5250-483c-945a-0e87ed7bf8a3", "name": "Alternaria spp.", "slot_names": ["0"]}, {"bounding_box": {"h": 264.0, "w": 208.0, "x": 1332.0, "y": 1784.0}, "id": "66ed07fd-1ba1-4c00-bfbe-a32f2088f2a7", "name": "Alternaria spp.", "slot_names": ["0"]}, {"bounding_box": {"h": 292.0, "w": 160.0, "x": 328.0, "y": 420.0}, "id": "fe13f435-40d8-485b-b143-d54f824faf3e", "name": "Alternaria spp.", "slot_names": ["0"]}]}