{"version": "2.0", "schema_ref": "https://darwin-public.s3.eu-west-1.amazonaws.com/darwin_json_2_0.schema.json", "item": {"name": "6105_b9e3e096-e8c8-4aa8-b322-e5fc724b0f90_2022_01_13.jpeg", "path": "/", "source_info": {"dataset": {"name": "alternaria", "slug": "alternaria", "dataset_management_url": "https://darwin.v7labs.com/datasets/538883/dataset-management"}, "item_id": "0183d477-5683-1666-e742-409bdda2e6b2", "team": {"name": "BioScout", "slug": "bioscout"}, "workview_url": "https://darwin.v7labs.com/workview?dataset=538883&item=0183d477-5683-1666-e742-409bdda2e6b2"}, "slots": [{"type": "image", "slot_name": "0", "width": 4064, "height": 3040, "thumbnail_url": "https://darwin.v7labs.com/api/v2/teams/bioscout/files/84bd06c8-b68b-4527-9d57-fa99cc273511/thumbnail", "source_files": [{"file_name": "6105_b9e3e096-e8c8-4aa8-b322-e5fc724b0f90_2022_01_13.jpeg", "url": "https://darwin.v7labs.com/api/v2/teams/bioscout/uploads/5892c083-3f7d-4f3a-b52a-6b8dc602132b"}]}]}, "annotations": [{"bounding_box": {"h": 91.0, "w": 230.0, "x": 2041.0, "y": 2009.0}, "id": "8865618d-d065-40f7-8b24-ed64e06a0f83", "name": "Alternaria spp.", "slot_names": ["0"]}, {"bounding_box": {"h": 123.0, "w": 285.0, "x": 1845.0, "y": 383.0}, "id": "c29a57ef-8085-4aa3-b84d-57739e1f76a7", "name": "Alternaria spp.", "slot_names": ["0"]}, {"bounding_box": {"h": 144.0, "w": 332.0, "x": 196.0, "y": 116.0}, "id": "b5c957e8-5185-4983-b4fa-37c30879842f", "name": "Alternaria spp.", "slot_names": ["0"]}]}