{"version": "2.0", "schema_ref": "https://darwin-public.s3.eu-west-1.amazonaws.com/darwin_json_2_0.schema.json", "item": {"name": "6105_1605924b-2c65-4dc5-be84-9bf932d92ded_2022_01_15.jpeg", "path": "/", "source_info": {"dataset": {"name": "alternaria", "slug": "alternaria", "dataset_management_url": "https://darwin.v7labs.com/datasets/538883/dataset-management"}, "item_id": "0183d477-5679-857f-99f9-ed63493ff45c", "team": {"name": "BioScout", "slug": "bioscout"}, "workview_url": "https://darwin.v7labs.com/workview?dataset=538883&item=0183d477-5679-857f-99f9-ed63493ff45c"}, "slots": [{"type": "image", "slot_name": "0", "width": 4064, "height": 3040, "thumbnail_url": "https://darwin.v7labs.com/api/v2/teams/bioscout/files/c853aef6-f8a8-47f6-b0cb-542b61add2bd/thumbnail", "source_files": [{"file_name": "6105_1605924b-2c65-4dc5-be84-9bf932d92ded_2022_01_15.jpeg", "url": "https://darwin.v7labs.com/api/v2/teams/bioscout/uploads/f8af0776-a677-43c8-855d-63c88d906990"}]}]}, "annotations": [{"bounding_box": {"h": 172.0, "w": 328.0, "x": 404.0, "y": 1536.0}, "id": "4e55c4ad-b02b-459f-b089-4edffb6cee88", "name": "Alternaria spp.", "slot_names": ["0"]}]}