{"version": "2.0", "schema_ref": "https://darwin-public.s3.eu-west-1.amazonaws.com/darwin_json_2_0.schema.json", "item": {"name": "6105_18ab2507-7d75-4992-9ffc-e9289a87be8f_2022_01_28.jpeg", "path": "/", "source_info": {"dataset": {"name": "alternaria", "slug": "alternaria", "dataset_management_url": "https://darwin.v7labs.com/datasets/538883/dataset-management"}, "item_id": "0183d477-5678-3af2-1e1d-5db6447cd8b2", "team": {"name": "BioScout", "slug": "bioscout"}, "workview_url": "https://darwin.v7labs.com/workview?dataset=538883&item=0183d477-5678-3af2-1e1d-5db6447cd8b2"}, "slots": [{"type": "image", "slot_name": "0", "width": 4064, "height": 3040, "thumbnail_url": "https://darwin.v7labs.com/api/v2/teams/bioscout/files/664d5605-5f09-4ebe-988c-63de93148697/thumbnail", "source_files": [{"file_name": "6105_18ab2507-7d75-4992-9ffc-e9289a87be8f_2022_01_28.jpeg", "url": "https://darwin.v7labs.com/api/v2/teams/bioscout/uploads/86cec035-0fda-4c62-887f-69435e3d8bd0"}]}]}, "annotations": [{"bounding_box": {"h": 86.0, "w": 259.0, "x": 1912.0, "y": 2866.0}, "id": "a7ccb837-6e28-4fa4-8aae-904e118fe59f", "name": "Alternaria spp.", "slot_names": ["0"]}]}