{"version": "2.0", "schema_ref": "https://darwin-public.s3.eu-west-1.amazonaws.com/darwin_json_2_0.schema.json", "item": {"name": "6105_10792e21-fc16-4797-ba2b-e4b44c90d64e_2022_01_16.jpeg", "path": "/", "source_info": {"dataset": {"name": "alternaria", "slug": "alternaria", "dataset_management_url": "https://darwin.v7labs.com/datasets/538883/dataset-management"}, "item_id": "0183d477-602e-1148-f1b3-abe75d67d583", "team": {"name": "BioScout", "slug": "bioscout"}, "workview_url": "https://darwin.v7labs.com/workview?dataset=538883&item=0183d477-602e-1148-f1b3-abe75d67d583"}, "slots": [{"type": "image", "slot_name": "0", "width": 4064, "height": 3040, "thumbnail_url": "https://darwin.v7labs.com/api/v2/teams/bioscout/files/80690a36-dcce-45b2-9a99-55ebf5de34cf/thumbnail", "source_files": [{"file_name": "6105_10792e21-fc16-4797-ba2b-e4b44c90d64e_2022_01_16.jpeg", "url": "https://darwin.v7labs.com/api/v2/teams/bioscout/uploads/df93ba45-904c-4dab-9aca-1521007bfba0"}]}]}, "annotations": [{"bounding_box": {"h": 138.0, "w": 213.0, "x": 2634.0, "y": 226.0}, "id": "e068a53d-aa3f-4ab7-aa06-1239c7aa134f", "name": "Alternaria spp.", "slot_names": ["0"]}]}