{"version": "2.0", "schema_ref": "https://darwin-public.s3.eu-west-1.amazonaws.com/darwin_json_2_0.schema.json", "item": {"name": "6105_cafd0e43-d455-4716-a2be-0fe5bd294b73_2022_01_15.jpeg", "path": "/", "source_info": {"dataset": {"name": "alternaria", "slug": "alternaria", "dataset_management_url": "https://darwin.v7labs.com/datasets/538883/dataset-management"}, "item_id": "0183d477-5687-289c-2680-5d2ca895c075", "team": {"name": "BioScout", "slug": "bioscout"}, "workview_url": "https://darwin.v7labs.com/workview?dataset=538883&item=0183d477-5687-289c-2680-5d2ca895c075"}, "slots": [{"type": "image", "slot_name": "0", "width": 4064, "height": 3040, "thumbnail_url": "https://darwin.v7labs.com/api/v2/teams/bioscout/files/6e801644-11c7-42fa-9599-1634ead4f376/thumbnail", "source_files": [{"file_name": "6105_cafd0e43-d455-4716-a2be-0fe5bd294b73_2022_01_15.jpeg", "url": "https://darwin.v7labs.com/api/v2/teams/bioscout/uploads/fe0a4164-cf29-4193-8395-5b1fd87785ff"}]}]}, "annotations": [{"bounding_box": {"h": 85.0, "w": 225.0, "x": 2487.0, "y": 2481.0}, "id": "bff2e193-241f-4f29-a53f-8e3a18bae036", "name": "Alternaria spp.", "slot_names": ["0"]}, {"bounding_box": {"h": 189.0, "w": 308.0, "x": 3121.0, "y": 2306.0}, "id": "3e9404d4-70bc-420a-82ec-f040e44e6837", "name": "Alternaria spp.", "slot_names": ["0"]}, {"bounding_box": {"h": 92.0, "w": 244.0, "x": 2473.0, "y": 2368.0}, "id": "9c7d73ef-d66e-444b-a484-43dc86fc4e32", "name": "Alternaria spp.", "slot_names": ["0"]}]}