{"version": "2.0", "schema_ref": "https://darwin-public.s3.eu-west-1.amazonaws.com/darwin_json_2_0.schema.json", "item": {"name": "6105_559c5857-d356-4049-8645-9707c5204c9a_2022_01_26.jpeg", "path": "/", "source_info": {"dataset": {"name": "alternaria", "slug": "alternaria", "dataset_management_url": "https://darwin.v7labs.com/datasets/538883/dataset-management"}, "item_id": "0183d477-5684-4937-5cee-834347ec3a02", "team": {"name": "BioScout", "slug": "bioscout"}, "workview_url": "https://darwin.v7labs.com/workview?dataset=538883&item=0183d477-5684-4937-5cee-834347ec3a02"}, "slots": [{"type": "image", "slot_name": "0", "width": 4064, "height": 3040, "thumbnail_url": "https://darwin.v7labs.com/api/v2/teams/bioscout/files/696c6e09-758b-421d-8b4e-8d794bba0668/thumbnail", "source_files": [{"file_name": "6105_559c5857-d356-4049-8645-9707c5204c9a_2022_01_26.jpeg", "url": "https://darwin.v7labs.com/api/v2/teams/bioscout/uploads/eb38ba0c-0ca1-438b-a017-8d76f517ca1c"}]}]}, "annotations": [{"bounding_box": {"h": 124.0, "w": 280.0, "x": 2208.0, "y": 528.0}, "id": "f10e1ff7-b048-45ee-a73e-a6f88e3e191d", "name": "Alternaria spp.", "slot_names": ["0"]}, {"bounding_box": {"h": 107.0, "w": 238.0, "x": 2516.0, "y": 2121.0}, "id": "f915b269-329f-4073-97b8-0bdc478d8d9c", "name": "Alternaria spp.", "slot_names": ["0"]}]}