{"version": "2.0", "schema_ref": "https://darwin-public.s3.eu-west-1.amazonaws.com/darwin_json_2_0.schema.json", "item": {"name": "6105_956db1d8-a379-4943-93f0-219ee2bc5ec8_2022_01_22.jpeg", "path": "/", "source_info": {"dataset": {"name": "alternaria", "slug": "alternaria", "dataset_management_url": "https://darwin.v7labs.com/datasets/538883/dataset-management"}, "item_id": "0183d477-568a-cb4c-0ca7-8aad58f0f929", "team": {"name": "BioScout", "slug": "bioscout"}, "workview_url": "https://darwin.v7labs.com/workview?dataset=538883&item=0183d477-568a-cb4c-0ca7-8aad58f0f929"}, "slots": [{"type": "image", "slot_name": "0", "width": 4064, "height": 3040, "thumbnail_url": "https://darwin.v7labs.com/api/v2/teams/bioscout/files/bcad66d6-8085-480e-8888-1338f5588dac/thumbnail", "source_files": [{"file_name": "6105_956db1d8-a379-4943-93f0-219ee2bc5ec8_2022_01_22.jpeg", "url": "https://darwin.v7labs.com/api/v2/teams/bioscout/uploads/e9e3c3ef-ee7b-47c0-acc0-f2ad2a5ad6fb"}]}]}, "annotations": [{"bounding_box": {"h": 100.0, "w": 404.0, "x": 1120.0, "y": 656.0}, "id": "7006d982-6e9f-45ab-bd42-3defdf62cddd", "name": "Alternaria spp.", "slot_names": ["0"]}]}