{"version": "2.0", "schema_ref": "https://darwin-public.s3.eu-west-1.amazonaws.com/darwin_json_2_0.schema.json", "item": {"name": "6105_12446627-ed3d-429d-aa40-2ee8171fd3f5_2022_01_10.jpeg", "path": "/", "source_info": {"dataset": {"name": "alternaria", "slug": "alternaria", "dataset_management_url": "https://darwin.v7labs.com/datasets/538883/dataset-management"}, "item_id": "0183d477-5688-c2ef-9a53-0c06c5e04e66", "team": {"name": "BioScout", "slug": "bioscout"}, "workview_url": "https://darwin.v7labs.com/workview?dataset=538883&item=0183d477-5688-c2ef-9a53-0c06c5e04e66"}, "slots": [{"type": "image", "slot_name": "0", "width": 4064, "height": 3040, "thumbnail_url": "https://darwin.v7labs.com/api/v2/teams/bioscout/files/d86a74e6-e554-406b-abae-f20d67d360be/thumbnail", "source_files": [{"file_name": "6105_12446627-ed3d-429d-aa40-2ee8171fd3f5_2022_01_10.jpeg", "url": "https://darwin.v7labs.com/api/v2/teams/bioscout/uploads/526dcc20-0731-4b1a-b919-b4849a702d72"}]}]}, "annotations": [{"bounding_box": {"h": 386.0, "w": 239.0, "x": 944.0, "y": 2654.0}, "id": "0b2247ec-4015-41be-a982-b40df5ee7ac4", "name": "Alternaria spp.", "slot_names": ["0"]}]}