{"version": "2.0", "schema_ref": "https://darwin-public.s3.eu-west-1.amazonaws.com/darwin_json_2_0.schema.json", "item": {"name": "6105_d00f4171-c9e6-4428-8e05-8d5b5f19e483_2022_01_23.jpeg", "path": "/", "source_info": {"dataset": {"name": "alternaria", "slug": "alternaria", "dataset_management_url": "https://darwin.v7labs.com/datasets/538883/dataset-management"}, "item_id": "0183d477-5685-b271-9135-407b404bf6de", "team": {"name": "BioScout", "slug": "bioscout"}, "workview_url": "https://darwin.v7labs.com/workview?dataset=538883&item=0183d477-5685-b271-9135-407b404bf6de"}, "slots": [{"type": "image", "slot_name": "0", "width": 4064, "height": 3040, "thumbnail_url": "https://darwin.v7labs.com/api/v2/teams/bioscout/files/8c371486-553a-4888-a4fc-2a6e98660026/thumbnail", "source_files": [{"file_name": "6105_d00f4171-c9e6-4428-8e05-8d5b5f19e483_2022_01_23.jpeg", "url": "https://darwin.v7labs.com/api/v2/teams/bioscout/uploads/98b241be-9ed4-435c-b6d4-49000803ff4f"}]}]}, "annotations": [{"bounding_box": {"h": 88.0, "w": 109.0, "x": 808.0, "y": 2941.0}, "id": "788513cb-c754-429d-a664-438aede6c718", "name": "Alternaria spp.", "slot_names": ["0"]}, {"bounding_box": {"h": 107.0, "w": 241.0, "x": 768.0, "y": 2662.0}, "id": "4a79ac2d-e466-40a1-a031-234bd16912a8", "name": "Alternaria spp.", "slot_names": ["0"]}]}