{"version": "2.0", "schema_ref": "https://darwin-public.s3.eu-west-1.amazonaws.com/darwin_json_2_0.schema.json", "item": {"name": "6105_12594a22-27e8-4b15-a081-242ab62c16c0_2022_01_13.jpeg", "path": "/", "source_info": {"dataset": {"name": "alternaria", "slug": "alternaria", "dataset_management_url": "https://darwin.v7labs.com/datasets/538883/dataset-management"}, "item_id": "0183d477-6027-c97c-d83c-c761521cefb5", "team": {"name": "BioScout", "slug": "bioscout"}, "workview_url": "https://darwin.v7labs.com/workview?dataset=538883&item=0183d477-6027-c97c-d83c-c761521cefb5"}, "slots": [{"type": "image", "slot_name": "0", "width": 4064, "height": 3040, "thumbnail_url": "https://darwin.v7labs.com/api/v2/teams/bioscout/files/78d4e429-581b-4810-93b7-213848d44bb5/thumbnail", "source_files": [{"file_name": "6105_12594a22-27e8-4b15-a081-242ab62c16c0_2022_01_13.jpeg", "url": "https://darwin.v7labs.com/api/v2/teams/bioscout/uploads/1e7001d2-68fc-4b12-8fe7-8211a12aa951"}]}]}, "annotations": [{"bounding_box": {"h": 163.0, "w": 265.0, "x": 1238.0, "y": 2635.0}, "id": "82b8b1c8-a55f-45aa-8e6c-c82be143b1ea", "name": "Alternaria spp.", "slot_names": ["0"]}]}