{"version": "2.0", "schema_ref": "https://darwin-public.s3.eu-west-1.amazonaws.com/darwin_json_2_0.schema.json", "item": {"name": "6105_c859549f-85b9-4196-ae80-9958ad5bfc2a_2022_01_13.jpeg", "path": "/", "source_info": {"dataset": {"name": "alternaria", "slug": "alternaria", "dataset_management_url": "https://darwin.v7labs.com/datasets/538883/dataset-management"}, "item_id": "0183d477-602e-b725-30de-3de02fce99dc", "team": {"name": "BioScout", "slug": "bioscout"}, "workview_url": "https://darwin.v7labs.com/workview?dataset=538883&item=0183d477-602e-b725-30de-3de02fce99dc"}, "slots": [{"type": "image", "slot_name": "0", "width": 4064, "height": 3040, "thumbnail_url": "https://darwin.v7labs.com/api/v2/teams/bioscout/files/9008565c-ce7f-4f04-bb04-9424f6739bda/thumbnail", "source_files": [{"file_name": "6105_c859549f-85b9-4196-ae80-9958ad5bfc2a_2022_01_13.jpeg", "url": "https://darwin.v7labs.com/api/v2/teams/bioscout/uploads/c375c054-8e67-4ab6-8472-8283d4ed1845"}]}]}, "annotations": [{"bounding_box": {"h": 104.0, "w": 360.0, "x": 1288.0, "y": 824.0}, "id": "eb0981e9-9030-41fb-b001-baf1015433dd", "name": "Alternaria spp.", "slot_names": ["0"]}, {"bounding_box": {"h": 88.0, "w": 239.0, "x": 3419.0, "y": 0.0}, "id": "667aa01b-ab6e-4b5f-a1aa-99390e3f78ed", "name": "Alternaria spp.", "slot_names": ["0"]}]}