{"version": "2.0", "schema_ref": "https://darwin-public.s3.eu-west-1.amazonaws.com/darwin_json_2_0.schema.json", "item": {"name": "6105_8e5d76fa-5fde-4be1-8545-ab6c21b6c269_2022_01_13.jpeg", "path": "/", "source_info": {"dataset": {"name": "alternaria", "slug": "alternaria", "dataset_management_url": "https://darwin.v7labs.com/datasets/538883/dataset-management"}, "item_id": "0183d477-5686-f07e-ab40-14c96d1ccdfa", "team": {"name": "BioScout", "slug": "bioscout"}, "workview_url": "https://darwin.v7labs.com/workview?dataset=538883&item=0183d477-5686-f07e-ab40-14c96d1ccdfa"}, "slots": [{"type": "image", "slot_name": "0", "width": 4064, "height": 3040, "thumbnail_url": "https://darwin.v7labs.com/api/v2/teams/bioscout/files/840773e9-3878-4a66-8291-678a451aaf04/thumbnail", "source_files": [{"file_name": "6105_8e5d76fa-5fde-4be1-8545-ab6c21b6c269_2022_01_13.jpeg", "url": "https://darwin.v7labs.com/api/v2/teams/bioscout/uploads/064ff96a-d21c-4b2b-9428-2da35de7736e"}]}]}, "annotations": [{"bounding_box": {"h": 159.0, "w": 251.0, "x": 3810.0, "y": 65.0}, "id": "4bad726f-f645-411a-b060-d844997dc6ec", "name": "Alternaria spp.", "slot_names": ["0"]}, {"bounding_box": {"h": 124.0, "w": 369.0, "x": 933.0, "y": 2795.0}, "id": "463c293c-1aa9-411b-9401-22a18d360937", "name": "Alternaria spp.", "slot_names": ["0"]}, {"bounding_box": {"h": 131.0, "w": 220.0, "x": 887.0, "y": 2201.0}, "id": "64b0ae23-c15e-4c48-8d87-3a43d868fe80", "name": "Alternaria spp.", "slot_names": ["0"]}, {"bounding_box": {"h": 136.0, "w": 341.0, "x": 1593.0, "y": 2558.0}, "id": "bdceb70e-9f0d-4b9f-af60-7ec5c3e3df63", "name": "Alternaria spp.", "slot_names": ["0"]}, {"bounding_box": {"h": 100.0, "w": 288.0, "x": 2468.0, "y": 300.0}, "id": "1c3cecbd-8dbe-41c7-8c8e-bbbb2a90f4a6", "name": "Alternaria spp.", "slot_names": ["0"]}, {"bounding_box": {"h": 208.0, "w": 244.0, "x": 2108.0, "y": 712.0}, "id": "7efccd48-0b61-4e99-bbcc-376210efc486", "name": "Alternaria spp.", "slot_names": ["0"]}, {"bounding_box": {"h": 272.0, "w": 180.0, "x": 480.0, "y": 660.0}, "id": "b9151fd9-cbc1-47a1-9873-cdd2d8dbd8e1", "name": "Alternaria spp.", "slot_names": ["0"]}]}