{"version": "2.0", "schema_ref": "https://darwin-public.s3.eu-west-1.amazonaws.com/darwin_json_2_0.schema.json", "item": {"name": "6105_3148c629-9050-4a42-ab30-7f891a8eef99_2022_01_18.jpeg", "path": "/", "source_info": {"dataset": {"name": "alternaria", "slug": "alternaria", "dataset_management_url": "https://darwin.v7labs.com/datasets/538883/dataset-management"}, "item_id": "0183d477-602e-df7f-2bd9-dbcfb4cf6d0a", "team": {"name": "BioScout", "slug": "bioscout"}, "workview_url": "https://darwin.v7labs.com/workview?dataset=538883&item=0183d477-602e-df7f-2bd9-dbcfb4cf6d0a"}, "slots": [{"type": "image", "slot_name": "0", "width": 4064, "height": 3040, "thumbnail_url": "https://darwin.v7labs.com/api/v2/teams/bioscout/files/73ce6d66-7f8c-48f2-b6d5-e593438bc181/thumbnail", "source_files": [{"file_name": "6105_3148c629-9050-4a42-ab30-7f891a8eef99_2022_01_18.jpeg", "url": "https://darwin.v7labs.com/api/v2/teams/bioscout/uploads/1ea6b873-3bb3-48ed-b62b-ff8e37305516"}]}]}, "annotations": [{"bounding_box": {"h": 340.0, "w": 134.0, "x": 3708.0, "y": 87.0}, "id": "ab885e88-5044-41d2-b198-a84d27087eca", "name": "Alternaria spp.", "slot_names": ["0"]}, {"bounding_box": {"h": 308.0, "w": 308.0, "x": 1924.0, "y": 312.0}, "id": "95675931-99ad-4a60-9097-2e2f7ead9f34", "name": "Alternaria spp.", "slot_names": ["0"]}]}