{"version": "2.0", "schema_ref": "https://darwin-public.s3.eu-west-1.amazonaws.com/darwin_json_2_0.schema.json", "item": {"name": "6105_c7b87a39-2677-4865-b7bc-06636be5cbd6_2022_01_19.jpeg", "path": "/", "source_info": {"dataset": {"name": "alternaria", "slug": "alternaria", "dataset_management_url": "https://darwin.v7labs.com/datasets/538883/dataset-management"}, "item_id": "0183d477-567b-e904-21d3-e14cdcea3ff5", "team": {"name": "BioScout", "slug": "bioscout"}, "workview_url": "https://darwin.v7labs.com/workview?dataset=538883&item=0183d477-567b-e904-21d3-e14cdcea3ff5"}, "slots": [{"type": "image", "slot_name": "0", "width": 4064, "height": 3040, "thumbnail_url": "https://darwin.v7labs.com/api/v2/teams/bioscout/files/ae45535e-efb8-4010-9107-8b865fb35b40/thumbnail", "source_files": [{"file_name": "6105_c7b87a39-2677-4865-b7bc-06636be5cbd6_2022_01_19.jpeg", "url": "https://darwin.v7labs.com/api/v2/teams/bioscout/uploads/13a167b7-46f6-4924-beba-af3553097479"}]}]}, "annotations": [{"bounding_box": {"h": 188.0, "w": 444.0, "x": 852.0, "y": 1780.0}, "id": "b8297255-a50f-40ea-b72c-c82227806e9d", "name": "Alternaria spp.", "slot_names": ["0"]}, {"bounding_box": {"h": 309.0, "w": 95.0, "x": 49.0, "y": 2034.0}, "id": "482e69c4-6812-4566-9a66-8476c0364f3f", "name": "Alternaria spp.", "slot_names": ["0"]}]}