{"version": "2.0", "schema_ref": "https://darwin-public.s3.eu-west-1.amazonaws.com/darwin_json_2_0.schema.json", "item": {"name": "6105_c6f8b754-a98c-417e-b6dc-8a29bfc1b8d2_2022_01_10.jpeg", "path": "/", "source_info": {"dataset": {"name": "alternaria", "slug": "alternaria", "dataset_management_url": "https://darwin.v7labs.com/datasets/538883/dataset-management"}, "item_id": "0183d477-5689-b26f-eee6-d18724944e66", "team": {"name": "BioScout", "slug": "bioscout"}, "workview_url": "https://darwin.v7labs.com/workview?dataset=538883&item=0183d477-5689-b26f-eee6-d18724944e66"}, "slots": [{"type": "image", "slot_name": "0", "width": 4064, "height": 3040, "thumbnail_url": "https://darwin.v7labs.com/api/v2/teams/bioscout/files/a9f9a1ca-df89-41eb-b2c4-d88d60f0647e/thumbnail", "source_files": [{"file_name": "6105_c6f8b754-a98c-417e-b6dc-8a29bfc1b8d2_2022_01_10.jpeg", "url": "https://darwin.v7labs.com/api/v2/teams/bioscout/uploads/cbfb470e-7bc3-41f2-877f-989da2da11dc"}]}]}, "annotations": [{"bounding_box": {"h": 225.0, "w": 108.0, "x": 2151.0, "y": 760.0}, "id": "d50364ec-14d7-4f0e-baeb-3c724d1bb7dd", "name": "Alternaria spp.", "slot_names": ["0"]}]}