{"version": "2.0", "schema_ref": "https://darwin-public.s3.eu-west-1.amazonaws.com/darwin_json_2_0.schema.json", "item": {"name": "6105_229faf36-6b45-47ac-85e6-ac776233ad43_2022_01_20.jpeg", "path": "/", "source_info": {"dataset": {"name": "alternaria", "slug": "alternaria", "dataset_management_url": "https://darwin.v7labs.com/datasets/538883/dataset-management"}, "item_id": "0183d477-5675-b4c8-c5ca-f7efb9155cce", "team": {"name": "BioScout", "slug": "bioscout"}, "workview_url": "https://darwin.v7labs.com/workview?dataset=538883&item=0183d477-5675-b4c8-c5ca-f7efb9155cce"}, "slots": [{"type": "image", "slot_name": "0", "width": 4064, "height": 3040, "thumbnail_url": "https://darwin.v7labs.com/api/v2/teams/bioscout/files/13e1042f-c24e-4bb5-af44-30f664851386/thumbnail", "source_files": [{"file_name": "6105_229faf36-6b45-47ac-85e6-ac776233ad43_2022_01_20.jpeg", "url": "https://darwin.v7labs.com/api/v2/teams/bioscout/uploads/7c1af9ce-5704-453d-ae58-8e530ce0773b"}]}]}, "annotations": [{"bounding_box": {"h": 116.0, "w": 384.0, "x": 548.0, "y": 1912.0}, "id": "e26d53d5-2b80-4909-adde-e104a5399270", "name": "Alternaria spp.", "slot_names": ["0"]}]}