{"version": "2.0", "schema_ref": "https://darwin-public.s3.eu-west-1.amazonaws.com/darwin_json_2_0.schema.json", "item": {"name": "6105_253d4e73-41f2-4a93-b2c2-3ab7bfe41bd0_2022_01_02.jpeg", "path": "/", "source_info": {"dataset": {"name": "alternaria", "slug": "alternaria", "dataset_management_url": "https://darwin.v7labs.com/datasets/538883/dataset-management"}, "item_id": "0183d477-5688-0b3f-509e-04492b35f36e", "team": {"name": "BioScout", "slug": "bioscout"}, "workview_url": "https://darwin.v7labs.com/workview?dataset=538883&item=0183d477-5688-0b3f-509e-04492b35f36e"}, "slots": [{"type": "image", "slot_name": "0", "width": 4064, "height": 3040, "thumbnail_url": "https://darwin.v7labs.com/api/v2/teams/bioscout/files/878a5ad7-7341-4387-be98-4d76f2c175f8/thumbnail", "source_files": [{"file_name": "6105_253d4e73-41f2-4a93-b2c2-3ab7bfe41bd0_2022_01_02.jpeg", "url": "https://darwin.v7labs.com/api/v2/teams/bioscout/uploads/3ad3dd61-0cdc-4352-a2bb-f9d2ee8aed96"}]}]}, "annotations": [{"bounding_box": {"h": 100.0, "w": 416.0, "x": 1260.0, "y": 1488.0}, "id": "2cd9c60a-2228-4a89-a8df-9fbbcdd8639b", "name": "Alternaria spp.", "slot_names": ["0"]}]}