{"version": "2.0", "schema_ref": "https://darwin-public.s3.eu-west-1.amazonaws.com/darwin_json_2_0.schema.json", "item": {"name": "6105_a1dd9232-e32f-4b29-809f-27cb5f6e79f3_2022_01_25.jpeg", "path": "/", "source_info": {"dataset": {"name": "alternaria", "slug": "alternaria", "dataset_management_url": "https://darwin.v7labs.com/datasets/538883/dataset-management"}, "item_id": "0183d477-6030-d8e8-a942-ec0abe45a041", "team": {"name": "BioScout", "slug": "bioscout"}, "workview_url": "https://darwin.v7labs.com/workview?dataset=538883&item=0183d477-6030-d8e8-a942-ec0abe45a041"}, "slots": [{"type": "image", "slot_name": "0", "width": 4064, "height": 3040, "thumbnail_url": "https://darwin.v7labs.com/api/v2/teams/bioscout/files/13ea340d-31d0-463f-ba11-00411b8a672e/thumbnail", "source_files": [{"file_name": "6105_a1dd9232-e32f-4b29-809f-27cb5f6e79f3_2022_01_25.jpeg", "url": "https://darwin.v7labs.com/api/v2/teams/bioscout/uploads/7febda84-f771-4e33-8eb4-baa669a5be8b"}]}]}, "annotations": [{"bounding_box": {"h": 136.0, "w": 248.0, "x": 1444.0, "y": 752.0}, "id": "3770a74a-f88d-48f1-8b40-2dbf3f848360", "name": "Alternaria spp.", "slot_names": ["0"]}, {"bounding_box": {"h": 120.0, "w": 312.0, "x": 1364.0, "y": 1700}, "id": "0b1ba82b-2568-4840-a074-890520b0308b", "name": "Alternaria spp.", "slot_names": ["0"]}]}