{"version": "2.0", "schema_ref": "https://darwin-public.s3.eu-west-1.amazonaws.com/darwin_json_2_0.schema.json", "item": {"name": "6105_03c26329-8511-4849-ad13-425e7bf65b31_2022_01_22.jpeg", "path": "/", "source_info": {"dataset": {"name": "alternaria", "slug": "alternaria", "dataset_management_url": "https://darwin.v7labs.com/datasets/538883/dataset-management"}, "item_id": "0183d477-5679-3879-e5ef-fdc4f861790f", "team": {"name": "BioScout", "slug": "bioscout"}, "workview_url": "https://darwin.v7labs.com/workview?dataset=538883&item=0183d477-5679-3879-e5ef-fdc4f861790f"}, "slots": [{"type": "image", "slot_name": "0", "width": 4064, "height": 3040, "thumbnail_url": "https://darwin.v7labs.com/api/v2/teams/bioscout/files/44e657ae-dee0-440a-9842-bee53270f578/thumbnail", "source_files": [{"file_name": "6105_03c26329-8511-4849-ad13-425e7bf65b31_2022_01_22.jpeg", "url": "https://darwin.v7labs.com/api/v2/teams/bioscout/uploads/361c1115-ac28-4952-b97b-69207dc6627e"}]}]}, "annotations": [{"bounding_box": {"h": 116.0, "w": 388.0, "x": 2684.0, "y": 124.0}, "id": "4614e1e5-1ff7-49ce-9359-210315148666", "name": "Alternaria spp.", "slot_names": ["0"]}]}