{"version": "2.0", "schema_ref": "https://darwin-public.s3.eu-west-1.amazonaws.com/darwin_json_2_0.schema.json", "item": {"name": "6105_681aa8ba-6177-4cca-8135-f7517a8104fd_2022_01_26.jpeg", "path": "/", "source_info": {"dataset": {"name": "alternaria", "slug": "alternaria", "dataset_management_url": "https://darwin.v7labs.com/datasets/538883/dataset-management"}, "item_id": "0183d477-568a-576f-6416-81d91b727409", "team": {"name": "BioScout", "slug": "bioscout"}, "workview_url": "https://darwin.v7labs.com/workview?dataset=538883&item=0183d477-568a-576f-6416-81d91b727409"}, "slots": [{"type": "image", "slot_name": "0", "width": 4064, "height": 3040, "thumbnail_url": "https://darwin.v7labs.com/api/v2/teams/bioscout/files/7959230b-e304-4bf0-9a0c-de9b5230722f/thumbnail", "source_files": [{"file_name": "6105_681aa8ba-6177-4cca-8135-f7517a8104fd_2022_01_26.jpeg", "url": "https://darwin.v7labs.com/api/v2/teams/bioscout/uploads/9ddb39e9-fc86-4515-8b15-f1035189e302"}]}]}, "annotations": [{"bounding_box": {"h": 156.0, "w": 320.0, "x": 2244.0, "y": 720.0}, "id": "0b84ecdf-8a3c-4957-81da-9fcfad8539a0", "name": "Alternaria spp.", "slot_names": ["0"]}]}