{"version": "2.0", "schema_ref": "https://darwin-public.s3.eu-west-1.amazonaws.com/darwin_json_2_0.schema.json", "item": {"name": "6105_9531fba7-6589-4e4a-9d64-c12829942be5_2022_01_26.jpeg", "path": "/", "source_info": {"dataset": {"name": "alternaria", "slug": "alternaria", "dataset_management_url": "https://darwin.v7labs.com/datasets/538883/dataset-management"}, "item_id": "0183d477-5687-e4a0-96cb-cb1e16ec2de0", "team": {"name": "BioScout", "slug": "bioscout"}, "workview_url": "https://darwin.v7labs.com/workview?dataset=538883&item=0183d477-5687-e4a0-96cb-cb1e16ec2de0"}, "slots": [{"type": "image", "slot_name": "0", "width": 4064, "height": 3040, "thumbnail_url": "https://darwin.v7labs.com/api/v2/teams/bioscout/files/793819a7-f15f-4823-9478-ab080bd471b1/thumbnail", "source_files": [{"file_name": "6105_9531fba7-6589-4e4a-9d64-c12829942be5_2022_01_26.jpeg", "url": "https://darwin.v7labs.com/api/v2/teams/bioscout/uploads/b3bd4685-3b26-4807-9c4f-16fc7a9e0f3f"}]}]}, "annotations": [{"bounding_box": {"h": 151.0, "w": 247.0, "x": 3463.0, "y": 1492.0}, "id": "60c747f7-5229-4d0d-9ba7-0bd6bdadb6dd", "name": "Alternaria spp.", "slot_names": ["0"]}]}