{"version": "2.0", "schema_ref": "https://darwin-public.s3.eu-west-1.amazonaws.com/darwin_json_2_0.schema.json", "item": {"name": "6105_0d56d5e8-dc98-43f9-9fe0-242fbed9efcd_2022_01_17.jpeg", "path": "/", "source_info": {"dataset": {"name": "alternaria", "slug": "alternaria", "dataset_management_url": "https://darwin.v7labs.com/datasets/538883/dataset-management"}, "item_id": "0183d477-5683-826c-8124-9f328f934680", "team": {"name": "BioScout", "slug": "bioscout"}, "workview_url": "https://darwin.v7labs.com/workview?dataset=538883&item=0183d477-5683-826c-8124-9f328f934680"}, "slots": [{"type": "image", "slot_name": "0", "width": 4064, "height": 3040, "thumbnail_url": "https://darwin.v7labs.com/api/v2/teams/bioscout/files/2cb601d6-0ce3-4d03-98d2-b3c8399f6d65/thumbnail", "source_files": [{"file_name": "6105_0d56d5e8-dc98-43f9-9fe0-242fbed9efcd_2022_01_17.jpeg", "url": "https://darwin.v7labs.com/api/v2/teams/bioscout/uploads/25211ca2-4c82-4e25-9c1b-4146f33f71f8"}]}]}, "annotations": [{"bounding_box": {"h": 135.0, "w": 316.0, "x": 3482.0, "y": 259.0}, "id": "3d462592-a26d-492a-802f-da0179344415", "name": "Alternaria spp.", "slot_names": ["0"]}]}