{"version": "2.0", "schema_ref": "https://darwin-public.s3.eu-west-1.amazonaws.com/darwin_json_2_0.schema.json", "item": {"name": "6105_27356cd6-6063-4ce7-8a41-36ddd2439eec_2022_01_18.jpeg", "path": "/", "source_info": {"dataset": {"name": "alternaria", "slug": "alternaria", "dataset_management_url": "https://darwin.v7labs.com/datasets/538883/dataset-management"}, "item_id": "0183d477-5677-7e34-616f-6c609e2f9c67", "team": {"name": "BioScout", "slug": "bioscout"}, "workview_url": "https://darwin.v7labs.com/workview?dataset=538883&item=0183d477-5677-7e34-616f-6c609e2f9c67"}, "slots": [{"type": "image", "slot_name": "0", "width": 4064, "height": 3040, "thumbnail_url": "https://darwin.v7labs.com/api/v2/teams/bioscout/files/40c5b0c7-85f8-4a9c-80f4-cf19265b563c/thumbnail", "source_files": [{"file_name": "6105_27356cd6-6063-4ce7-8a41-36ddd2439eec_2022_01_18.jpeg", "url": "https://darwin.v7labs.com/api/v2/teams/bioscout/uploads/f7a10f92-e5c7-443d-8e2a-012778c5ff59"}]}]}, "annotations": [{"bounding_box": {"h": 172.0, "w": 196.0, "x": 1976.0, "y": 1656.0}, "id": "89874b96-e3f8-46e4-aedf-0ee6c0910705", "name": "Alternaria spp.", "slot_names": ["0"]}, {"bounding_box": {"h": 264.0, "w": 276.0, "x": 1092.0, "y": 1336.0}, "id": "2c3045fa-019c-48cc-ba82-49d1c3a0886c", "name": "Alternaria spp.", "slot_names": ["0"]}]}