{"version": "2.0", "schema_ref": "https://darwin-public.s3.eu-west-1.amazonaws.com/darwin_json_2_0.schema.json", "item": {"name": "6105_92d577bf-8eac-4c36-acaa-94b8612c3fd9_2022_01_18.jpeg", "path": "/", "source_info": {"dataset": {"name": "alternaria", "slug": "alternaria", "dataset_management_url": "https://darwin.v7labs.com/datasets/538883/dataset-management"}, "item_id": "0183d477-5685-b8c2-3915-2c91a784be2d", "team": {"name": "BioScout", "slug": "bioscout"}, "workview_url": "https://darwin.v7labs.com/workview?dataset=538883&item=0183d477-5685-b8c2-3915-2c91a784be2d"}, "slots": [{"type": "image", "slot_name": "0", "width": 4064, "height": 3040, "thumbnail_url": "https://darwin.v7labs.com/api/v2/teams/bioscout/files/6f0334a7-0b44-47a1-9b14-209c9d59c4b1/thumbnail", "source_files": [{"file_name": "6105_92d577bf-8eac-4c36-acaa-94b8612c3fd9_2022_01_18.jpeg", "url": "https://darwin.v7labs.com/api/v2/teams/bioscout/uploads/fbcf29d0-d98c-426f-b648-acf420ddf91b"}]}]}, "annotations": [{"bounding_box": {"h": 284.0, "w": 268.0, "x": 2788.0, "y": 608.0}, "id": "79178833-797c-4f15-92bc-4a28a48a648c", "name": "Alternaria spp.", "slot_names": ["0"]}]}