{"version": "2.0", "schema_ref": "https://darwin-public.s3.eu-west-1.amazonaws.com/darwin_json_2_0.schema.json", "item": {"name": "6105_5aeefcac-864c-4d0f-8c17-6a1a1f003152_2022_01_14.jpeg", "path": "/", "source_info": {"dataset": {"name": "alternaria", "slug": "alternaria", "dataset_management_url": "https://darwin.v7labs.com/datasets/538883/dataset-management"}, "item_id": "0183d477-5685-3056-6ae4-5afd0e3d5e04", "team": {"name": "BioScout", "slug": "bioscout"}, "workview_url": "https://darwin.v7labs.com/workview?dataset=538883&item=0183d477-5685-3056-6ae4-5afd0e3d5e04"}, "slots": [{"type": "image", "slot_name": "0", "width": 4064, "height": 3040, "thumbnail_url": "https://darwin.v7labs.com/api/v2/teams/bioscout/files/bdad49ba-9a41-4a1e-917c-ec63f468df40/thumbnail", "source_files": [{"file_name": "6105_5aeefcac-864c-4d0f-8c17-6a1a1f003152_2022_01_14.jpeg", "url": "https://darwin.v7labs.com/api/v2/teams/bioscout/uploads/7b971f74-1ba8-4927-b256-b185f945a09e"}]}]}, "annotations": [{"bounding_box": {"h": 140.0, "w": 391.0, "x": 3391.0, "y": 817.0}, "id": "bb50d469-ba97-4961-8fca-2ce457da0fc7", "name": "Alternaria spp.", "slot_names": ["0"]}]}