{"version": "2.0", "schema_ref": "https://darwin-public.s3.eu-west-1.amazonaws.com/darwin_json_2_0.schema.json", "item": {"name": "6105_f33cb175-f9e7-4c99-957e-95d0e96db0e7_2022_01_18.jpeg", "path": "/", "source_info": {"dataset": {"name": "alternaria", "slug": "alternaria", "dataset_management_url": "https://darwin.v7labs.com/datasets/538883/dataset-management"}, "item_id": "0183d477-567d-0018-2e39-d738441b7a39", "team": {"name": "BioScout", "slug": "bioscout"}, "workview_url": "https://darwin.v7labs.com/workview?dataset=538883&item=0183d477-567d-0018-2e39-d738441b7a39"}, "slots": [{"type": "image", "slot_name": "0", "width": 4064, "height": 3040, "thumbnail_url": "https://darwin.v7labs.com/api/v2/teams/bioscout/files/e9485937-71a7-4442-bf0b-8ba0ea97d972/thumbnail", "source_files": [{"file_name": "6105_f33cb175-f9e7-4c99-957e-95d0e96db0e7_2022_01_18.jpeg", "url": "https://darwin.v7labs.com/api/v2/teams/bioscout/uploads/73fd4355-6613-4f54-8684-a9102aef179e"}]}]}, "annotations": [{"bounding_box": {"h": 264.0, "w": 396.0, "x": 1480.0, "y": 1524.0}, "id": "57f54e53-07e4-415c-89a7-8e04a0adb6c6", "name": "Alternaria spp.", "slot_names": ["0"]}, {"bounding_box": {"h": 104.0, "w": 340.0, "x": 1276.0, "y": 1268.0}, "id": "8654150b-8b26-4ce2-8e06-bc3030947cc1", "name": "Alternaria spp.", "slot_names": ["0"]}]}