{"version": "2.0", "schema_ref": "https://darwin-public.s3.eu-west-1.amazonaws.com/darwin_json_2_0.schema.json", "item": {"name": "6105_4fb81f18-aec4-42aa-a56e-a32b6ecb2eda_2022_01_14.jpeg", "path": "/", "source_info": {"dataset": {"name": "alternaria", "slug": "alternaria", "dataset_management_url": "https://darwin.v7labs.com/datasets/538883/dataset-management"}, "item_id": "0183d477-5685-d038-d724-8ea1012ff547", "team": {"name": "BioScout", "slug": "bioscout"}, "workview_url": "https://darwin.v7labs.com/workview?dataset=538883&item=0183d477-5685-d038-d724-8ea1012ff547"}, "slots": [{"type": "image", "slot_name": "0", "width": 4064, "height": 3040, "thumbnail_url": "https://darwin.v7labs.com/api/v2/teams/bioscout/files/87274a49-d0ff-4115-8213-7b5cc518ef12/thumbnail", "source_files": [{"file_name": "6105_4fb81f18-aec4-42aa-a56e-a32b6ecb2eda_2022_01_14.jpeg", "url": "https://darwin.v7labs.com/api/v2/teams/bioscout/uploads/25b0f2c4-1515-41ee-acd9-1b49c1024356"}]}]}, "annotations": [{"bounding_box": {"h": 108.0, "w": 356.0, "x": 364.0, "y": 504.0}, "id": "8ba21cf2-c98f-49cf-a7bf-e31f03734309", "name": "Alternaria spp.", "slot_names": ["0"]}, {"bounding_box": {"h": 124.0, "w": 277.0, "x": 3441.0, "y": 507.0}, "id": "d2a1253f-bd8b-4280-94d1-6b47d8c4b956", "name": "Alternaria spp.", "slot_names": ["0"]}]}