{"version": "2.0", "schema_ref": "https://darwin-public.s3.eu-west-1.amazonaws.com/darwin_json_2_0.schema.json", "item": {"name": "6105_c344115a-4c1b-4997-9e4d-99ebc9875b6f_2022_01_14.jpeg", "path": "/", "source_info": {"dataset": {"name": "alternaria", "slug": "alternaria", "dataset_management_url": "https://darwin.v7labs.com/datasets/538883/dataset-management"}, "item_id": "0183d477-5687-e364-bc5f-f26cad53e774", "team": {"name": "BioScout", "slug": "bioscout"}, "workview_url": "https://darwin.v7labs.com/workview?dataset=538883&item=0183d477-5687-e364-bc5f-f26cad53e774"}, "slots": [{"type": "image", "slot_name": "0", "width": 4064, "height": 3040, "thumbnail_url": "https://darwin.v7labs.com/api/v2/teams/bioscout/files/e80d2f9d-5d3a-4135-b451-94e4ae583f6e/thumbnail", "source_files": [{"file_name": "6105_c344115a-4c1b-4997-9e4d-99ebc9875b6f_2022_01_14.jpeg", "url": "https://darwin.v7labs.com/api/v2/teams/bioscout/uploads/aa7a65b1-bb05-4bd6-a2bb-6ed6aa172a05"}]}]}, "annotations": [{"bounding_box": {"h": 140.0, "w": 216.0, "x": 2516.0, "y": 1128.0}, "id": "039c8ea9-2f05-4a0f-942b-b4f40688872b", "name": "Alternaria spp.", "slot_names": ["0"]}]}