{"version": "2.0", "schema_ref": "https://darwin-public.s3.eu-west-1.amazonaws.com/darwin_json_2_0.schema.json", "item": {"name": "6105_101cd4dc-2c28-44f9-bbdc-fd2b7826f500_2022_01_19.jpeg", "path": "/", "source_info": {"dataset": {"name": "alternaria", "slug": "alternaria", "dataset_management_url": "https://darwin.v7labs.com/datasets/538883/dataset-management"}, "item_id": "0183d477-5686-291d-ade3-59317739ca26", "team": {"name": "BioScout", "slug": "bioscout"}, "workview_url": "https://darwin.v7labs.com/workview?dataset=538883&item=0183d477-5686-291d-ade3-59317739ca26"}, "slots": [{"type": "image", "slot_name": "0", "width": 4064, "height": 3040, "thumbnail_url": "https://darwin.v7labs.com/api/v2/teams/bioscout/files/a31811be-d291-43ba-9b84-5fa66ecf6962/thumbnail", "source_files": [{"file_name": "6105_101cd4dc-2c28-44f9-bbdc-fd2b7826f500_2022_01_19.jpeg", "url": "https://darwin.v7labs.com/api/v2/teams/bioscout/uploads/2d4a4a50-dda2-4aad-acd6-403394f6c367"}]}]}, "annotations": []}