{"version": "2.0", "schema_ref": "https://darwin-public.s3.eu-west-1.amazonaws.com/darwin_json_2_0.schema.json", "item": {"name": "6105_11bdbc9e-69fb-40e3-a62b-3fbd456fac87_2022_01_25.jpeg", "path": "/", "source_info": {"dataset": {"name": "alternaria", "slug": "alternaria", "dataset_management_url": "https://darwin.v7labs.com/datasets/538883/dataset-management"}, "item_id": "0183d477-568c-529a-f3e3-a7b0cb99cea4", "team": {"name": "BioScout", "slug": "bioscout"}, "workview_url": "https://darwin.v7labs.com/workview?dataset=538883&item=0183d477-568c-529a-f3e3-a7b0cb99cea4"}, "slots": [{"type": "image", "slot_name": "0", "width": 4064, "height": 3040, "thumbnail_url": "https://darwin.v7labs.com/api/v2/teams/bioscout/files/a34638f7-028f-4af4-9219-2ae64b167cc9/thumbnail", "source_files": [{"file_name": "6105_11bdbc9e-69fb-40e3-a62b-3fbd456fac87_2022_01_25.jpeg", "url": "https://darwin.v7labs.com/api/v2/teams/bioscout/uploads/0b895cf4-5a9a-400d-9d67-166f55472f37"}]}]}, "annotations": [{"bounding_box": {"h": 308.0, "w": 84.0, "x": 2184.0, "y": 548.0}, "id": "c467d85f-bcf7-4636-a07c-62a0cf60c733", "name": "Alternaria spp.", "slot_names": ["0"]}]}