{"version": "2.0", "schema_ref": "https://darwin-public.s3.eu-west-1.amazonaws.com/darwin_json_2_0.schema.json", "item": {"name": "6105_f864f4a0-33ca-41f8-b215-0bf5bf84e45d_2022_01_26.jpeg", "path": "/", "source_info": {"dataset": {"name": "alternaria", "slug": "alternaria", "dataset_management_url": "https://darwin.v7labs.com/datasets/538883/dataset-management"}, "item_id": "0183d477-5680-e30b-d0ed-43c79da6d0dc", "team": {"name": "BioScout", "slug": "bioscout"}, "workview_url": "https://darwin.v7labs.com/workview?dataset=538883&item=0183d477-5680-e30b-d0ed-43c79da6d0dc"}, "slots": [{"type": "image", "slot_name": "0", "width": 4064, "height": 3040, "thumbnail_url": "https://darwin.v7labs.com/api/v2/teams/bioscout/files/3ac3643c-63a4-4c48-bfc3-7e7bddd4ca19/thumbnail", "source_files": [{"file_name": "6105_f864f4a0-33ca-41f8-b215-0bf5bf84e45d_2022_01_26.jpeg", "url": "https://darwin.v7labs.com/api/v2/teams/bioscout/uploads/7ec72d6a-8aee-4fee-a6fb-ea5de717af5c"}]}]}, "annotations": [{"bounding_box": {"h": 116.0, "w": 267.0, "x": 3285.0, "y": 1623.0}, "id": "591b4115-3391-42f6-a535-3128b4cb545d", "name": "Alternaria spp.", "slot_names": ["0"]}, {"bounding_box": {"h": 155.0, "w": 245.0, "x": 2880.0, "y": 1217.0}, "id": "42a9bb3f-8213-405a-8d38-684b2b4fd038", "name": "Alternaria spp.", "slot_names": ["0"]}]}