{"version": "2.0", "schema_ref": "https://darwin-public.s3.eu-west-1.amazonaws.com/darwin_json_2_0.schema.json", "item": {"name": "6105_15101b68-fa47-488c-83ce-4bb21c7bf4dc_2022_01_21.jpeg", "path": "/", "source_info": {"dataset": {"name": "alternaria", "slug": "alternaria", "dataset_management_url": "https://darwin.v7labs.com/datasets/538883/dataset-management"}, "item_id": "0183d477-568a-9e5a-cb6a-3e4253519052", "team": {"name": "BioScout", "slug": "bioscout"}, "workview_url": "https://darwin.v7labs.com/workview?dataset=538883&item=0183d477-568a-9e5a-cb6a-3e4253519052"}, "slots": [{"type": "image", "slot_name": "0", "width": 4064, "height": 3040, "thumbnail_url": "https://darwin.v7labs.com/api/v2/teams/bioscout/files/ad691853-f536-4299-966e-d92734001140/thumbnail", "source_files": [{"file_name": "6105_15101b68-fa47-488c-83ce-4bb21c7bf4dc_2022_01_21.jpeg", "url": "https://darwin.v7labs.com/api/v2/teams/bioscout/uploads/8c13ba4b-ded2-4ed4-adbb-cee16bdb9e20"}]}]}, "annotations": [{"bounding_box": {"h": 176.0, "w": 516.0, "x": 1508.0, "y": 64.0}, "id": "1bb11926-018d-443a-ab9b-879c6165ea96", "name": "Alternaria spp.", "slot_names": ["0"]}, {"bounding_box": {"h": 152.0, "w": 380.0, "x": 532.0, "y": 1824.0}, "id": "8cf15070-d8ef-4c87-b897-7c2381bd92ca", "name": "Alternaria spp.", "slot_names": ["0"]}]}