{"version": "2.0", "schema_ref": "https://darwin-public.s3.eu-west-1.amazonaws.com/darwin_json_2_0.schema.json", "item": {"name": "6105_bab654dc-14c7-4b6e-85ee-d7feb4d9a48c_2022_01_13.jpeg", "path": "/", "source_info": {"dataset": {"name": "alternaria", "slug": "alternaria", "dataset_management_url": "https://darwin.v7labs.com/datasets/538883/dataset-management"}, "item_id": "0183d477-5686-3d8c-6880-cbb3fd03f9d9", "team": {"name": "BioScout", "slug": "bioscout"}, "workview_url": "https://darwin.v7labs.com/workview?dataset=538883&item=0183d477-5686-3d8c-6880-cbb3fd03f9d9"}, "slots": [{"type": "image", "slot_name": "0", "width": 4064, "height": 3040, "thumbnail_url": "https://darwin.v7labs.com/api/v2/teams/bioscout/files/847e8bdb-f9b7-4c7d-bb48-c034d454295c/thumbnail", "source_files": [{"file_name": "6105_bab654dc-14c7-4b6e-85ee-d7feb4d9a48c_2022_01_13.jpeg", "url": "https://darwin.v7labs.com/api/v2/teams/bioscout/uploads/45854b3f-3536-4601-bed7-a7aac6b6cf7d"}]}]}, "annotations": [{"bounding_box": {"h": 261.0, "w": 341.0, "x": 3673.0, "y": 663.0}, "id": "5d73104c-e72b-4e8a-bd48-6c6ba54d62f6", "name": "Alternaria spp.", "slot_names": ["0"]}]}