{"version": "2.0", "schema_ref": "https://darwin-public.s3.eu-west-1.amazonaws.com/darwin_json_2_0.schema.json", "item": {"name": "6105_d1fb9c09-54d8-4860-9801-5b7b02952b0a_2022_01_10.jpeg", "path": "/", "source_info": {"dataset": {"name": "alternaria", "slug": "alternaria", "dataset_management_url": "https://darwin.v7labs.com/datasets/538883/dataset-management"}, "item_id": "0183d477-5677-dc75-6834-f4d9a701584d", "team": {"name": "BioScout", "slug": "bioscout"}, "workview_url": "https://darwin.v7labs.com/workview?dataset=538883&item=0183d477-5677-dc75-6834-f4d9a701584d"}, "slots": [{"type": "image", "slot_name": "0", "width": 4064, "height": 3040, "thumbnail_url": "https://darwin.v7labs.com/api/v2/teams/bioscout/files/96677a0a-be68-4687-8b11-63bae0217a32/thumbnail", "source_files": [{"file_name": "6105_d1fb9c09-54d8-4860-9801-5b7b02952b0a_2022_01_10.jpeg", "url": "https://darwin.v7labs.com/api/v2/teams/bioscout/uploads/466ebf22-531b-4dcf-9a77-7b1d75f32bc2"}]}]}, "annotations": [{"bounding_box": {"h": 167.0, "w": 287.0, "x": 2256.0, "y": 2802.0}, "id": "ac31cab3-7aa3-4e12-936d-79463662cacf", "name": "Alternaria spp.", "slot_names": ["0"]}, {"bounding_box": {"h": 271.0, "w": 346.0, "x": 1701.0, "y": 2152.0}, "id": "479ff26a-a8dc-4f0d-a9a5-264acf4e9e99", "name": "Alternaria spp.", "slot_names": ["0"]}]}