{"version": "2.0", "schema_ref": "https://darwin-public.s3.eu-west-1.amazonaws.com/darwin_json_2_0.schema.json", "item": {"name": "6105_a5b47318-4647-4b45-ac15-1c560856a596_2022_01_21.jpeg", "path": "/", "source_info": {"dataset": {"name": "alternaria", "slug": "alternaria", "dataset_management_url": "https://darwin.v7labs.com/datasets/538883/dataset-management"}, "item_id": "0183d477-568d-ae31-951f-e91e740afe2c", "team": {"name": "BioScout", "slug": "bioscout"}, "workview_url": "https://darwin.v7labs.com/workview?dataset=538883&item=0183d477-568d-ae31-951f-e91e740afe2c"}, "slots": [{"type": "image", "slot_name": "0", "width": 4064, "height": 3040, "thumbnail_url": "https://darwin.v7labs.com/api/v2/teams/bioscout/files/bde3a867-3ea1-4ffe-a6e9-5be454c87633/thumbnail", "source_files": [{"file_name": "6105_a5b47318-4647-4b45-ac15-1c560856a596_2022_01_21.jpeg", "url": "https://darwin.v7labs.com/api/v2/teams/bioscout/uploads/884327ff-1802-4d09-886e-23892a9275c4"}]}]}, "annotations": [{"bounding_box": {"h": 197.0, "w": 261.0, "x": 3477.0, "y": 1439.0}, "id": "765ee501-0aa1-4e22-8e5a-c885bf7e8598", "name": "Alternaria spp.", "slot_names": ["0"]}]}