{"version": "2.0", "schema_ref": "https://darwin-public.s3.eu-west-1.amazonaws.com/darwin_json_2_0.schema.json", "item": {"name": "6105_36e0ac02-ae83-47ed-8509-59ebb939e199_2022_01_28.jpeg", "path": "/", "source_info": {"dataset": {"name": "alternaria", "slug": "alternaria", "dataset_management_url": "https://darwin.v7labs.com/datasets/538883/dataset-management"}, "item_id": "0183d477-5679-6785-755d-51389894a3ad", "team": {"name": "BioScout", "slug": "bioscout"}, "workview_url": "https://darwin.v7labs.com/workview?dataset=538883&item=0183d477-5679-6785-755d-51389894a3ad"}, "slots": [{"type": "image", "slot_name": "0", "width": 4064, "height": 3040, "thumbnail_url": "https://darwin.v7labs.com/api/v2/teams/bioscout/files/6a9d3f5e-3108-4393-ae0a-4d96609b426b/thumbnail", "source_files": [{"file_name": "6105_36e0ac02-ae83-47ed-8509-59ebb939e199_2022_01_28.jpeg", "url": "https://darwin.v7labs.com/api/v2/teams/bioscout/uploads/c9d77e20-0293-4fed-9ba7-f45f27a27471"}]}]}, "annotations": [{"bounding_box": {"h": 212.0, "w": 198.0, "x": 3644.0, "y": 396.0}, "id": "72688cbd-0a24-4434-a146-ccc98c1fa80d", "name": "Alternaria spp.", "slot_names": ["0"]}]}