{"version": "2.0", "schema_ref": "https://darwin-public.s3.eu-west-1.amazonaws.com/darwin_json_2_0.schema.json", "item": {"name": "6105_668d3b76-fb83-4b5b-8e35-291a16b45467_2022_01_15.jpeg", "path": "/", "source_info": {"dataset": {"name": "alternaria", "slug": "alternaria", "dataset_management_url": "https://darwin.v7labs.com/datasets/538883/dataset-management"}, "item_id": "0183d477-567e-3672-2bc7-0bcb947aea91", "team": {"name": "BioScout", "slug": "bioscout"}, "workview_url": "https://darwin.v7labs.com/workview?dataset=538883&item=0183d477-567e-3672-2bc7-0bcb947aea91"}, "slots": [{"type": "image", "slot_name": "0", "width": 4064, "height": 3040, "thumbnail_url": "https://darwin.v7labs.com/api/v2/teams/bioscout/files/69eb8814-c8be-48b5-af11-300f53cb3462/thumbnail", "source_files": [{"file_name": "6105_668d3b76-fb83-4b5b-8e35-291a16b45467_2022_01_15.jpeg", "url": "https://darwin.v7labs.com/api/v2/teams/bioscout/uploads/e5a576a6-8b98-4124-9199-b7ad39bc83bb"}]}]}, "annotations": [{"bounding_box": {"h": 120.0, "w": 292.0, "x": 2772.0, "y": 16.0}, "id": "c8fb51f6-7496-46de-a63f-24e7ea88b121", "name": "Alternaria spp.", "slot_names": ["0"]}]}