{"version": "2.0", "schema_ref": "https://darwin-public.s3.eu-west-1.amazonaws.com/darwin_json_2_0.schema.json", "item": {"name": "6105_444810af-d03e-41cf-88b6-dddc00bcb270_2022_01_17.jpeg", "path": "/", "source_info": {"dataset": {"name": "alternaria", "slug": "alternaria", "dataset_management_url": "https://darwin.v7labs.com/datasets/538883/dataset-management"}, "item_id": "0183d477-5680-8b1c-7f7b-58be52f97d25", "team": {"name": "BioScout", "slug": "bioscout"}, "workview_url": "https://darwin.v7labs.com/workview?dataset=538883&item=0183d477-5680-8b1c-7f7b-58be52f97d25"}, "slots": [{"type": "image", "slot_name": "0", "width": 4064, "height": 3040, "thumbnail_url": "https://darwin.v7labs.com/api/v2/teams/bioscout/files/88ad07f3-212d-4ba8-876e-85b9d9a4d238/thumbnail", "source_files": [{"file_name": "6105_444810af-d03e-41cf-88b6-dddc00bcb270_2022_01_17.jpeg", "url": "https://darwin.v7labs.com/api/v2/teams/bioscout/uploads/6aa78f1c-3892-4d56-a2df-601982dfc8ee"}]}]}, "annotations": [{"bounding_box": {"h": 175.0, "w": 189.0, "x": 1579.0, "y": 2263.0}, "id": "f1b805b1-693f-4b7c-9a5a-adb13b799fc8", "name": "Alternaria spp.", "slot_names": ["0"]}, {"bounding_box": {"h": 312.0, "w": 260.0, "x": 344.0, "y": 844.0}, "id": "5adc6979-9c22-4ac9-b5ce-ae062267e618", "name": "Alternaria spp.", "slot_names": ["0"]}]}