{"version": "2.0", "schema_ref": "https://darwin-public.s3.eu-west-1.amazonaws.com/darwin_json_2_0.schema.json", "item": {"name": "6105_10274987-fbb1-440b-922f-4277dd30f6d8_2022_01_17.jpeg", "path": "/", "source_info": {"dataset": {"name": "alternaria", "slug": "alternaria", "dataset_management_url": "https://darwin.v7labs.com/datasets/538883/dataset-management"}, "item_id": "0183d477-567c-f8a7-7c24-cc187b0eabbc", "team": {"name": "BioScout", "slug": "bioscout"}, "workview_url": "https://darwin.v7labs.com/workview?dataset=538883&item=0183d477-567c-f8a7-7c24-cc187b0eabbc"}, "slots": [{"type": "image", "slot_name": "0", "width": 4064, "height": 3040, "thumbnail_url": "https://darwin.v7labs.com/api/v2/teams/bioscout/files/b4decad7-7db3-4ede-aa23-f2967548ad7e/thumbnail", "source_files": [{"file_name": "6105_10274987-fbb1-440b-922f-4277dd30f6d8_2022_01_17.jpeg", "url": "https://darwin.v7labs.com/api/v2/teams/bioscout/uploads/62d1088a-bfed-4ef3-abd0-c68a8bb00770"}]}]}, "annotations": []}