{"version": "2.0", "schema_ref": "https://darwin-public.s3.eu-west-1.amazonaws.com/darwin_json_2_0.schema.json", "item": {"name": "6105_1f3a9e52-c3e0-45ac-9124-b83998f51c0f_2022_01_19.jpeg", "path": "/", "source_info": {"dataset": {"name": "alternaria", "slug": "alternaria", "dataset_management_url": "https://darwin.v7labs.com/datasets/538883/dataset-management"}, "item_id": "0183d477-602d-6c27-c675-c20e5e2e61b7", "team": {"name": "BioScout", "slug": "bioscout"}, "workview_url": "https://darwin.v7labs.com/workview?dataset=538883&item=0183d477-602d-6c27-c675-c20e5e2e61b7"}, "slots": [{"type": "image", "slot_name": "0", "width": 4064, "height": 3040, "thumbnail_url": "https://darwin.v7labs.com/api/v2/teams/bioscout/files/a08c3c5c-a5b1-47da-8176-413a08612f2a/thumbnail", "source_files": [{"file_name": "6105_1f3a9e52-c3e0-45ac-9124-b83998f51c0f_2022_01_19.jpeg", "url": "https://darwin.v7labs.com/api/v2/teams/bioscout/uploads/bda0f1e8-5ded-476a-989d-9726cc4ef0e6"}]}]}, "annotations": [{"bounding_box": {"h": 354.0, "w": 240.0, "x": 710.0, "y": 2081.0}, "id": "602e28b6-0857-4d25-9c57-7d761a3cf8f2", "name": "Alternaria spp.", "slot_names": ["0"]}, {"bounding_box": {"h": 156.0, "w": 329.0, "x": 456.0, "y": 1988.0}, "id": "d2512746-e972-403e-b975-40cb67087d51", "name": "Alternaria spp.", "slot_names": ["0"]}]}