{"version": "2.0", "schema_ref": "https://darwin-public.s3.eu-west-1.amazonaws.com/darwin_json_2_0.schema.json", "item": {"name": "6105_5baa9cf7-cc9f-4e4c-89ee-0b813f6867bc_2022_01_22.jpeg", "path": "/", "source_info": {"dataset": {"name": "alternaria", "slug": "alternaria", "dataset_management_url": "https://darwin.v7labs.com/datasets/538883/dataset-management"}, "item_id": "0183d477-6027-8fde-ba61-914b4e8ec053", "team": {"name": "BioScout", "slug": "bioscout"}, "workview_url": "https://darwin.v7labs.com/workview?dataset=538883&item=0183d477-6027-8fde-ba61-914b4e8ec053"}, "slots": [{"type": "image", "slot_name": "0", "width": 4064, "height": 3040, "thumbnail_url": "https://darwin.v7labs.com/api/v2/teams/bioscout/files/e4ec6a9f-dd17-4071-a10b-c96f5c8fe4d7/thumbnail", "source_files": [{"file_name": "6105_5baa9cf7-cc9f-4e4c-89ee-0b813f6867bc_2022_01_22.jpeg", "url": "https://darwin.v7labs.com/api/v2/teams/bioscout/uploads/f7e511a4-4415-4181-8726-2d35fb2a43c1"}]}]}, "annotations": [{"bounding_box": {"h": 113.0, "w": 196.0, "x": 2737.0, "y": 2227.0}, "id": "3afcc371-3fdd-4cf7-b5f4-a9356feea254", "name": "Alternaria spp.", "slot_names": ["0"]}]}