{"version": "2.0", "schema_ref": "https://darwin-public.s3.eu-west-1.amazonaws.com/darwin_json_2_0.schema.json", "item": {"name": "6105_d86d8623-96cf-4553-9172-415dace58fa2_2022_01_17.jpeg", "path": "/", "source_info": {"dataset": {"name": "alternaria", "slug": "alternaria", "dataset_management_url": "https://darwin.v7labs.com/datasets/538883/dataset-management"}, "item_id": "0183d477-6026-d8e2-17a3-6b881f7648cd", "team": {"name": "BioScout", "slug": "bioscout"}, "workview_url": "https://darwin.v7labs.com/workview?dataset=538883&item=0183d477-6026-d8e2-17a3-6b881f7648cd"}, "slots": [{"type": "image", "slot_name": "0", "width": 4064, "height": 3040, "thumbnail_url": "https://darwin.v7labs.com/api/v2/teams/bioscout/files/c2545f8f-957b-477f-946c-2a6ec0acedab/thumbnail", "source_files": [{"file_name": "6105_d86d8623-96cf-4553-9172-415dace58fa2_2022_01_17.jpeg", "url": "https://darwin.v7labs.com/api/v2/teams/bioscout/uploads/5209ad60-ee64-4cc7-8b1e-8fbd090e8983"}]}]}, "annotations": [{"bounding_box": {"h": 320.0, "w": 204.0, "x": 1392.0, "y": 1632.0}, "id": "3918a867-e571-4f58-bad2-36d5b2c7f31e", "name": "Alternaria spp.", "slot_names": ["0"]}]}