{"version": "2.0", "schema_ref": "https://darwin-public.s3.eu-west-1.amazonaws.com/darwin_json_2_0.schema.json", "item": {"name": "6105_fbc98bae-ea22-4129-a8ce-0be20784b255_2022_01_14.jpeg", "path": "/", "source_info": {"dataset": {"name": "alternaria", "slug": "alternaria", "dataset_management_url": "https://darwin.v7labs.com/datasets/538883/dataset-management"}, "item_id": "0183d477-602b-c728-0122-c66ced46bcd2", "team": {"name": "BioScout", "slug": "bioscout"}, "workview_url": "https://darwin.v7labs.com/workview?dataset=538883&item=0183d477-602b-c728-0122-c66ced46bcd2"}, "slots": [{"type": "image", "slot_name": "0", "width": 4064, "height": 3040, "thumbnail_url": "https://darwin.v7labs.com/api/v2/teams/bioscout/files/b3a4263e-12f5-49de-adcd-6684b5f29a84/thumbnail", "source_files": [{"file_name": "6105_fbc98bae-ea22-4129-a8ce-0be20784b255_2022_01_14.jpeg", "url": "https://darwin.v7labs.com/api/v2/teams/bioscout/uploads/03e660aa-9641-49f1-8003-8e92014701ab"}]}]}, "annotations": [{"bounding_box": {"h": 273.0, "w": 181.0, "x": 3733.0, "y": 1529.0}, "id": "3354b1cd-92ea-457b-bd8b-ed9316a2438c", "name": "Alternaria spp.", "slot_names": ["0"]}, {"bounding_box": {"h": 287.0, "w": 197.0, "x": 3483.0, "y": 1219.0}, "id": "f5968b1b-6a3a-4ddc-a2f1-7b5ddd4b605c", "name": "Alternaria spp.", "slot_names": ["0"]}]}