{"version": "2.0", "schema_ref": "https://darwin-public.s3.eu-west-1.amazonaws.com/darwin_json_2_0.schema.json", "item": {"name": "6105_d0e2546f-92da-4091-9070-73e22ead6e2d_2022_01_25.jpeg", "path": "/", "source_info": {"dataset": {"name": "alternaria", "slug": "alternaria", "dataset_management_url": "https://darwin.v7labs.com/datasets/538883/dataset-management"}, "item_id": "0183d477-5685-8efb-5a9e-e48f8680a100", "team": {"name": "BioScout", "slug": "bioscout"}, "workview_url": "https://darwin.v7labs.com/workview?dataset=538883&item=0183d477-5685-8efb-5a9e-e48f8680a100"}, "slots": [{"type": "image", "slot_name": "0", "width": 4064, "height": 3040, "thumbnail_url": "https://darwin.v7labs.com/api/v2/teams/bioscout/files/ba3a9624-79d1-49dc-ae7a-3f9a6f8d4f88/thumbnail", "source_files": [{"file_name": "6105_d0e2546f-92da-4091-9070-73e22ead6e2d_2022_01_25.jpeg", "url": "https://darwin.v7labs.com/api/v2/teams/bioscout/uploads/9996ed32-7125-4c2a-8655-23cb598d693c"}]}]}, "annotations": [{"bounding_box": {"h": 108.0, "w": 336.0, "x": 544.0, "y": 796.0}, "id": "bb89cf82-3373-468d-b6e1-e1d6f0a59bdd", "name": "Alternaria spp.", "slot_names": ["0"]}]}