{"version": "2.0", "schema_ref": "https://darwin-public.s3.eu-west-1.amazonaws.com/darwin_json_2_0.schema.json", "item": {"name": "6105_49179fe3-b182-4d8d-bea2-1070e5e52863_2022_01_18.jpeg", "path": "/", "source_info": {"dataset": {"name": "alternaria", "slug": "alternaria", "dataset_management_url": "https://darwin.v7labs.com/datasets/538883/dataset-management"}, "item_id": "0183d477-5687-6925-fe12-395a29dc5feb", "team": {"name": "BioScout", "slug": "bioscout"}, "workview_url": "https://darwin.v7labs.com/workview?dataset=538883&item=0183d477-5687-6925-fe12-395a29dc5feb"}, "slots": [{"type": "image", "slot_name": "0", "width": 4064, "height": 3040, "thumbnail_url": "https://darwin.v7labs.com/api/v2/teams/bioscout/files/420c75cc-a825-4238-88e6-a745066659ca/thumbnail", "source_files": [{"file_name": "6105_49179fe3-b182-4d8d-bea2-1070e5e52863_2022_01_18.jpeg", "url": "https://darwin.v7labs.com/api/v2/teams/bioscout/uploads/e6939a8d-05b4-4539-8b3e-0292eda63991"}]}]}, "annotations": [{"bounding_box": {"h": 140.0, "w": 380.0, "x": 40.0, "y": 772.0}, "id": "43d062c3-b307-46ea-b1f6-2b2c53f7cf8c", "name": "Alternaria spp.", "slot_names": ["0"]}, {"bounding_box": {"h": 229.0, "w": 218.0, "x": 539.0, "y": 1328.0}, "id": "09458f47-2ca9-4f5b-9dd7-15c102d164f0", "name": "Alternaria spp.", "slot_names": ["0"]}]}