{"version": "2.0", "schema_ref": "https://darwin-public.s3.eu-west-1.amazonaws.com/darwin_json_2_0.schema.json", "item": {"name": "6105_b88a0476-d1f5-4e48-83d7-a7b4bb2dca01_2022_01_12.jpeg", "path": "/", "source_info": {"dataset": {"name": "alternaria", "slug": "alternaria", "dataset_management_url": "https://darwin.v7labs.com/datasets/538883/dataset-management"}, "item_id": "0183d477-5687-f4a9-d48c-6c5876d9a7b6", "team": {"name": "BioScout", "slug": "bioscout"}, "workview_url": "https://darwin.v7labs.com/workview?dataset=538883&item=0183d477-5687-f4a9-d48c-6c5876d9a7b6"}, "slots": [{"type": "image", "slot_name": "0", "width": 4064, "height": 3040, "thumbnail_url": "https://darwin.v7labs.com/api/v2/teams/bioscout/files/8619430f-ad41-4cd2-ae8b-d833ae491e85/thumbnail", "source_files": [{"file_name": "6105_b88a0476-d1f5-4e48-83d7-a7b4bb2dca01_2022_01_12.jpeg", "url": "https://darwin.v7labs.com/api/v2/teams/bioscout/uploads/838a50b7-1e03-4a3d-8275-851f18bcfd99"}]}]}, "annotations": [{"bounding_box": {"h": 140.0, "w": 296.0, "x": 1712.0, "y": 528.0}, "id": "d45bcb39-a516-4df3-bbcb-834b4c9fec21", "name": "Alternaria spp.", "slot_names": ["0"]}, {"bounding_box": {"h": 110.0, "w": 325.0, "x": 648.0, "y": 2514.0}, "id": "6e209b2e-e2ea-467a-a3e0-596091191156", "name": "Alternaria spp.", "slot_names": ["0"]}]}