{"version": "2.0", "schema_ref": "https://darwin-public.s3.eu-west-1.amazonaws.com/darwin_json_2_0.schema.json", "item": {"name": "6105_0342a06b-08fa-401e-b00e-86ed0a06f540_2022_01_15.jpeg", "path": "/", "source_info": {"dataset": {"name": "alternaria", "slug": "alternaria", "dataset_management_url": "https://darwin.v7labs.com/datasets/538883/dataset-management"}, "item_id": "0183d477-567f-9d5c-1689-d84922790551", "team": {"name": "BioScout", "slug": "bioscout"}, "workview_url": "https://darwin.v7labs.com/workview?dataset=538883&item=0183d477-567f-9d5c-1689-d84922790551"}, "slots": [{"type": "image", "slot_name": "0", "width": 4064, "height": 3040, "thumbnail_url": "https://darwin.v7labs.com/api/v2/teams/bioscout/files/0e7d9b99-8f14-484f-8e72-90ed03a6ad48/thumbnail", "source_files": [{"file_name": "6105_0342a06b-08fa-401e-b00e-86ed0a06f540_2022_01_15.jpeg", "url": "https://darwin.v7labs.com/api/v2/teams/bioscout/uploads/ac86ef07-f8c5-45f8-ac94-4682b8f37e7c"}]}]}, "annotations": [{"bounding_box": {"h": 184.0, "w": 332.0, "x": 2715.0, "y": 693.0}, "id": "9cbc0a57-1f10-4b5e-b1e2-36c86a76f188", "name": "Alternaria spp.", "slot_names": ["0"]}]}