{"version": "2.0", "schema_ref": "https://darwin-public.s3.eu-west-1.amazonaws.com/darwin_json_2_0.schema.json", "item": {"name": "6105_6fba3194-89d1-464c-a404-2fd5f29aa8e1_2022_01_25.jpeg", "path": "/", "source_info": {"dataset": {"name": "alternaria", "slug": "alternaria", "dataset_management_url": "https://darwin.v7labs.com/datasets/538883/dataset-management"}, "item_id": "0183d477-5676-018b-ebe5-821bbfa1c7b0", "team": {"name": "BioScout", "slug": "bioscout"}, "workview_url": "https://darwin.v7labs.com/workview?dataset=538883&item=0183d477-5676-018b-ebe5-821bbfa1c7b0"}, "slots": [{"type": "image", "slot_name": "0", "width": 4064, "height": 3040, "thumbnail_url": "https://darwin.v7labs.com/api/v2/teams/bioscout/files/fd592972-17e7-4230-8925-3e2c35ff3e18/thumbnail", "source_files": [{"file_name": "6105_6fba3194-89d1-464c-a404-2fd5f29aa8e1_2022_01_25.jpeg", "url": "https://darwin.v7labs.com/api/v2/teams/bioscout/uploads/3b703356-5d48-4412-8381-2b2819ba1d75"}]}]}, "annotations": [{"bounding_box": {"h": 108.0, "w": 400.0, "x": 704.0, "y": 1524.0}, "id": "792770ae-48e3-44b2-9b06-cd2259c605fa", "name": "Alternaria spp.", "slot_names": ["0"]}]}