{"version": "2.0", "schema_ref": "https://darwin-public.s3.eu-west-1.amazonaws.com/darwin_json_2_0.schema.json", "item": {"name": "6105_b4d82dbb-5949-4bb8-bfdd-4e4face66023_2022_01_21.jpeg", "path": "/", "source_info": {"dataset": {"name": "alternaria", "slug": "alternaria", "dataset_management_url": "https://darwin.v7labs.com/datasets/538883/dataset-management"}, "item_id": "0183d477-568c-cffb-43c7-3a1fce8bd188", "team": {"name": "BioScout", "slug": "bioscout"}, "workview_url": "https://darwin.v7labs.com/workview?dataset=538883&item=0183d477-568c-cffb-43c7-3a1fce8bd188"}, "slots": [{"type": "image", "slot_name": "0", "width": 4064, "height": 3040, "thumbnail_url": "https://darwin.v7labs.com/api/v2/teams/bioscout/files/9dd8d172-65c0-4e65-b4fd-1b506f962255/thumbnail", "source_files": [{"file_name": "6105_b4d82dbb-5949-4bb8-bfdd-4e4face66023_2022_01_21.jpeg", "url": "https://darwin.v7labs.com/api/v2/teams/bioscout/uploads/cb63d7ca-bd6f-4068-8e7b-4b9b7e707d11"}]}]}, "annotations": [{"bounding_box": {"h": 128.0, "w": 308.0, "x": 1488.0, "y": 580.0}, "id": "f01d3a1d-97b6-48f6-8e8f-b06a96b4ab00", "name": "Alternaria spp.", "slot_names": ["0"]}]}