{"version": "2.0", "schema_ref": "https://darwin-public.s3.eu-west-1.amazonaws.com/darwin_json_2_0.schema.json", "item": {"name": "6105_20a2998d-dbfd-4b4a-8757-415e9d7d1b5d_2022_01_02.jpeg", "path": "/", "source_info": {"dataset": {"name": "alternaria", "slug": "alternaria", "dataset_management_url": "https://darwin.v7labs.com/datasets/538883/dataset-management"}, "item_id": "0183d477-602d-dc98-3ecc-824d27f21249", "team": {"name": "BioScout", "slug": "bioscout"}, "workview_url": "https://darwin.v7labs.com/workview?dataset=538883&item=0183d477-602d-dc98-3ecc-824d27f21249"}, "slots": [{"type": "image", "slot_name": "0", "width": 4064, "height": 3040, "thumbnail_url": "https://darwin.v7labs.com/api/v2/teams/bioscout/files/f4080909-c30b-4f43-9994-013e475b09f0/thumbnail", "source_files": [{"file_name": "6105_20a2998d-dbfd-4b4a-8757-415e9d7d1b5d_2022_01_02.jpeg", "url": "https://darwin.v7labs.com/api/v2/teams/bioscout/uploads/4344c57a-7fdb-4aad-8100-eff977120c90"}]}]}, "annotations": [{"bounding_box": {"h": 228.0, "w": 228.0, "x": 740.0, "y": 1060.0}, "id": "e5461cd1-551a-4f4e-8104-e0efb7325945", "name": "Alternaria spp.", "slot_names": ["0"]}]}