{"version": "2.0", "schema_ref": "https://darwin-public.s3.eu-west-1.amazonaws.com/darwin_json_2_0.schema.json", "item": {"name": "6105_3e09834f-cedf-430e-a622-71224ae87db8_2022_01_14.jpeg", "path": "/", "source_info": {"dataset": {"name": "alternaria", "slug": "alternaria", "dataset_management_url": "https://darwin.v7labs.com/datasets/538883/dataset-management"}, "item_id": "0183d477-568c-22b3-5592-7bd8342ec1aa", "team": {"name": "BioScout", "slug": "bioscout"}, "workview_url": "https://darwin.v7labs.com/workview?dataset=538883&item=0183d477-568c-22b3-5592-7bd8342ec1aa"}, "slots": [{"type": "image", "slot_name": "0", "width": 4064, "height": 3040, "thumbnail_url": "https://darwin.v7labs.com/api/v2/teams/bioscout/files/f42e0dd8-39b2-41c9-a6be-151bbc4d9bff/thumbnail", "source_files": [{"file_name": "6105_3e09834f-cedf-430e-a622-71224ae87db8_2022_01_14.jpeg", "url": "https://darwin.v7labs.com/api/v2/teams/bioscout/uploads/728c03d4-00f3-4818-9c7b-69fc6bc520d8"}]}]}, "annotations": [{"bounding_box": {"h": 243.0, "w": 228.0, "x": 3836.0, "y": 748.0}, "id": "b6682197-58d8-4522-ad48-4d295533c555", "name": "Alternaria spp.", "slot_names": ["0"]}]}