{"version": "2.0", "schema_ref": "https://darwin-public.s3.eu-west-1.amazonaws.com/darwin_json_2_0.schema.json", "item": {"name": "6105_ef3cf66c-8fba-4507-a213-ebfa850eee25_2022_01_26.jpeg", "path": "/", "source_info": {"dataset": {"name": "alternaria", "slug": "alternaria", "dataset_management_url": "https://darwin.v7labs.com/datasets/538883/dataset-management"}, "item_id": "0183d477-568a-cdd5-be34-d3e5e7c58dbf", "team": {"name": "BioScout", "slug": "bioscout"}, "workview_url": "https://darwin.v7labs.com/workview?dataset=538883&item=0183d477-568a-cdd5-be34-d3e5e7c58dbf"}, "slots": [{"type": "image", "slot_name": "0", "width": 4064, "height": 3040, "thumbnail_url": "https://darwin.v7labs.com/api/v2/teams/bioscout/files/b6ba8241-21d3-4dbb-a50b-64ef150345ba/thumbnail", "source_files": [{"file_name": "6105_ef3cf66c-8fba-4507-a213-ebfa850eee25_2022_01_26.jpeg", "url": "https://darwin.v7labs.com/api/v2/teams/bioscout/uploads/0728bf61-ef3e-45f2-bb68-5f37276a61ad"}]}]}, "annotations": [{"bounding_box": {"h": 103.0, "w": 274.0, "x": 3010.0, "y": 373.0}, "id": "97dc68eb-80a0-4ba6-9eb0-875c15cd0bc0", "name": "Alternaria spp.", "slot_names": ["0"]}, {"bounding_box": {"h": 272.0, "w": 132.0, "x": 532.0, "y": 1104.0}, "id": "bc14e864-0d6a-4b26-8577-1d52d4d791dd", "name": "Alternaria spp.", "slot_names": ["0"]}, {"bounding_box": {"h": 272.0, "w": 192.0, "x": 32.0, "y": 548.0}, "id": "0bc50d36-355d-48cd-9718-51dc86748d11", "name": "Alternaria spp.", "slot_names": ["0"]}]}