{"version": "2.0", "schema_ref": "https://darwin-public.s3.eu-west-1.amazonaws.com/darwin_json_2_0.schema.json", "item": {"name": "6105_10ab9527-49d7-488a-979b-8a25ed8d7229_2022_01_18.jpeg", "path": "/", "source_info": {"dataset": {"name": "alternaria", "slug": "alternaria", "dataset_management_url": "https://darwin.v7labs.com/datasets/538883/dataset-management"}, "item_id": "0183d477-567f-3550-c83e-4555ac1d954c", "team": {"name": "BioScout", "slug": "bioscout"}, "workview_url": "https://darwin.v7labs.com/workview?dataset=538883&item=0183d477-567f-3550-c83e-4555ac1d954c"}, "slots": [{"type": "image", "slot_name": "0", "width": 4064, "height": 3040, "thumbnail_url": "https://darwin.v7labs.com/api/v2/teams/bioscout/files/66a6027d-0793-4487-ac81-3049bae8c645/thumbnail", "source_files": [{"file_name": "6105_10ab9527-49d7-488a-979b-8a25ed8d7229_2022_01_18.jpeg", "url": "https://darwin.v7labs.com/api/v2/teams/bioscout/uploads/3f42f852-02ca-4ebe-8565-cf857bedb990"}]}]}, "annotations": [{"bounding_box": {"h": 336.0, "w": 183.0, "x": 3511.0, "y": 1958.0}, "id": "d20dba6c-e937-4079-9847-3e3d951be6ee", "name": "Alternaria spp.", "slot_names": ["0"]}, {"bounding_box": {"h": 250.0, "w": 339.0, "x": 47.0, "y": 2065.0}, "id": "5b224822-0426-450b-83f9-626aa80ebf19", "name": "Alternaria spp.", "slot_names": ["0"]}, {"bounding_box": {"h": 178.0, "w": 341.0, "x": 769.0, "y": 2448.0}, "id": "6b5fe99f-6f12-4ab9-9ebd-fa71f0e2781d", "name": "Alternaria spp.", "slot_names": ["0"]}, {"bounding_box": {"h": 112.0, "w": 252.0, "x": 2800, "y": 1600}, "id": "b125f958-82d9-44c4-878c-36bef6178caa", "name": "Alternaria spp.", "slot_names": ["0"]}]}