{"version": "2.0", "schema_ref": "https://darwin-public.s3.eu-west-1.amazonaws.com/darwin_json_2_0.schema.json", "item": {"name": "6105_e4aa6fb8-c073-40cc-8f6d-379cf6d72825_2022_01_26.jpeg", "path": "/", "source_info": {"dataset": {"name": "alternaria", "slug": "alternaria", "dataset_management_url": "https://darwin.v7labs.com/datasets/538883/dataset-management"}, "item_id": "0183d477-602e-1100-a6e6-478b17e67222", "team": {"name": "BioScout", "slug": "bioscout"}, "workview_url": "https://darwin.v7labs.com/workview?dataset=538883&item=0183d477-602e-1100-a6e6-478b17e67222"}, "slots": [{"type": "image", "slot_name": "0", "width": 4064, "height": 3040, "thumbnail_url": "https://darwin.v7labs.com/api/v2/teams/bioscout/files/08614373-78c3-4937-bd2a-1309385662c7/thumbnail", "source_files": [{"file_name": "6105_e4aa6fb8-c073-40cc-8f6d-379cf6d72825_2022_01_26.jpeg", "url": "https://darwin.v7labs.com/api/v2/teams/bioscout/uploads/2cebf689-7c03-475e-a249-f8dd2d4f6c18"}]}]}, "annotations": [{"bounding_box": {"h": 343.0, "w": 120.0, "x": 2460.0, "y": 433.0}, "id": "d29880a1-2062-4f90-a739-7a60ddd223f7", "name": "Alternaria spp.", "slot_names": ["0"]}]}