{"version": "2.0", "schema_ref": "https://darwin-public.s3.eu-west-1.amazonaws.com/darwin_json_2_0.schema.json", "item": {"name": "6105_ef3a1895-8a64-4500-988f-023a14c72244_2022_01_22.jpeg", "path": "/", "source_info": {"dataset": {"name": "alternaria", "slug": "alternaria", "dataset_management_url": "https://darwin.v7labs.com/datasets/538883/dataset-management"}, "item_id": "0183d477-6031-80f4-d77e-64f123e764a5", "team": {"name": "BioScout", "slug": "bioscout"}, "workview_url": "https://darwin.v7labs.com/workview?dataset=538883&item=0183d477-6031-80f4-d77e-64f123e764a5"}, "slots": [{"type": "image", "slot_name": "0", "width": 4064, "height": 3040, "thumbnail_url": "https://darwin.v7labs.com/api/v2/teams/bioscout/files/1895eb18-1873-43e7-af6b-454da0220ea5/thumbnail", "source_files": [{"file_name": "6105_ef3a1895-8a64-4500-988f-023a14c72244_2022_01_22.jpeg", "url": "https://darwin.v7labs.com/api/v2/teams/bioscout/uploads/409d1106-e4b3-4d68-b215-aaedc1163b28"}]}]}, "annotations": [{"bounding_box": {"h": 91.0, "w": 208.0, "x": 3370.0, "y": 39.0}, "id": "2aae1c15-cf86-4655-8b97-67b855288cf8", "name": "Alternaria spp.", "slot_names": ["0"]}, {"bounding_box": {"h": 168.0, "w": 376.0, "x": 1176.0, "y": 1088.0}, "id": "9893bd82-9501-45a8-ac59-329175a93797", "name": "Alternaria spp.", "slot_names": ["0"]}]}