{"version": "2.0", "schema_ref": "https://darwin-public.s3.eu-west-1.amazonaws.com/darwin_json_2_0.schema.json", "item": {"name": "6105_c9bb4944-8901-40a0-9f1c-dc922e436fcf_2022_01_29.jpeg", "path": "/", "source_info": {"dataset": {"name": "alternaria", "slug": "alternaria", "dataset_management_url": "https://darwin.v7labs.com/datasets/538883/dataset-management"}, "item_id": "0183d477-5689-01c2-9ae3-9660326d7672", "team": {"name": "BioScout", "slug": "bioscout"}, "workview_url": "https://darwin.v7labs.com/workview?dataset=538883&item=0183d477-5689-01c2-9ae3-9660326d7672"}, "slots": [{"type": "image", "slot_name": "0", "width": 4064, "height": 3040, "thumbnail_url": "https://darwin.v7labs.com/api/v2/teams/bioscout/files/781e170e-bdeb-47d0-a7b1-091c8ac14fdc/thumbnail", "source_files": [{"file_name": "6105_c9bb4944-8901-40a0-9f1c-dc922e436fcf_2022_01_29.jpeg", "url": "https://darwin.v7labs.com/api/v2/teams/bioscout/uploads/494da628-ab4f-45b3-a764-2609de13d87d"}]}]}, "annotations": [{"bounding_box": {"h": 236.0, "w": 236.0, "x": 1700, "y": 692.0}, "id": "1d5c281b-2fa7-4dd3-90e9-33b967571531", "name": "Alternaria spp.", "slot_names": ["0"]}]}