{"version": "2.0", "schema_ref": "https://darwin-public.s3.eu-west-1.amazonaws.com/darwin_json_2_0.schema.json", "item": {"name": "6105_8831891a-0c3f-4116-a753-2411127cfc4d_2022_01_18.jpeg", "path": "/", "source_info": {"dataset": {"name": "alternaria", "slug": "alternaria", "dataset_management_url": "https://darwin.v7labs.com/datasets/538883/dataset-management"}, "item_id": "0183d477-602d-648f-2682-9404eaa2191a", "team": {"name": "BioScout", "slug": "bioscout"}, "workview_url": "https://darwin.v7labs.com/workview?dataset=538883&item=0183d477-602d-648f-2682-9404eaa2191a"}, "slots": [{"type": "image", "slot_name": "0", "width": 4064, "height": 3040, "thumbnail_url": "https://darwin.v7labs.com/api/v2/teams/bioscout/files/7effd02f-9d39-4ea5-9534-7707ee9a0049/thumbnail", "source_files": [{"file_name": "6105_8831891a-0c3f-4116-a753-2411127cfc4d_2022_01_18.jpeg", "url": "https://darwin.v7labs.com/api/v2/teams/bioscout/uploads/0f317639-811e-4b2e-899c-bcf4f2230ee6"}]}]}, "annotations": [{"bounding_box": {"h": 243.0, "w": 240.0, "x": 3461.0, "y": 1282.0}, "id": "134628bf-e36a-4fb1-9f67-ff828cdce65e", "name": "Alternaria spp.", "slot_names": ["0"]}, {"bounding_box": {"h": 197.0, "w": 265.0, "x": 556.0, "y": 2250.0}, "id": "12b49763-1a79-44e3-84d8-6babffa55a3b", "name": "Alternaria spp.", "slot_names": ["0"]}]}