{"version": "2.0", "schema_ref": "https://darwin-public.s3.eu-west-1.amazonaws.com/darwin_json_2_0.schema.json", "item": {"name": "6105_5e957aa0-dd98-4b79-a77b-9e764b60b016_2022_01_28.jpeg", "path": "/", "source_info": {"dataset": {"name": "alternaria", "slug": "alternaria", "dataset_management_url": "https://darwin.v7labs.com/datasets/538883/dataset-management"}, "item_id": "0183d477-5681-2ef9-08de-ce5df7cd5217", "team": {"name": "BioScout", "slug": "bioscout"}, "workview_url": "https://darwin.v7labs.com/workview?dataset=538883&item=0183d477-5681-2ef9-08de-ce5df7cd5217"}, "slots": [{"type": "image", "slot_name": "0", "width": 4064, "height": 3040, "thumbnail_url": "https://darwin.v7labs.com/api/v2/teams/bioscout/files/8167847d-f201-47aa-b8ec-e133cdc7c696/thumbnail", "source_files": [{"file_name": "6105_5e957aa0-dd98-4b79-a77b-9e764b60b016_2022_01_28.jpeg", "url": "https://darwin.v7labs.com/api/v2/teams/bioscout/uploads/a6ee3b7c-006b-4536-badf-e123aaf5194c"}]}]}, "annotations": [{"bounding_box": {"h": 92.0, "w": 252.0, "x": 1876.0, "y": 1100}, "id": "99df74d3-1530-4143-96a2-fd7e4c7a4b31", "name": "Alternaria spp.", "slot_names": ["0"]}, {"bounding_box": {"h": 252.0, "w": 156.0, "x": 672.0, "y": 0.0}, "id": "111a9f28-2f72-4cf3-a42b-980c34bdfc12", "name": "Alternaria spp.", "slot_names": ["0"]}, {"bounding_box": {"h": 100.0, "w": 312.0, "x": 532.0, "y": 1796.0}, "id": "ef2f1261-47f5-4438-b323-22b594a79571", "name": "Alternaria spp.", "slot_names": ["0"]}, {"bounding_box": {"h": 357.0, "w": 193.0, "x": 657.0, "y": 2084.0}, "id": "0208cb37-791a-4ef1-84b7-fa7ec6008120", "name": "Alternaria spp.", "slot_names": ["0"]}]}