{"version": "2.0", "schema_ref": "https://darwin-public.s3.eu-west-1.amazonaws.com/darwin_json_2_0.schema.json", "item": {"name": "6105_a6853564-e0fa-4767-8462-c9f8aea4ecaf_2022_01_21.jpeg", "path": "/", "source_info": {"dataset": {"name": "alternaria", "slug": "alternaria", "dataset_management_url": "https://darwin.v7labs.com/datasets/538883/dataset-management"}, "item_id": "0183d477-567f-8f7b-3d40-182095bfed47", "team": {"name": "BioScout", "slug": "bioscout"}, "workview_url": "https://darwin.v7labs.com/workview?dataset=538883&item=0183d477-567f-8f7b-3d40-182095bfed47"}, "slots": [{"type": "image", "slot_name": "0", "width": 4064, "height": 3040, "thumbnail_url": "https://darwin.v7labs.com/api/v2/teams/bioscout/files/27e18fba-2c82-4118-9f77-9d28fec0daa0/thumbnail", "source_files": [{"file_name": "6105_a6853564-e0fa-4767-8462-c9f8aea4ecaf_2022_01_21.jpeg", "url": "https://darwin.v7labs.com/api/v2/teams/bioscout/uploads/a9293123-b119-45af-b427-11bbc9ed2cc1"}]}]}, "annotations": [{"bounding_box": {"h": 180.0, "w": 292.0, "x": 2440.0, "y": 916.0}, "id": "09818ac4-2c1a-4667-9c8e-1eab738dd3c4", "name": "Alternaria spp.", "slot_names": ["0"]}, {"bounding_box": {"h": 184.0, "w": 196.0, "x": 1572.0, "y": 1604.0}, "id": "0f814a65-5c8d-46bf-8bbe-53b9c47e99ef", "name": "Alternaria spp.", "slot_names": ["0"]}, {"bounding_box": {"h": 135.0, "w": 302.0, "x": 3024.0, "y": 289.0}, "id": "53061f23-9e2c-4462-a4a2-bf689e32d9f9", "name": "Alternaria spp.", "slot_names": ["0"]}, {"bounding_box": {"h": 300.0, "w": 206.0, "x": 1827.0, "y": 1567.0}, "id": "53fd3a46-d5fc-48ee-a84c-d11665aa8f4c", "name": "Alternaria spp.", "slot_names": ["0"]}]}