{"version": "2.0", "schema_ref": "https://darwin-public.s3.eu-west-1.amazonaws.com/darwin_json_2_0.schema.json", "item": {"name": "6105_ef53377e-565b-4e34-9fef-fdc37764c374_2022_01_17.jpeg", "path": "/", "source_info": {"dataset": {"name": "alternaria", "slug": "alternaria", "dataset_management_url": "https://darwin.v7labs.com/datasets/538883/dataset-management"}, "item_id": "0183d477-602f-3bc9-7b78-e3181a65abaf", "team": {"name": "BioScout", "slug": "bioscout"}, "workview_url": "https://darwin.v7labs.com/workview?dataset=538883&item=0183d477-602f-3bc9-7b78-e3181a65abaf"}, "slots": [{"type": "image", "slot_name": "0", "width": 4064, "height": 3040, "thumbnail_url": "https://darwin.v7labs.com/api/v2/teams/bioscout/files/fd1e41d7-bb48-4259-bfc4-ac971a83efd9/thumbnail", "source_files": [{"file_name": "6105_ef53377e-565b-4e34-9fef-fdc37764c374_2022_01_17.jpeg", "url": "https://darwin.v7labs.com/api/v2/teams/bioscout/uploads/96924c2f-0ed5-40d9-bf9c-b636a5010174"}]}]}, "annotations": [{"bounding_box": {"h": 195.0, "w": 117.0, "x": 1841.0, "y": 2845.0}, "id": "2f5c79a8-3e80-4c02-ac7a-7a8440db6006", "name": "Alternaria spp.", "slot_names": ["0"]}, {"bounding_box": {"h": 317.0, "w": 122.0, "x": 1770.0, "y": 2723.0}, "id": "e4b21246-52b5-4cf9-9ab3-7c0b8a47029a", "name": "Alternaria spp.", "slot_names": ["0"]}, {"bounding_box": {"h": 229.0, "w": 346.0, "x": 3032.0, "y": 2636.0}, "id": "56414a37-224c-402a-9479-a10d24a9b59e", "name": "Alternaria spp.", "slot_names": ["0"]}, {"bounding_box": {"h": 141.0, "w": 471.0, "x": 2475.0, "y": 2746.0}, "id": "aaa24ff6-b601-459f-8008-2700f9a66d4c", "name": "Alternaria spp.", "slot_names": ["0"]}]}