{"version": "2.0", "schema_ref": "https://darwin-public.s3.eu-west-1.amazonaws.com/darwin_json_2_0.schema.json", "item": {"name": "6105_8b8117b5-8d4f-47e8-b4e4-582d4e5e27f4_2022_01_14.jpeg", "path": "/", "source_info": {"dataset": {"name": "alternaria", "slug": "alternaria", "dataset_management_url": "https://darwin.v7labs.com/datasets/538883/dataset-management"}, "item_id": "0183d477-567b-dff4-924f-4ae8a6e828c6", "team": {"name": "BioScout", "slug": "bioscout"}, "workview_url": "https://darwin.v7labs.com/workview?dataset=538883&item=0183d477-567b-dff4-924f-4ae8a6e828c6"}, "slots": [{"type": "image", "slot_name": "0", "width": 4064, "height": 3040, "thumbnail_url": "https://darwin.v7labs.com/api/v2/teams/bioscout/files/cca6da30-df90-423e-9751-4c1dec3ee7fd/thumbnail", "source_files": [{"file_name": "6105_8b8117b5-8d4f-47e8-b4e4-582d4e5e27f4_2022_01_14.jpeg", "url": "https://darwin.v7labs.com/api/v2/teams/bioscout/uploads/fe2d9643-f00d-4d98-8502-44bc2a859178"}]}]}, "annotations": [{"bounding_box": {"h": 192.0, "w": 364.0, "x": 216.0, "y": 676.0}, "id": "d45a1647-0ed6-4872-a1a0-10e369527856", "name": "Alternaria spp.", "slot_names": ["0"]}]}