{"version": "2.0", "schema_ref": "https://darwin-public.s3.eu-west-1.amazonaws.com/darwin_json_2_0.schema.json", "item": {"name": "6105_04dc4d9c-a41c-489a-810d-5746a6aff1b4_2022_01_18.jpeg", "path": "/", "source_info": {"dataset": {"name": "alternaria", "slug": "alternaria", "dataset_management_url": "https://darwin.v7labs.com/datasets/538883/dataset-management"}, "item_id": "0183d477-567e-1870-91dc-a5831c4e5181", "team": {"name": "BioScout", "slug": "bioscout"}, "workview_url": "https://darwin.v7labs.com/workview?dataset=538883&item=0183d477-567e-1870-91dc-a5831c4e5181"}, "slots": [{"type": "image", "slot_name": "0", "width": 4064, "height": 3040, "thumbnail_url": "https://darwin.v7labs.com/api/v2/teams/bioscout/files/d0f4cd25-9abe-48a1-be64-b95474b9fd40/thumbnail", "source_files": [{"file_name": "6105_04dc4d9c-a41c-489a-810d-5746a6aff1b4_2022_01_18.jpeg", "url": "https://darwin.v7labs.com/api/v2/teams/bioscout/uploads/ad6e480d-c0e7-4007-9f84-a3127418d70e"}]}]}, "annotations": [{"bounding_box": {"h": 120.0, "w": 240.0, "x": 500.0, "y": 920.0}, "id": "57b958d6-add9-4635-a5f5-611133c41c2e", "name": "Alternaria spp.", "slot_names": ["0"]}, {"bounding_box": {"h": 136.0, "w": 384.0, "x": 1580.0, "y": 1384.0}, "id": "7cd2e11a-8597-4fef-84ac-46ba5cb9906e", "name": "Alternaria spp.", "slot_names": ["0"]}]}