{"version": "2.0", "schema_ref": "https://darwin-public.s3.eu-west-1.amazonaws.com/darwin_json_2_0.schema.json", "item": {"name": "6105_d2a09e78-e367-4737-b9a5-df8b053b35b4_2022_01_21.jpeg", "path": "/", "source_info": {"dataset": {"name": "alternaria", "slug": "alternaria", "dataset_management_url": "https://darwin.v7labs.com/datasets/538883/dataset-management"}, "item_id": "0183d477-602d-fba5-dacc-b855b636c7dc", "team": {"name": "BioScout", "slug": "bioscout"}, "workview_url": "https://darwin.v7labs.com/workview?dataset=538883&item=0183d477-602d-fba5-dacc-b855b636c7dc"}, "slots": [{"type": "image", "slot_name": "0", "width": 4064, "height": 3040, "thumbnail_url": "https://darwin.v7labs.com/api/v2/teams/bioscout/files/98dcf6ca-a0e9-4cfa-a047-029472a51f06/thumbnail", "source_files": [{"file_name": "6105_d2a09e78-e367-4737-b9a5-df8b053b35b4_2022_01_21.jpeg", "url": "https://darwin.v7labs.com/api/v2/teams/bioscout/uploads/8c729604-43eb-424e-a594-0374f0be0a06"}]}]}, "annotations": [{"bounding_box": {"h": 142.0, "w": 424.0, "x": 1171.0, "y": 2338.0}, "id": "acceddc0-22e0-4672-97b8-48ab0ef1b82b", "name": "Alternaria spp.", "slot_names": ["0"]}]}