{"version": "2.0", "schema_ref": "https://darwin-public.s3.eu-west-1.amazonaws.com/darwin_json_2_0.schema.json", "item": {"name": "6105_2df04c9b-d3b3-420e-b0cd-c13666be9578_2022_01_02.jpeg", "path": "/", "source_info": {"dataset": {"name": "alternaria", "slug": "alternaria", "dataset_management_url": "https://darwin.v7labs.com/datasets/538883/dataset-management"}, "item_id": "0183d477-567b-7df7-4cd3-fffa7ab9cb8a", "team": {"name": "BioScout", "slug": "bioscout"}, "workview_url": "https://darwin.v7labs.com/workview?dataset=538883&item=0183d477-567b-7df7-4cd3-fffa7ab9cb8a"}, "slots": [{"type": "image", "slot_name": "0", "width": 4064, "height": 3040, "thumbnail_url": "https://darwin.v7labs.com/api/v2/teams/bioscout/files/321a9d8a-3367-40ce-a13e-eaa4e00d76f2/thumbnail", "source_files": [{"file_name": "6105_2df04c9b-d3b3-420e-b0cd-c13666be9578_2022_01_02.jpeg", "url": "https://darwin.v7labs.com/api/v2/teams/bioscout/uploads/b08d1772-24bd-4cbe-88d4-e4521bd987b1"}]}]}, "annotations": [{"bounding_box": {"h": 144.0, "w": 168.0, "x": 2608.0, "y": 1216.0}, "id": "468eae47-57cf-432d-9ad1-96daebba13e8", "name": "Alternaria spp.", "slot_names": ["0"]}, {"bounding_box": {"h": 136.0, "w": 268.0, "x": 72.0, "y": 1244.0}, "id": "55ec382d-4010-4917-828b-823864b653e4", "name": "Alternaria spp.", "slot_names": ["0"]}]}