{"version": "2.0", "schema_ref": "https://darwin-public.s3.eu-west-1.amazonaws.com/darwin_json_2_0.schema.json", "item": {"name": "6105_849b931e-7c5d-4a6f-aaab-0d2425504280_2022_01_17.jpeg", "path": "/", "source_info": {"dataset": {"name": "alternaria", "slug": "alternaria", "dataset_management_url": "https://darwin.v7labs.com/datasets/538883/dataset-management"}, "item_id": "0183d477-602c-b8ce-19c9-a6d1d466acc7", "team": {"name": "BioScout", "slug": "bioscout"}, "workview_url": "https://darwin.v7labs.com/workview?dataset=538883&item=0183d477-602c-b8ce-19c9-a6d1d466acc7"}, "slots": [{"type": "image", "slot_name": "0", "width": 4064, "height": 3040, "thumbnail_url": "https://darwin.v7labs.com/api/v2/teams/bioscout/files/6bb3f099-bd95-4c4e-9c3d-b177d296a9d8/thumbnail", "source_files": [{"file_name": "6105_849b931e-7c5d-4a6f-aaab-0d2425504280_2022_01_17.jpeg", "url": "https://darwin.v7labs.com/api/v2/teams/bioscout/uploads/85580929-14e9-48e4-81d0-6569309d34c9"}]}]}, "annotations": [{"bounding_box": {"h": 92.0, "w": 332.0, "x": 1708.0, "y": 776.0}, "id": "d925990b-fecd-431e-a3a3-3dab30c8069f", "name": "Alternaria spp.", "slot_names": ["0"]}]}