{"version": "2.0", "schema_ref": "https://darwin-public.s3.eu-west-1.amazonaws.com/darwin_json_2_0.schema.json", "item": {"name": "6105_381e29b4-058c-4c06-b1d9-af2c98b82993_2022_01_18.jpeg", "path": "/", "source_info": {"dataset": {"name": "alternaria", "slug": "alternaria", "dataset_management_url": "https://darwin.v7labs.com/datasets/538883/dataset-management"}, "item_id": "0183d477-602f-4502-6162-b0bdaeeaf4df", "team": {"name": "BioScout", "slug": "bioscout"}, "workview_url": "https://darwin.v7labs.com/workview?dataset=538883&item=0183d477-602f-4502-6162-b0bdaeeaf4df"}, "slots": [{"type": "image", "slot_name": "0", "width": 4064, "height": 3040, "thumbnail_url": "https://darwin.v7labs.com/api/v2/teams/bioscout/files/a169bace-e50e-4e75-a16d-d21c0cb16eb0/thumbnail", "source_files": [{"file_name": "6105_381e29b4-058c-4c06-b1d9-af2c98b82993_2022_01_18.jpeg", "url": "https://darwin.v7labs.com/api/v2/teams/bioscout/uploads/e58df8c4-3450-4eb5-9147-f9828165458f"}]}]}, "annotations": [{"bounding_box": {"h": 176.0, "w": 429.0, "x": 1896.0, "y": 2124.0}, "id": "a2929ad2-5f7b-47c2-b6b0-709321e57996", "name": "Alternaria spp.", "slot_names": ["0"]}]}