{"version": "2.0", "schema_ref": "https://darwin-public.s3.eu-west-1.amazonaws.com/darwin_json_2_0.schema.json", "item": {"name": "6105_9b8f66ae-448f-4ad2-84b9-084bc519cd80_2022_01_16.jpeg", "path": "/", "source_info": {"dataset": {"name": "alternaria", "slug": "alternaria", "dataset_management_url": "https://darwin.v7labs.com/datasets/538883/dataset-management"}, "item_id": "0183d477-5675-fa12-7995-c9df61c82eb3", "team": {"name": "BioScout", "slug": "bioscout"}, "workview_url": "https://darwin.v7labs.com/workview?dataset=538883&item=0183d477-5675-fa12-7995-c9df61c82eb3"}, "slots": [{"type": "image", "slot_name": "0", "width": 4064, "height": 3040, "thumbnail_url": "https://darwin.v7labs.com/api/v2/teams/bioscout/files/863e971e-3ab4-4219-9eb8-32e488809d64/thumbnail", "source_files": [{"file_name": "6105_9b8f66ae-448f-4ad2-84b9-084bc519cd80_2022_01_16.jpeg", "url": "https://darwin.v7labs.com/api/v2/teams/bioscout/uploads/b7a2ca8a-d620-4e1b-aa1b-75dcdad91559"}]}]}, "annotations": [{"bounding_box": {"h": 151.0, "w": 343.0, "x": 463.0, "y": 699.0}, "id": "6bf8b3a4-1fa6-4a78-a38f-0701b328c302", "name": "Alternaria spp.", "slot_names": ["0"]}]}