{"version": "2.0", "schema_ref": "https://darwin-public.s3.eu-west-1.amazonaws.com/darwin_json_2_0.schema.json", "item": {"name": "6105_3dac9eaf-3204-46c0-bfcd-868a51a42672_2022_01_15.jpeg", "path": "/", "source_info": {"dataset": {"name": "alternaria", "slug": "alternaria", "dataset_management_url": "https://darwin.v7labs.com/datasets/538883/dataset-management"}, "item_id": "0183d477-602c-52e9-311b-0e0d65feb1ea", "team": {"name": "BioScout", "slug": "bioscout"}, "workview_url": "https://darwin.v7labs.com/workview?dataset=538883&item=0183d477-602c-52e9-311b-0e0d65feb1ea"}, "slots": [{"type": "image", "slot_name": "0", "width": 4064, "height": 3040, "thumbnail_url": "https://darwin.v7labs.com/api/v2/teams/bioscout/files/0f9286c5-75e1-46b8-8bb1-2b873b6541ef/thumbnail", "source_files": [{"file_name": "6105_3dac9eaf-3204-46c0-bfcd-868a51a42672_2022_01_15.jpeg", "url": "https://darwin.v7labs.com/api/v2/teams/bioscout/uploads/3aaef72f-960d-41ea-82a3-7e69efe43036"}]}]}, "annotations": [{"bounding_box": {"h": 86.0, "w": 217.0, "x": 1917.0, "y": 2527.0}, "id": "4c818fe1-ba8c-47c8-a729-42e92caf86b9", "name": "Alternaria spp.", "slot_names": ["0"]}]}