{"version": "2.0", "schema_ref": "https://darwin-public.s3.eu-west-1.amazonaws.com/darwin_json_2_0.schema.json", "item": {"name": "6105_b6d8fff2-460f-4056-aa78-1511ce211730_2022_01_18.jpeg", "path": "/", "source_info": {"dataset": {"name": "alternaria", "slug": "alternaria", "dataset_management_url": "https://darwin.v7labs.com/datasets/538883/dataset-management"}, "item_id": "0183d477-5688-05dc-3cc1-6fc2f98c493b", "team": {"name": "BioScout", "slug": "bioscout"}, "workview_url": "https://darwin.v7labs.com/workview?dataset=538883&item=0183d477-5688-05dc-3cc1-6fc2f98c493b"}, "slots": [{"type": "image", "slot_name": "0", "width": 4064, "height": 3040, "thumbnail_url": "https://darwin.v7labs.com/api/v2/teams/bioscout/files/36acd89f-de05-4361-a672-ba72206fb2a2/thumbnail", "source_files": [{"file_name": "6105_b6d8fff2-460f-4056-aa78-1511ce211730_2022_01_18.jpeg", "url": "https://darwin.v7labs.com/api/v2/teams/bioscout/uploads/dab8464a-2c30-4ec7-a9f0-bdaefb9c7e98"}]}]}, "annotations": [{"bounding_box": {"h": 380.0, "w": 176.0, "x": 1860.0, "y": 364.0}, "id": "c85e5110-2b61-41f4-bb22-002722cd6237", "name": "Alternaria spp.", "slot_names": ["0"]}]}