{"version": "2.0", "schema_ref": "https://darwin-public.s3.eu-west-1.amazonaws.com/darwin_json_2_0.schema.json", "item": {"name": "6105_4889ab52-12ac-48ff-8f47-10cb9f3f36c1_2022_01_21.jpeg", "path": "/", "source_info": {"dataset": {"name": "alternaria", "slug": "alternaria", "dataset_management_url": "https://darwin.v7labs.com/datasets/538883/dataset-management"}, "item_id": "0183d477-567b-92ca-61d1-2699cc036976", "team": {"name": "BioScout", "slug": "bioscout"}, "workview_url": "https://darwin.v7labs.com/workview?dataset=538883&item=0183d477-567b-92ca-61d1-2699cc036976"}, "slots": [{"type": "image", "slot_name": "0", "width": 4064, "height": 3040, "thumbnail_url": "https://darwin.v7labs.com/api/v2/teams/bioscout/files/ad539217-b8f1-4426-90e1-cf6a735bb6f6/thumbnail", "source_files": [{"file_name": "6105_4889ab52-12ac-48ff-8f47-10cb9f3f36c1_2022_01_21.jpeg", "url": "https://darwin.v7labs.com/api/v2/teams/bioscout/uploads/db89f2ba-c004-4602-b1d3-be69e6f4adad"}]}]}, "annotations": [{"bounding_box": {"h": 196.0, "w": 140.0, "x": 936.0, "y": 1736.0}, "id": "92efc522-6e30-4793-a2e8-e2ed434c191d", "name": "Alternaria spp.", "slot_names": ["0"]}]}