{"version": "2.0", "schema_ref": "https://darwin-public.s3.eu-west-1.amazonaws.com/darwin_json_2_0.schema.json", "item": {"name": "6105_bcea1383-3116-4ac9-bf75-c226397f6239_2022_01_28.jpeg", "path": "/", "source_info": {"dataset": {"name": "alternaria", "slug": "alternaria", "dataset_management_url": "https://darwin.v7labs.com/datasets/538883/dataset-management"}, "item_id": "0183d477-602b-9103-bf08-a43052dbe336", "team": {"name": "BioScout", "slug": "bioscout"}, "workview_url": "https://darwin.v7labs.com/workview?dataset=538883&item=0183d477-602b-9103-bf08-a43052dbe336"}, "slots": [{"type": "image", "slot_name": "0", "width": 4064, "height": 3040, "thumbnail_url": "https://darwin.v7labs.com/api/v2/teams/bioscout/files/18e2ee64-bc7a-4dac-8245-39de5e865474/thumbnail", "source_files": [{"file_name": "6105_bcea1383-3116-4ac9-bf75-c226397f6239_2022_01_28.jpeg", "url": "https://darwin.v7labs.com/api/v2/teams/bioscout/uploads/73cdad29-1e5f-4cc5-84b4-fa4b67add3cf"}]}]}, "annotations": [{"bounding_box": {"h": 203.0, "w": 278.0, "x": 1027.0, "y": 2286.0}, "id": "dd4ddfc0-39e1-46f9-ae47-80dcb72f7a6a", "name": "Alternaria spp.", "slot_names": ["0"]}]}