{"version": "2.0", "schema_ref": "https://darwin-public.s3.eu-west-1.amazonaws.com/darwin_json_2_0.schema.json", "item": {"name": "6105_9a8d854f-f366-447c-a58a-f23383d14eeb_2022_01_14.jpeg", "path": "/", "source_info": {"dataset": {"name": "alternaria", "slug": "alternaria", "dataset_management_url": "https://darwin.v7labs.com/datasets/538883/dataset-management"}, "item_id": "0183d477-602e-1c6d-93d0-9647935cf0fc", "team": {"name": "BioScout", "slug": "bioscout"}, "workview_url": "https://darwin.v7labs.com/workview?dataset=538883&item=0183d477-602e-1c6d-93d0-9647935cf0fc"}, "slots": [{"type": "image", "slot_name": "0", "width": 4064, "height": 3040, "thumbnail_url": "https://darwin.v7labs.com/api/v2/teams/bioscout/files/e6a95acf-3743-4aee-be02-5a656e9c30d7/thumbnail", "source_files": [{"file_name": "6105_9a8d854f-f366-447c-a58a-f23383d14eeb_2022_01_14.jpeg", "url": "https://darwin.v7labs.com/api/v2/teams/bioscout/uploads/311f0186-775d-4a32-8fd0-1fbe8b0b6c5d"}]}]}, "annotations": [{"bounding_box": {"h": 280.0, "w": 272.0, "x": 1792.0, "y": 460.0}, "id": "cde17e90-9e10-4a68-b50b-6e9fb1873189", "name": "Alternaria spp.", "slot_names": ["0"]}]}