{"version": "2.0", "schema_ref": "https://darwin-public.s3.eu-west-1.amazonaws.com/darwin_json_2_0.schema.json", "item": {"name": "6105_346a1d92-a3ca-4bab-8314-e703bb5443f3_2022_01_28.jpeg", "path": "/", "source_info": {"dataset": {"name": "alternaria", "slug": "alternaria", "dataset_management_url": "https://darwin.v7labs.com/datasets/538883/dataset-management"}, "item_id": "0183d477-567e-d04d-cc4b-148967d64557", "team": {"name": "BioScout", "slug": "bioscout"}, "workview_url": "https://darwin.v7labs.com/workview?dataset=538883&item=0183d477-567e-d04d-cc4b-148967d64557"}, "slots": [{"type": "image", "slot_name": "0", "width": 4064, "height": 3040, "thumbnail_url": "https://darwin.v7labs.com/api/v2/teams/bioscout/files/08f6056b-4478-4890-bbaa-8dfa635d795e/thumbnail", "source_files": [{"file_name": "6105_346a1d92-a3ca-4bab-8314-e703bb5443f3_2022_01_28.jpeg", "url": "https://darwin.v7labs.com/api/v2/teams/bioscout/uploads/8d698757-c580-4665-9fa6-bd22c3070f24"}]}]}, "annotations": [{"bounding_box": {"h": 161.0, "w": 165.0, "x": 2272.0, "y": 2111.0}, "id": "59806407-d6d7-4452-a5b4-1da625df32b2", "name": "Alternaria spp.", "slot_names": ["0"]}]}