{"version": "2.0", "schema_ref": "https://darwin-public.s3.eu-west-1.amazonaws.com/darwin_json_2_0.schema.json", "item": {"name": "6105_8e963960-38ad-4525-baad-2242bf5eb189_2022_01_17.jpeg", "path": "/", "source_info": {"dataset": {"name": "alternaria", "slug": "alternaria", "dataset_management_url": "https://darwin.v7labs.com/datasets/538883/dataset-management"}, "item_id": "0183d477-602d-9828-d2cb-afa995f170c2", "team": {"name": "BioScout", "slug": "bioscout"}, "workview_url": "https://darwin.v7labs.com/workview?dataset=538883&item=0183d477-602d-9828-d2cb-afa995f170c2"}, "slots": [{"type": "image", "slot_name": "0", "width": 4064, "height": 3040, "thumbnail_url": "https://darwin.v7labs.com/api/v2/teams/bioscout/files/914254f9-b813-4a46-b957-917274c819fd/thumbnail", "source_files": [{"file_name": "6105_8e963960-38ad-4525-baad-2242bf5eb189_2022_01_17.jpeg", "url": "https://darwin.v7labs.com/api/v2/teams/bioscout/uploads/6c9defd4-ad1c-4185-b2e8-9103d6af92ba"}]}]}, "annotations": [{"bounding_box": {"h": 422.0, "w": 175.0, "x": 3229.0, "y": 245.0}, "id": "67cd7a92-9cbe-4020-a5c8-2f71e927d751", "name": "Alternaria spp.", "slot_names": ["0"]}, {"bounding_box": {"h": 270.0, "w": 124.0, "x": 3065.0, "y": 1641.0}, "id": "95ead2fe-c4c7-470c-9ce1-f4f7daba7eec", "name": "Alternaria spp.", "slot_names": ["0"]}, {"bounding_box": {"h": 179.0, "w": 402.0, "x": 3052.0, "y": 837.0}, "id": "6e8969ad-ffbb-42fc-b223-fdf2119d7ae2", "name": "Alternaria spp.", "slot_names": ["0"]}, {"bounding_box": {"h": 210.0, "w": 136.0, "x": 3265.0, "y": 1641.0}, "id": "2eb0fbb9-45b0-46b5-a423-dbfcd0f8e62b", "name": "Alternaria spp.", "slot_names": ["0"]}, {"bounding_box": {"h": 184.0, "w": 156.0, "x": 2392.0, "y": 0.0}, "id": "f34e733a-ebce-4798-9623-d72566838e49", "name": "Alternaria spp.", "slot_names": ["0"]}]}