{"version": "2.0", "schema_ref": "https://darwin-public.s3.eu-west-1.amazonaws.com/darwin_json_2_0.schema.json", "item": {"name": "6105_22297e09-75ff-4a5d-add1-f6837bb88036_2022_01_08.jpeg", "path": "/", "source_info": {"dataset": {"name": "alternaria", "slug": "alternaria", "dataset_management_url": "https://darwin.v7labs.com/datasets/538883/dataset-management"}, "item_id": "0183d477-568b-79e1-fbbc-8f134631bcd3", "team": {"name": "BioScout", "slug": "bioscout"}, "workview_url": "https://darwin.v7labs.com/workview?dataset=538883&item=0183d477-568b-79e1-fbbc-8f134631bcd3"}, "slots": [{"type": "image", "slot_name": "0", "width": 4064, "height": 3040, "thumbnail_url": "https://darwin.v7labs.com/api/v2/teams/bioscout/files/5992d8d4-65af-4133-b876-ffb1daac1930/thumbnail", "source_files": [{"file_name": "6105_22297e09-75ff-4a5d-add1-f6837bb88036_2022_01_08.jpeg", "url": "https://darwin.v7labs.com/api/v2/teams/bioscout/uploads/75c2074b-1b5a-4341-a298-33102bf9de72"}]}]}, "annotations": [{"bounding_box": {"h": 322.0, "w": 122.0, "x": 2901.0, "y": 1219.0}, "id": "0157208f-e46b-498e-a9a1-18fe3efba1d8", "name": "Alternaria spp.", "slot_names": ["0"]}]}