{"version": "2.0", "schema_ref": "https://darwin-public.s3.eu-west-1.amazonaws.com/darwin_json_2_0.schema.json", "item": {"name": "6105_a212ee9c-ef86-4207-9a66-6d5dec7c42e8_2022_01_16.jpeg", "path": "/", "source_info": {"dataset": {"name": "alternaria", "slug": "alternaria", "dataset_management_url": "https://darwin.v7labs.com/datasets/538883/dataset-management"}, "item_id": "0183d477-6023-a7a0-e8b4-4be82f1614ac", "team": {"name": "BioScout", "slug": "bioscout"}, "workview_url": "https://darwin.v7labs.com/workview?dataset=538883&item=0183d477-6023-a7a0-e8b4-4be82f1614ac"}, "slots": [{"type": "image", "slot_name": "0", "width": 4064, "height": 3040, "thumbnail_url": "https://darwin.v7labs.com/api/v2/teams/bioscout/files/d7312707-6c53-40dc-b9fc-03e7b61cdfa6/thumbnail", "source_files": [{"file_name": "6105_a212ee9c-ef86-4207-9a66-6d5dec7c42e8_2022_01_16.jpeg", "url": "https://darwin.v7labs.com/api/v2/teams/bioscout/uploads/d77a1250-88ca-4b6b-b43c-6eef24ec3029"}]}]}, "annotations": []}