{"version": "2.0", "schema_ref": "https://darwin-public.s3.eu-west-1.amazonaws.com/darwin_json_2_0.schema.json", "item": {"name": "6105_9c446ba0-f191-46d9-85e4-02efbb365b05_2022_01_14.jpeg", "path": "/", "source_info": {"dataset": {"name": "alternaria", "slug": "alternaria", "dataset_management_url": "https://darwin.v7labs.com/datasets/538883/dataset-management"}, "item_id": "0183d477-6031-12ef-d324-9d5e3317a066", "team": {"name": "BioScout", "slug": "bioscout"}, "workview_url": "https://darwin.v7labs.com/workview?dataset=538883&item=0183d477-6031-12ef-d324-9d5e3317a066"}, "slots": [{"type": "image", "slot_name": "0", "width": 4064, "height": 3040, "thumbnail_url": "https://darwin.v7labs.com/api/v2/teams/bioscout/files/51633964-8f0b-4b94-ba20-c42c6ebbf620/thumbnail", "source_files": [{"file_name": "6105_9c446ba0-f191-46d9-85e4-02efbb365b05_2022_01_14.jpeg", "url": "https://darwin.v7labs.com/api/v2/teams/bioscout/uploads/2d1cf454-d3b2-47ab-af64-b31a0f6a63a0"}]}]}, "annotations": [{"bounding_box": {"h": 103.0, "w": 203.0, "x": 921.0, "y": 76.0}, "id": "72e55fe6-a79c-4aff-925b-e558fb0980ac", "name": "Alternaria spp.", "slot_names": ["0"]}]}