{"version": "2.0", "schema_ref": "https://darwin-public.s3.eu-west-1.amazonaws.com/darwin_json_2_0.schema.json", "item": {"name": "6105_90d731f9-5665-4560-bc55-86d22af6ef10_2022_01_10.jpeg", "path": "/", "source_info": {"dataset": {"name": "alternaria", "slug": "alternaria", "dataset_management_url": "https://darwin.v7labs.com/datasets/538883/dataset-management"}, "item_id": "0183d477-5682-4fd8-7383-ff9de8b9c11c", "team": {"name": "BioScout", "slug": "bioscout"}, "workview_url": "https://darwin.v7labs.com/workview?dataset=538883&item=0183d477-5682-4fd8-7383-ff9de8b9c11c"}, "slots": [{"type": "image", "slot_name": "0", "width": 4064, "height": 3040, "thumbnail_url": "https://darwin.v7labs.com/api/v2/teams/bioscout/files/b5719a5c-cdb9-4ca2-a264-fa59468d8ea7/thumbnail", "source_files": [{"file_name": "6105_90d731f9-5665-4560-bc55-86d22af6ef10_2022_01_10.jpeg", "url": "https://darwin.v7labs.com/api/v2/teams/bioscout/uploads/d79ca8a8-6a30-4ac4-8c98-c07ff02efac3"}]}]}, "annotations": [{"bounding_box": {"h": 100.0, "w": 372.0, "x": 1844.0, "y": 1792.0}, "id": "74754315-57b2-4f85-b5fe-837c2d4b6e9b", "name": "Alternaria spp.", "slot_names": ["0"]}]}