{"version": "2.0", "schema_ref": "https://darwin-public.s3.eu-west-1.amazonaws.com/darwin_json_2_0.schema.json", "item": {"name": "6105_08d5d161-807e-4bd2-824a-a16da9925976_2022_01_05.jpeg", "path": "/", "source_info": {"dataset": {"name": "alternaria", "slug": "alternaria", "dataset_management_url": "https://darwin.v7labs.com/datasets/538883/dataset-management"}, "item_id": "0183d477-567a-29b7-da80-1b32d376326b", "team": {"name": "BioScout", "slug": "bioscout"}, "workview_url": "https://darwin.v7labs.com/workview?dataset=538883&item=0183d477-567a-29b7-da80-1b32d376326b"}, "slots": [{"type": "image", "slot_name": "0", "width": 4064, "height": 3040, "thumbnail_url": "https://darwin.v7labs.com/api/v2/teams/bioscout/files/69e9d307-9244-43fb-9ea6-a1e233704add/thumbnail", "source_files": [{"file_name": "6105_08d5d161-807e-4bd2-824a-a16da9925976_2022_01_05.jpeg", "url": "https://darwin.v7labs.com/api/v2/teams/bioscout/uploads/dcf14faa-add5-444e-aba2-d127ffdf9f5d"}]}]}, "annotations": [{"bounding_box": {"h": 124.0, "w": 324.0, "x": 505.0, "y": 227.0}, "id": "872512da-cd66-4f40-a313-008549e7f61b", "name": "Alternaria spp.", "slot_names": ["0"]}]}