{"version": "2.0", "schema_ref": "https://darwin-public.s3.eu-west-1.amazonaws.com/darwin_json_2_0.schema.json", "item": {"name": "6105_f4d431e1-7e3f-448e-8008-e6a4390c0e40_2022_01_26.jpeg", "path": "/", "source_info": {"dataset": {"name": "alternaria", "slug": "alternaria", "dataset_management_url": "https://darwin.v7labs.com/datasets/538883/dataset-management"}, "item_id": "0183d477-602f-2cb5-f987-5a95d283d004", "team": {"name": "BioScout", "slug": "bioscout"}, "workview_url": "https://darwin.v7labs.com/workview?dataset=538883&item=0183d477-602f-2cb5-f987-5a95d283d004"}, "slots": [{"type": "image", "slot_name": "0", "width": 4064, "height": 3040, "thumbnail_url": "https://darwin.v7labs.com/api/v2/teams/bioscout/files/53d9bc95-30f7-47ce-ab39-333694b47384/thumbnail", "source_files": [{"file_name": "6105_f4d431e1-7e3f-448e-8008-e6a4390c0e40_2022_01_26.jpeg", "url": "https://darwin.v7labs.com/api/v2/teams/bioscout/uploads/5e1c599a-a467-4c82-bb96-c99396b33d88"}]}]}, "annotations": [{"bounding_box": {"h": 153.0, "w": 267.0, "x": 2972.0, "y": 703.0}, "id": "984dfe79-b5f4-4d03-bcc6-6ca5fe438521", "name": "Alternaria spp.", "slot_names": ["0"]}]}