{"version": "2.0", "schema_ref": "https://darwin-public.s3.eu-west-1.amazonaws.com/darwin_json_2_0.schema.json", "item": {"name": "6105_d61bad43-b0e0-4371-9f30-2d3b72ef1522_2022_01_22.jpeg", "path": "/", "source_info": {"dataset": {"name": "alternaria", "slug": "alternaria", "dataset_management_url": "https://darwin.v7labs.com/datasets/538883/dataset-management"}, "item_id": "0183d477-602e-6abf-8db2-d356275e526c", "team": {"name": "BioScout", "slug": "bioscout"}, "workview_url": "https://darwin.v7labs.com/workview?dataset=538883&item=0183d477-602e-6abf-8db2-d356275e526c"}, "slots": [{"type": "image", "slot_name": "0", "width": 4064, "height": 3040, "thumbnail_url": "https://darwin.v7labs.com/api/v2/teams/bioscout/files/c5b4170a-cfac-44e4-9fdb-f0c0633f6caa/thumbnail", "source_files": [{"file_name": "6105_d61bad43-b0e0-4371-9f30-2d3b72ef1522_2022_01_22.jpeg", "url": "https://darwin.v7labs.com/api/v2/teams/bioscout/uploads/4eb9e721-3b2f-45d1-829b-73089d1c1c81"}]}]}, "annotations": [{"bounding_box": {"h": 116.0, "w": 396.0, "x": 1464.0, "y": 736.0}, "id": "f29c26b3-fda4-40d8-8100-ed07998875f0", "name": "Alternaria spp.", "slot_names": ["0"]}]}