{"version": "2.0", "schema_ref": "https://darwin-public.s3.eu-west-1.amazonaws.com/darwin_json_2_0.schema.json", "item": {"name": "6105_c22a2efb-3608-4283-a0fe-d9e8cca339d9_2022_01_21.jpeg", "path": "/", "source_info": {"dataset": {"name": "alternaria", "slug": "alternaria", "dataset_management_url": "https://darwin.v7labs.com/datasets/538883/dataset-management"}, "item_id": "0183d477-5680-182a-48a1-2757ecd7ed64", "team": {"name": "BioScout", "slug": "bioscout"}, "workview_url": "https://darwin.v7labs.com/workview?dataset=538883&item=0183d477-5680-182a-48a1-2757ecd7ed64"}, "slots": [{"type": "image", "slot_name": "0", "width": 4064, "height": 3040, "thumbnail_url": "https://darwin.v7labs.com/api/v2/teams/bioscout/files/c910e200-e8bc-4057-9199-17409093561f/thumbnail", "source_files": [{"file_name": "6105_c22a2efb-3608-4283-a0fe-d9e8cca339d9_2022_01_21.jpeg", "url": "https://darwin.v7labs.com/api/v2/teams/bioscout/uploads/5fb29c24-06f5-4987-b120-20e7d2eff8ba"}]}]}, "annotations": [{"bounding_box": {"h": 88.0, "w": 280.0, "x": 2780.0, "y": 756.0}, "id": "0bfb9a73-3951-4413-a9a8-7976979e4635", "name": "Alternaria spp.", "slot_names": ["0"]}]}