{"version": "2.0", "schema_ref": "https://darwin-public.s3.eu-west-1.amazonaws.com/darwin_json_2_0.schema.json", "item": {"name": "6105_2d494dce-2020-4f23-a310-3cb1a236b32f_2022_01_17.jpeg", "path": "/", "source_info": {"dataset": {"name": "alternaria", "slug": "alternaria", "dataset_management_url": "https://darwin.v7labs.com/datasets/538883/dataset-management"}, "item_id": "0183d477-5680-2eb8-a0e3-0f03aa485c2a", "team": {"name": "BioScout", "slug": "bioscout"}, "workview_url": "https://darwin.v7labs.com/workview?dataset=538883&item=0183d477-5680-2eb8-a0e3-0f03aa485c2a"}, "slots": [{"type": "image", "slot_name": "0", "width": 4064, "height": 3040, "thumbnail_url": "https://darwin.v7labs.com/api/v2/teams/bioscout/files/7427a377-548c-4f82-92d5-d20ff43c1832/thumbnail", "source_files": [{"file_name": "6105_2d494dce-2020-4f23-a310-3cb1a236b32f_2022_01_17.jpeg", "url": "https://darwin.v7labs.com/api/v2/teams/bioscout/uploads/e5803418-e1ea-4c73-aeca-a4a41c8259e3"}]}]}, "annotations": [{"bounding_box": {"h": 251.0, "w": 219.0, "x": 1514.0, "y": 2261.0}, "id": "bb737615-1b35-4295-94bd-45b0ede3e582", "name": "Alternaria spp.", "slot_names": ["0"]}, {"bounding_box": {"h": 112.0, "w": 304.0, "x": 1816.0, "y": 1132.0}, "id": "f13e47d9-8c94-4062-ad4f-0a816628e056", "name": "Alternaria spp.", "slot_names": ["0"]}, {"bounding_box": {"h": 180.0, "w": 180.0, "x": 1600, "y": 852.0}, "id": "41589c4f-2abd-4b42-8d94-6024c0627c34", "name": "Alternaria spp.", "slot_names": ["0"]}]}