{"version": "2.0", "schema_ref": "https://darwin-public.s3.eu-west-1.amazonaws.com/darwin_json_2_0.schema.json", "item": {"name": "6105_583e2311-836b-4115-8cb3-5b3fe9763a78_2022_01_12.jpeg", "path": "/", "source_info": {"dataset": {"name": "alternaria", "slug": "alternaria", "dataset_management_url": "https://darwin.v7labs.com/datasets/538883/dataset-management"}, "item_id": "0183d477-5681-154c-cf7d-0cf5d1179f38", "team": {"name": "BioScout", "slug": "bioscout"}, "workview_url": "https://darwin.v7labs.com/workview?dataset=538883&item=0183d477-5681-154c-cf7d-0cf5d1179f38"}, "slots": [{"type": "image", "slot_name": "0", "width": 4064, "height": 3040, "thumbnail_url": "https://darwin.v7labs.com/api/v2/teams/bioscout/files/bb6fc55d-dad1-480b-ba7d-144a2c82b7f3/thumbnail", "source_files": [{"file_name": "6105_583e2311-836b-4115-8cb3-5b3fe9763a78_2022_01_12.jpeg", "url": "https://darwin.v7labs.com/api/v2/teams/bioscout/uploads/c426403a-a213-4edc-b3da-b1d9f57ed5ae"}]}]}, "annotations": [{"bounding_box": {"h": 114.0, "w": 306.0, "x": 3753.0, "y": 1504.0}, "id": "009a023a-3775-48e8-8e61-895fd39935b0", "name": "Alternaria spp.", "slot_names": ["0"]}]}