{"version": "2.0", "schema_ref": "https://darwin-public.s3.eu-west-1.amazonaws.com/darwin_json_2_0.schema.json", "item": {"name": "6105_fb257d4d-d5f6-43fd-a7a6-06eee4351eb2_2022_01_13.jpeg", "path": "/", "source_info": {"dataset": {"name": "alternaria", "slug": "alternaria", "dataset_management_url": "https://darwin.v7labs.com/datasets/538883/dataset-management"}, "item_id": "0183d477-6031-0520-03b7-eeb64235f6dd", "team": {"name": "BioScout", "slug": "bioscout"}, "workview_url": "https://darwin.v7labs.com/workview?dataset=538883&item=0183d477-6031-0520-03b7-eeb64235f6dd"}, "slots": [{"type": "image", "slot_name": "0", "width": 4064, "height": 3040, "thumbnail_url": "https://darwin.v7labs.com/api/v2/teams/bioscout/files/bfc46cae-449b-4dfd-b179-367e0cd765b1/thumbnail", "source_files": [{"file_name": "6105_fb257d4d-d5f6-43fd-a7a6-06eee4351eb2_2022_01_13.jpeg", "url": "https://darwin.v7labs.com/api/v2/teams/bioscout/uploads/c5d9dfee-9ed3-438f-8f65-e0e60d7389d6"}]}]}, "annotations": [{"bounding_box": {"h": 338.0, "w": 116.0, "x": 2756.0, "y": 74.0}, "id": "45f919ce-d394-4e6e-87de-32b1c5bf69b0", "name": "Alternaria spp.", "slot_names": ["0"]}, {"bounding_box": {"h": 192.0, "w": 256.0, "x": 3189.0, "y": 734.0}, "id": "df79d84b-3a99-4933-9f6b-24f360d5ddae", "name": "Alternaria spp.", "slot_names": ["0"]}]}