{"version": "2.0", "schema_ref": "https://darwin-public.s3.eu-west-1.amazonaws.com/darwin_json_2_0.schema.json", "item": {"name": "6105_a5335e79-6504-4a0d-8f1e-5123ece56ba8_2022_01_19.jpeg", "path": "/", "source_info": {"dataset": {"name": "alternaria", "slug": "alternaria", "dataset_management_url": "https://darwin.v7labs.com/datasets/538883/dataset-management"}, "item_id": "0183d477-6027-0a57-0a66-016eb5a160aa", "team": {"name": "BioScout", "slug": "bioscout"}, "workview_url": "https://darwin.v7labs.com/workview?dataset=538883&item=0183d477-6027-0a57-0a66-016eb5a160aa"}, "slots": [{"type": "image", "slot_name": "0", "width": 4064, "height": 3040, "thumbnail_url": "https://darwin.v7labs.com/api/v2/teams/bioscout/files/a6b9d3eb-eb7e-447f-9c24-51aac512bcdb/thumbnail", "source_files": [{"file_name": "6105_a5335e79-6504-4a0d-8f1e-5123ece56ba8_2022_01_19.jpeg", "url": "https://darwin.v7labs.com/api/v2/teams/bioscout/uploads/da1cfb01-4f93-4bee-99ba-1c80c6be50ff"}]}]}, "annotations": [{"bounding_box": {"h": 276.0, "w": 256.0, "x": 1420.0, "y": 1260.0}, "id": "cef17547-b2d1-4a74-a14c-b0a1c8da1518", "name": "Alternaria spp.", "slot_names": ["0"]}, {"bounding_box": {"h": 321.0, "w": 202.0, "x": 1584.0, "y": 2199.0}, "id": "40360eef-8030-4cf0-ba53-7223c4e235a2", "name": "Alternaria spp.", "slot_names": ["0"]}]}