{"version": "2.0", "schema_ref": "https://darwin-public.s3.eu-west-1.amazonaws.com/darwin_json_2_0.schema.json", "item": {"name": "6105_59f83d01-aa97-422c-9154-d02fea9d6257_2022_01_22.jpeg", "path": "/", "source_info": {"dataset": {"name": "alternaria", "slug": "alternaria", "dataset_management_url": "https://darwin.v7labs.com/datasets/538883/dataset-management"}, "item_id": "0183d477-5682-ae34-20fe-19d1295a6a7d", "team": {"name": "BioScout", "slug": "bioscout"}, "workview_url": "https://darwin.v7labs.com/workview?dataset=538883&item=0183d477-5682-ae34-20fe-19d1295a6a7d"}, "slots": [{"type": "image", "slot_name": "0", "width": 4064, "height": 3040, "thumbnail_url": "https://darwin.v7labs.com/api/v2/teams/bioscout/files/8cad3a5c-293c-45b2-8fb1-cc36228fe867/thumbnail", "source_files": [{"file_name": "6105_59f83d01-aa97-422c-9154-d02fea9d6257_2022_01_22.jpeg", "url": "https://darwin.v7labs.com/api/v2/teams/bioscout/uploads/119b095a-10a0-4f0d-a86b-edd1407a5832"}]}]}, "annotations": [{"bounding_box": {"h": 108.0, "w": 123.0, "x": 1256.0, "y": 284.0}, "id": "a322279f-dadc-4f73-af53-a54f4d7cbc4e", "name": "Alternaria spp.", "slot_names": ["0"]}]}