{"version": "2.0", "schema_ref": "https://darwin-public.s3.eu-west-1.amazonaws.com/darwin_json_2_0.schema.json", "item": {"name": "6105_4330ee65-3bb2-46b8-862c-46ef553b06fd_2022_01_21.jpeg", "path": "/", "source_info": {"dataset": {"name": "alternaria", "slug": "alternaria", "dataset_management_url": "https://darwin.v7labs.com/datasets/538883/dataset-management"}, "item_id": "0183d477-602f-637f-6685-58ed4fc914a8", "team": {"name": "BioScout", "slug": "bioscout"}, "workview_url": "https://darwin.v7labs.com/workview?dataset=538883&item=0183d477-602f-637f-6685-58ed4fc914a8"}, "slots": [{"type": "image", "slot_name": "0", "width": 4064, "height": 3040, "thumbnail_url": "https://darwin.v7labs.com/api/v2/teams/bioscout/files/ec4b303d-178b-495a-be1b-7fdd2db0b346/thumbnail", "source_files": [{"file_name": "6105_4330ee65-3bb2-46b8-862c-46ef553b06fd_2022_01_21.jpeg", "url": "https://darwin.v7labs.com/api/v2/teams/bioscout/uploads/0357b216-bdaf-4cbd-8b96-fec582b72fc6"}]}]}, "annotations": [{"bounding_box": {"h": 147.0, "w": 164.0, "x": 3298.0, "y": 0.0}, "id": "924d5dc7-526c-4275-9653-aa2cf9331e4e", "name": "Alternaria spp.", "slot_names": ["0"]}]}