{"version": "2.0", "schema_ref": "https://darwin-public.s3.eu-west-1.amazonaws.com/darwin_json_2_0.schema.json", "item": {"name": "6105_7cce10ca-5f8c-4da2-8438-059a4316629a_2022_01_26.jpeg", "path": "/", "source_info": {"dataset": {"name": "alternaria", "slug": "alternaria", "dataset_management_url": "https://darwin.v7labs.com/datasets/538883/dataset-management"}, "item_id": "0183d477-602e-96fa-50df-4e63ad83142d", "team": {"name": "BioScout", "slug": "bioscout"}, "workview_url": "https://darwin.v7labs.com/workview?dataset=538883&item=0183d477-602e-96fa-50df-4e63ad83142d"}, "slots": [{"type": "image", "slot_name": "0", "width": 4064, "height": 3040, "thumbnail_url": "https://darwin.v7labs.com/api/v2/teams/bioscout/files/5ad67fcf-d2f9-4534-ae52-b00a5ec63e81/thumbnail", "source_files": [{"file_name": "6105_7cce10ca-5f8c-4da2-8438-059a4316629a_2022_01_26.jpeg", "url": "https://darwin.v7labs.com/api/v2/teams/bioscout/uploads/dcc1826b-1683-4154-b580-42402c70ab47"}]}]}, "annotations": [{"bounding_box": {"h": 109.0, "w": 255.0, "x": 3464.0, "y": 852.0}, "id": "222029a4-b172-4d42-a9f3-42c33a9d7e57", "name": "Alternaria spp.", "slot_names": ["0"]}]}