{"version": "2.0", "schema_ref": "https://darwin-public.s3.eu-west-1.amazonaws.com/darwin_json_2_0.schema.json", "item": {"name": "6105_751ef192-e1b3-4238-b532-75c82a2afe1d_2022_01_02.jpeg", "path": "/", "source_info": {"dataset": {"name": "alternaria", "slug": "alternaria", "dataset_management_url": "https://darwin.v7labs.com/datasets/538883/dataset-management"}, "item_id": "0183d477-5682-8b6a-bb40-3985431318b2", "team": {"name": "BioScout", "slug": "bioscout"}, "workview_url": "https://darwin.v7labs.com/workview?dataset=538883&item=0183d477-5682-8b6a-bb40-3985431318b2"}, "slots": [{"type": "image", "slot_name": "0", "width": 4064, "height": 3040, "thumbnail_url": "https://darwin.v7labs.com/api/v2/teams/bioscout/files/359e392d-5c66-4bc9-ae04-132b2069ef28/thumbnail", "source_files": [{"file_name": "6105_751ef192-e1b3-4238-b532-75c82a2afe1d_2022_01_02.jpeg", "url": "https://darwin.v7labs.com/api/v2/teams/bioscout/uploads/f17fe2e8-1db0-4464-9625-cc5e7b95dab3"}]}]}, "annotations": [{"bounding_box": {"h": 124.0, "w": 352.0, "x": 292.0, "y": 1132.0}, "id": "96a2b950-cfcf-431e-ab0a-879dadf00c48", "name": "Alternaria spp.", "slot_names": ["0"]}]}