{"version": "2.0", "schema_ref": "https://darwin-public.s3.eu-west-1.amazonaws.com/darwin_json_2_0.schema.json", "item": {"name": "6105_b6c3dff8-34dc-4e7c-be85-2e1ff725a7e8_2022_01_25.jpeg", "path": "/", "source_info": {"dataset": {"name": "alternaria", "slug": "alternaria", "dataset_management_url": "https://darwin.v7labs.com/datasets/538883/dataset-management"}, "item_id": "0183d477-5676-be4f-28f5-45232009201d", "team": {"name": "BioScout", "slug": "bioscout"}, "workview_url": "https://darwin.v7labs.com/workview?dataset=538883&item=0183d477-5676-be4f-28f5-45232009201d"}, "slots": [{"type": "image", "slot_name": "0", "width": 4064, "height": 3040, "thumbnail_url": "https://darwin.v7labs.com/api/v2/teams/bioscout/files/ec80f744-ef93-49c0-8d4f-99371f863828/thumbnail", "source_files": [{"file_name": "6105_b6c3dff8-34dc-4e7c-be85-2e1ff725a7e8_2022_01_25.jpeg", "url": "https://darwin.v7labs.com/api/v2/teams/bioscout/uploads/3bbe6bc0-87d7-4b84-91ae-14021a77d0c4"}]}]}, "annotations": [{"bounding_box": {"h": 135.0, "w": 283.0, "x": 98.0, "y": 2005.0}, "id": "f327aa7c-ec4c-482a-92a1-5791fc7a615b", "name": "Alternaria spp.", "slot_names": ["0"]}]}