{"version": "2.0", "schema_ref": "https://darwin-public.s3.eu-west-1.amazonaws.com/darwin_json_2_0.schema.json", "item": {"name": "6105_804dbffe-b6c4-4cbb-b90d-f23e11cf5b72_2022_01_25.jpeg", "path": "/", "source_info": {"dataset": {"name": "alternaria", "slug": "alternaria", "dataset_management_url": "https://darwin.v7labs.com/datasets/538883/dataset-management"}, "item_id": "0183d477-602c-66e4-f9a0-8b707e88df58", "team": {"name": "BioScout", "slug": "bioscout"}, "workview_url": "https://darwin.v7labs.com/workview?dataset=538883&item=0183d477-602c-66e4-f9a0-8b707e88df58"}, "slots": [{"type": "image", "slot_name": "0", "width": 4064, "height": 3040, "thumbnail_url": "https://darwin.v7labs.com/api/v2/teams/bioscout/files/223a6edf-a0bb-4de3-b40d-9fe0b3df9760/thumbnail", "source_files": [{"file_name": "6105_804dbffe-b6c4-4cbb-b90d-f23e11cf5b72_2022_01_25.jpeg", "url": "https://darwin.v7labs.com/api/v2/teams/bioscout/uploads/41e406cd-69b6-4433-9129-79e567bca204"}]}]}, "annotations": [{"bounding_box": {"h": 110.0, "w": 277.0, "x": 3055.0, "y": 776.0}, "id": "d8bca426-c051-4c52-8e24-3bafd62d12c3", "name": "Alternaria spp.", "slot_names": ["0"]}]}