{"version": "2.0", "schema_ref": "https://darwin-public.s3.eu-west-1.amazonaws.com/darwin_json_2_0.schema.json", "item": {"name": "6105_93052cdb-f584-46f6-90a2-50f06c1b1640_2022_01_02.jpeg", "path": "/", "source_info": {"dataset": {"name": "alternaria", "slug": "alternaria", "dataset_management_url": "https://darwin.v7labs.com/datasets/538883/dataset-management"}, "item_id": "0183d477-5676-9b60-ed33-2a5fda2aca5e", "team": {"name": "BioScout", "slug": "bioscout"}, "workview_url": "https://darwin.v7labs.com/workview?dataset=538883&item=0183d477-5676-9b60-ed33-2a5fda2aca5e"}, "slots": [{"type": "image", "slot_name": "0", "width": 4064, "height": 3040, "thumbnail_url": "https://darwin.v7labs.com/api/v2/teams/bioscout/files/02e3c383-c459-4681-b6a5-8f523f8c4749/thumbnail", "source_files": [{"file_name": "6105_93052cdb-f584-46f6-90a2-50f06c1b1640_2022_01_02.jpeg", "url": "https://darwin.v7labs.com/api/v2/teams/bioscout/uploads/e52a40aa-48a1-401d-968d-49cbe795c353"}]}]}, "annotations": [{"bounding_box": {"h": 128.0, "w": 228.0, "x": 2480.0, "y": 224.0}, "id": "99a6b3c7-95db-425c-adc8-706e6647611d", "name": "Alternaria spp.", "slot_names": ["0"]}]}