{"version": "2.0", "schema_ref": "https://darwin-public.s3.eu-west-1.amazonaws.com/darwin_json_2_0.schema.json", "item": {"name": "6105_9db87833-755f-48f1-9742-36e99afa5d55_2022_01_17.jpeg", "path": "/", "source_info": {"dataset": {"name": "alternaria", "slug": "alternaria", "dataset_management_url": "https://darwin.v7labs.com/datasets/538883/dataset-management"}, "item_id": "0183d477-5688-3b80-c00d-d4ad91d602cc", "team": {"name": "BioScout", "slug": "bioscout"}, "workview_url": "https://darwin.v7labs.com/workview?dataset=538883&item=0183d477-5688-3b80-c00d-d4ad91d602cc"}, "slots": [{"type": "image", "slot_name": "0", "width": 4064, "height": 3040, "thumbnail_url": "https://darwin.v7labs.com/api/v2/teams/bioscout/files/da4cf2cb-191b-4f08-8495-fa07f83722fe/thumbnail", "source_files": [{"file_name": "6105_9db87833-755f-48f1-9742-36e99afa5d55_2022_01_17.jpeg", "url": "https://darwin.v7labs.com/api/v2/teams/bioscout/uploads/31c3013b-b6ca-47de-a943-f3196152f42c"}]}]}, "annotations": [{"bounding_box": {"h": 200.0, "w": 300.0, "x": 1528.0, "y": 1848.0}, "id": "1d3e4cbc-f592-4d5a-b3a0-b41efce54a05", "name": "Alternaria spp.", "slot_names": ["0"]}, {"bounding_box": {"h": 224.0, "w": 156.0, "x": 1436.0, "y": 1540.0}, "id": "3dec8cad-0b6c-4416-afb0-b20bf037579c", "name": "Alternaria spp.", "slot_names": ["0"]}]}