{"version": "2.0", "schema_ref": "https://darwin-public.s3.eu-west-1.amazonaws.com/darwin_json_2_0.schema.json", "item": {"name": "6105_e12bd6f3-9492-4f36-84f7-83a5edbc061e_2022_01_29.jpeg", "path": "/", "source_info": {"dataset": {"name": "alternaria", "slug": "alternaria", "dataset_management_url": "https://darwin.v7labs.com/datasets/538883/dataset-management"}, "item_id": "0183d477-568a-0474-9e51-a4ce6f5caaea", "team": {"name": "BioScout", "slug": "bioscout"}, "workview_url": "https://darwin.v7labs.com/workview?dataset=538883&item=0183d477-568a-0474-9e51-a4ce6f5caaea"}, "slots": [{"type": "image", "slot_name": "0", "width": 4064, "height": 3040, "thumbnail_url": "https://darwin.v7labs.com/api/v2/teams/bioscout/files/11d9c1fa-21b3-4756-a87e-41a91d3073a7/thumbnail", "source_files": [{"file_name": "6105_e12bd6f3-9492-4f36-84f7-83a5edbc061e_2022_01_29.jpeg", "url": "https://darwin.v7labs.com/api/v2/teams/bioscout/uploads/722914ba-d8b2-4c41-8ebf-9b14cd1d0668"}]}]}, "annotations": [{"bounding_box": {"h": 84.0, "w": 318.0, "x": 3152.0, "y": 950.0}, "id": "d496e7b0-86b8-4a86-87df-cd13c7f66d14", "name": "Alternaria spp.", "slot_names": ["0"]}]}