{"version": "2.0", "schema_ref": "https://darwin-public.s3.eu-west-1.amazonaws.com/darwin_json_2_0.schema.json", "item": {"name": "6105_7375d526-90ff-45d0-9df6-81d2a3a7a011_2022_01_25.jpeg", "path": "/", "source_info": {"dataset": {"name": "alternaria", "slug": "alternaria", "dataset_management_url": "https://darwin.v7labs.com/datasets/538883/dataset-management"}, "item_id": "0183d477-6024-fa0a-9708-3777b71da6c4", "team": {"name": "BioScout", "slug": "bioscout"}, "workview_url": "https://darwin.v7labs.com/workview?dataset=538883&item=0183d477-6024-fa0a-9708-3777b71da6c4"}, "slots": [{"type": "image", "slot_name": "0", "width": 4064, "height": 3040, "thumbnail_url": "https://darwin.v7labs.com/api/v2/teams/bioscout/files/b000aef6-bb17-4b7a-84fd-777e0271b000/thumbnail", "source_files": [{"file_name": "6105_7375d526-90ff-45d0-9df6-81d2a3a7a011_2022_01_25.jpeg", "url": "https://darwin.v7labs.com/api/v2/teams/bioscout/uploads/83b79556-0548-4193-94c1-a9f87fee491d"}]}]}, "annotations": [{"bounding_box": {"h": 228.0, "w": 296.0, "x": 0.0, "y": 536.0}, "id": "980652f3-acad-4b99-aa02-74d1555db0ae", "name": "Alternaria spp.", "slot_names": ["0"]}]}