{"version": "2.0", "schema_ref": "https://darwin-public.s3.eu-west-1.amazonaws.com/darwin_json_2_0.schema.json", "item": {"name": "6105_3b6367e8-2c0f-4bc8-8e82-7aba867040b7_2022_01_12.jpeg", "path": "/", "source_info": {"dataset": {"name": "alternaria", "slug": "alternaria", "dataset_management_url": "https://darwin.v7labs.com/datasets/538883/dataset-management"}, "item_id": "0183d477-5683-ec69-b1b4-cd47ab90a34a", "team": {"name": "BioScout", "slug": "bioscout"}, "workview_url": "https://darwin.v7labs.com/workview?dataset=538883&item=0183d477-5683-ec69-b1b4-cd47ab90a34a"}, "slots": [{"type": "image", "slot_name": "0", "width": 4064, "height": 3040, "thumbnail_url": "https://darwin.v7labs.com/api/v2/teams/bioscout/files/7d8be092-52a8-4dd9-b83b-360967a5be59/thumbnail", "source_files": [{"file_name": "6105_3b6367e8-2c0f-4bc8-8e82-7aba867040b7_2022_01_12.jpeg", "url": "https://darwin.v7labs.com/api/v2/teams/bioscout/uploads/fc9003d0-d40b-4cd8-b04a-adbd05172305"}]}]}, "annotations": [{"bounding_box": {"h": 136.0, "w": 227.0, "x": 228.0, "y": 2627.0}, "id": "42acd933-7ac3-48be-8656-99b82b05cdbe", "name": "Alternaria spp.", "slot_names": ["0"]}]}