{"version": "2.0", "schema_ref": "https://darwin-public.s3.eu-west-1.amazonaws.com/darwin_json_2_0.schema.json", "item": {"name": "6105_1f1999cc-31dc-4ab5-956d-833249fe0f80_2022_01_26.jpeg", "path": "/", "source_info": {"dataset": {"name": "alternaria", "slug": "alternaria", "dataset_management_url": "https://darwin.v7labs.com/datasets/538883/dataset-management"}, "item_id": "0183d477-602e-f33a-6d9e-58a13fc05f5c", "team": {"name": "BioScout", "slug": "bioscout"}, "workview_url": "https://darwin.v7labs.com/workview?dataset=538883&item=0183d477-602e-f33a-6d9e-58a13fc05f5c"}, "slots": [{"type": "image", "slot_name": "0", "width": 4064, "height": 3040, "thumbnail_url": "https://darwin.v7labs.com/api/v2/teams/bioscout/files/22c38b9a-9b7c-40c3-adaa-707f217bd123/thumbnail", "source_files": [{"file_name": "6105_1f1999cc-31dc-4ab5-956d-833249fe0f80_2022_01_26.jpeg", "url": "https://darwin.v7labs.com/api/v2/teams/bioscout/uploads/f6ad4746-dced-44dd-9201-1143758de694"}]}]}, "annotations": [{"bounding_box": {"h": 82.0, "w": 220.0, "x": 1723.0, "y": 1670.0}, "id": "0789e09e-192f-491a-afc7-ab198305db12", "name": "Alternaria spp.", "slot_names": ["0"]}]}