{"version": "2.0", "schema_ref": "https://darwin-public.s3.eu-west-1.amazonaws.com/darwin_json_2_0.schema.json", "item": {"name": "6105_7cfd8e09-1a6f-46b2-8652-c4a415d671bd_2022_01_17.jpeg", "path": "/", "source_info": {"dataset": {"name": "alternaria", "slug": "alternaria", "dataset_management_url": "https://darwin.v7labs.com/datasets/538883/dataset-management"}, "item_id": "0183d477-567b-8c37-6973-fd8c53935d5b", "team": {"name": "BioScout", "slug": "bioscout"}, "workview_url": "https://darwin.v7labs.com/workview?dataset=538883&item=0183d477-567b-8c37-6973-fd8c53935d5b"}, "slots": [{"type": "image", "slot_name": "0", "width": 4064, "height": 3040, "thumbnail_url": "https://darwin.v7labs.com/api/v2/teams/bioscout/files/1b5a1fda-47b4-4e82-81d3-485b58f7f1a9/thumbnail", "source_files": [{"file_name": "6105_7cfd8e09-1a6f-46b2-8652-c4a415d671bd_2022_01_17.jpeg", "url": "https://darwin.v7labs.com/api/v2/teams/bioscout/uploads/e5f9e448-5bbe-40a0-848c-8b37ddbd7566"}]}]}, "annotations": [{"bounding_box": {"h": 92.0, "w": 240.0, "x": 2720.0, "y": 952.0}, "id": "0efb6e5f-df69-4ba7-a5bc-9d68cb69701d", "name": "Alternaria spp.", "slot_names": ["0"]}]}