{"version": "2.0", "schema_ref": "https://darwin-public.s3.eu-west-1.amazonaws.com/darwin_json_2_0.schema.json", "item": {"name": "6105_7941accb-d130-40b0-8fe6-d50e28c85a28_2022_01_16.jpeg", "path": "/", "source_info": {"dataset": {"name": "alternaria", "slug": "alternaria", "dataset_management_url": "https://darwin.v7labs.com/datasets/538883/dataset-management"}, "item_id": "0183d477-5687-6b7b-e2fa-dea7a613abf8", "team": {"name": "BioScout", "slug": "bioscout"}, "workview_url": "https://darwin.v7labs.com/workview?dataset=538883&item=0183d477-5687-6b7b-e2fa-dea7a613abf8"}, "slots": [{"type": "image", "slot_name": "0", "width": 4064, "height": 3040, "thumbnail_url": "https://darwin.v7labs.com/api/v2/teams/bioscout/files/2257d095-d336-4fc0-9815-291647d7f6a2/thumbnail", "source_files": [{"file_name": "6105_7941accb-d130-40b0-8fe6-d50e28c85a28_2022_01_16.jpeg", "url": "https://darwin.v7labs.com/api/v2/teams/bioscout/uploads/dcc902fe-a774-4a50-9db1-139afead63ea"}]}]}, "annotations": [{"bounding_box": {"h": 117.0, "w": 324.0, "x": 1265.0, "y": 210.0}, "id": "3ff35560-c188-4e7b-a115-1864fc1068d4", "name": "Alternaria spp.", "slot_names": ["0"]}]}