{"version": "2.0", "schema_ref": "https://darwin-public.s3.eu-west-1.amazonaws.com/darwin_json_2_0.schema.json", "item": {"name": "6105_d6d9b05d-e74d-448d-819b-7b09eff31ff6_2022_01_13.jpeg", "path": "/", "source_info": {"dataset": {"name": "alternaria", "slug": "alternaria", "dataset_management_url": "https://darwin.v7labs.com/datasets/538883/dataset-management"}, "item_id": "0183d477-5683-8a2d-1236-04adf1f5b5b2", "team": {"name": "BioScout", "slug": "bioscout"}, "workview_url": "https://darwin.v7labs.com/workview?dataset=538883&item=0183d477-5683-8a2d-1236-04adf1f5b5b2"}, "slots": [{"type": "image", "slot_name": "0", "width": 4064, "height": 3040, "thumbnail_url": "https://darwin.v7labs.com/api/v2/teams/bioscout/files/adfdda96-9417-4ba3-820e-339401916606/thumbnail", "source_files": [{"file_name": "6105_d6d9b05d-e74d-448d-819b-7b09eff31ff6_2022_01_13.jpeg", "url": "https://darwin.v7labs.com/api/v2/teams/bioscout/uploads/64c61bdf-f727-4638-8843-2c788d659592"}]}]}, "annotations": [{"bounding_box": {"h": 108.0, "w": 404.0, "x": 1244.0, "y": 708.0}, "id": "b469f8ca-abcb-4965-92a2-9b97ef083f49", "name": "Alternaria spp.", "slot_names": ["0"]}, {"bounding_box": {"h": 192.0, "w": 220.0, "x": 60.0, "y": 1236.0}, "id": "5496f76e-8ad3-4e0b-98c2-e2bd04abd37c", "name": "Alternaria spp.", "slot_names": ["0"]}]}