{"version": "2.0", "schema_ref": "https://darwin-public.s3.eu-west-1.amazonaws.com/darwin_json_2_0.schema.json", "item": {"name": "6105_2332f219-ba78-4d04-b46f-8563c805525a_2022_01_25.jpeg", "path": "/", "source_info": {"dataset": {"name": "alternaria", "slug": "alternaria", "dataset_management_url": "https://darwin.v7labs.com/datasets/538883/dataset-management"}, "item_id": "0183d477-6031-c685-f462-bf4d5c2d3eab", "team": {"name": "BioScout", "slug": "bioscout"}, "workview_url": "https://darwin.v7labs.com/workview?dataset=538883&item=0183d477-6031-c685-f462-bf4d5c2d3eab"}, "slots": [{"type": "image", "slot_name": "0", "width": 4064, "height": 3040, "thumbnail_url": "https://darwin.v7labs.com/api/v2/teams/bioscout/files/bff8d851-a2c0-4ed8-8a58-4e528ad652e5/thumbnail", "source_files": [{"file_name": "6105_2332f219-ba78-4d04-b46f-8563c805525a_2022_01_25.jpeg", "url": "https://darwin.v7labs.com/api/v2/teams/bioscout/uploads/8b6067ba-de0f-44ad-b057-11f438d34bb7"}]}]}, "annotations": [{"bounding_box": {"h": 47.0, "w": 43.0, "x": 3685.0, "y": 410.0}, "id": "d6c78946-0e69-4ec8-9c0f-0c4586038ab6", "name": "Alternaria spp.", "slot_names": ["0"]}]}