{"version": "2.0", "schema_ref": "https://darwin-public.s3.eu-west-1.amazonaws.com/darwin_json_2_0.schema.json", "item": {"name": "6105_69d4ecca-6dcf-420a-9c31-42dc9f6441a0_2022_01_13.jpeg", "path": "/", "source_info": {"dataset": {"name": "alternaria", "slug": "alternaria", "dataset_management_url": "https://darwin.v7labs.com/datasets/538883/dataset-management"}, "item_id": "0183d477-567d-d67e-ffbb-8b0c143a4a9c", "team": {"name": "BioScout", "slug": "bioscout"}, "workview_url": "https://darwin.v7labs.com/workview?dataset=538883&item=0183d477-567d-d67e-ffbb-8b0c143a4a9c"}, "slots": [{"type": "image", "slot_name": "0", "width": 4064, "height": 3040, "thumbnail_url": "https://darwin.v7labs.com/api/v2/teams/bioscout/files/b907ad77-de89-47db-a2ef-4fffa3852ab6/thumbnail", "source_files": [{"file_name": "6105_69d4ecca-6dcf-420a-9c31-42dc9f6441a0_2022_01_13.jpeg", "url": "https://darwin.v7labs.com/api/v2/teams/bioscout/uploads/e9af2385-e994-4725-bbe7-2017bbde45b6"}]}]}, "annotations": [{"bounding_box": {"h": 327.0, "w": 167.0, "x": 141.0, "y": 593.0}, "id": "2b448ba7-883b-4050-91dc-c7ea7fcab238", "name": "Alternaria spp.", "slot_names": ["0"]}, {"bounding_box": {"h": 369.0, "w": 315.0, "x": 0.0, "y": 603.0}, "id": "683eb269-6ec3-47f6-8754-de8daccdcce0", "name": "Alternaria spp.", "slot_names": ["0"]}]}