{"version": "2.0", "schema_ref": "https://darwin-public.s3.eu-west-1.amazonaws.com/darwin_json_2_0.schema.json", "item": {"name": "6105_313bf5d5-24bd-4d5f-86fd-ce7502fbd952_2022_01_25.jpeg", "path": "/", "source_info": {"dataset": {"name": "alternaria", "slug": "alternaria", "dataset_management_url": "https://darwin.v7labs.com/datasets/538883/dataset-management"}, "item_id": "0183d477-567b-ca25-92d8-8d3dcc9b2af7", "team": {"name": "BioScout", "slug": "bioscout"}, "workview_url": "https://darwin.v7labs.com/workview?dataset=538883&item=0183d477-567b-ca25-92d8-8d3dcc9b2af7"}, "slots": [{"type": "image", "slot_name": "0", "width": 4064, "height": 3040, "thumbnail_url": "https://darwin.v7labs.com/api/v2/teams/bioscout/files/861a336c-c82b-440b-b0c5-82b08c0e7342/thumbnail", "source_files": [{"file_name": "6105_313bf5d5-24bd-4d5f-86fd-ce7502fbd952_2022_01_25.jpeg", "url": "https://darwin.v7labs.com/api/v2/teams/bioscout/uploads/d70f8c2e-024b-4456-bbdd-bbc7a42f26f1"}]}]}, "annotations": [{"bounding_box": {"h": 208.0, "w": 212.0, "x": 592.0, "y": 1220.0}, "id": "2846395f-b8cf-4634-a98c-a207ee6b8f29", "name": "Alternaria spp.", "slot_names": ["0"]}, {"bounding_box": {"h": 112.0, "w": 412.0, "x": 2120.0, "y": 1024.0}, "id": "dda01736-2b41-4c94-836f-03cd0a2b38a7", "name": "Alternaria spp.", "slot_names": ["0"]}, {"bounding_box": {"h": 63.0, "w": 160.0, "x": 417.0, "y": 2333.0}, "id": "5f655d42-7aca-47aa-b7a3-4eb578b2f750", "name": "Alternaria spp.", "slot_names": ["0"]}, {"bounding_box": {"h": 156.0, "w": 292.0, "x": 1376.0, "y": 1712.0}, "id": "7eb6be16-2deb-4fed-acef-18b05fb0decf", "name": "Alternaria spp.", "slot_names": ["0"]}]}