{"version": "2.0", "schema_ref": "https://darwin-public.s3.eu-west-1.amazonaws.com/darwin_json_2_0.schema.json", "item": {"name": "6105_f302665a-d4bb-4505-92a3-6e34308fb323_2022_01_12.jpeg", "path": "/", "source_info": {"dataset": {"name": "alternaria", "slug": "alternaria", "dataset_management_url": "https://darwin.v7labs.com/datasets/538883/dataset-management"}, "item_id": "0183d477-602f-ee4a-60a3-4dd46840a5f4", "team": {"name": "BioScout", "slug": "bioscout"}, "workview_url": "https://darwin.v7labs.com/workview?dataset=538883&item=0183d477-602f-ee4a-60a3-4dd46840a5f4"}, "slots": [{"type": "image", "slot_name": "0", "width": 4064, "height": 3040, "thumbnail_url": "https://darwin.v7labs.com/api/v2/teams/bioscout/files/448837f2-b60a-4983-a6f5-fc7ea8cb930b/thumbnail", "source_files": [{"file_name": "6105_f302665a-d4bb-4505-92a3-6e34308fb323_2022_01_12.jpeg", "url": "https://darwin.v7labs.com/api/v2/teams/bioscout/uploads/03c1ef73-9f45-45f9-bfab-ec46f7a4666b"}]}]}, "annotations": []}