{"version": "2.0", "schema_ref": "https://darwin-public.s3.eu-west-1.amazonaws.com/darwin_json_2_0.schema.json", "item": {"name": "6105_25c97e77-1911-4c0b-828d-fd1b3df4457b_2022_01_16.jpeg", "path": "/", "source_info": {"dataset": {"name": "alternaria", "slug": "alternaria", "dataset_management_url": "https://darwin.v7labs.com/datasets/538883/dataset-management"}, "item_id": "0183d477-5687-9a4c-6521-d6f02adf33a1", "team": {"name": "BioScout", "slug": "bioscout"}, "workview_url": "https://darwin.v7labs.com/workview?dataset=538883&item=0183d477-5687-9a4c-6521-d6f02adf33a1"}, "slots": [{"type": "image", "slot_name": "0", "width": 4064, "height": 3040, "thumbnail_url": "https://darwin.v7labs.com/api/v2/teams/bioscout/files/e4464335-fd9c-4518-b218-d070c71b77a0/thumbnail", "source_files": [{"file_name": "6105_25c97e77-1911-4c0b-828d-fd1b3df4457b_2022_01_16.jpeg", "url": "https://darwin.v7labs.com/api/v2/teams/bioscout/uploads/a99756d9-ed31-460e-a2e7-7d186d357443"}]}]}, "annotations": [{"bounding_box": {"h": 141.0, "w": 350.0, "x": 203.0, "y": 211.0}, "id": "ddd12b73-4358-4fa6-95c0-96eecbee56a0", "name": "Alternaria spp.", "slot_names": ["0"]}]}