{"version": "2.0", "schema_ref": "https://darwin-public.s3.eu-west-1.amazonaws.com/darwin_json_2_0.schema.json", "item": {"name": "6105_8cc1d62c-3a17-4d8c-ae1a-b468d7d11e57_2022_01_19.jpeg", "path": "/", "source_info": {"dataset": {"name": "alternaria", "slug": "alternaria", "dataset_management_url": "https://darwin.v7labs.com/datasets/538883/dataset-management"}, "item_id": "0183d477-567e-8d2b-a256-e4d5109e2add", "team": {"name": "BioScout", "slug": "bioscout"}, "workview_url": "https://darwin.v7labs.com/workview?dataset=538883&item=0183d477-567e-8d2b-a256-e4d5109e2add"}, "slots": [{"type": "image", "slot_name": "0", "width": 4064, "height": 3040, "thumbnail_url": "https://darwin.v7labs.com/api/v2/teams/bioscout/files/1af02db4-1ec4-4297-9408-434bf8d28199/thumbnail", "source_files": [{"file_name": "6105_8cc1d62c-3a17-4d8c-ae1a-b468d7d11e57_2022_01_19.jpeg", "url": "https://darwin.v7labs.com/api/v2/teams/bioscout/uploads/c05507cd-02d5-445d-8707-3f71f555dfd4"}]}]}, "annotations": [{"bounding_box": {"h": 136.0, "w": 330.0, "x": 1521.0, "y": 1562.0}, "id": "f0e26d3f-2f07-4bb7-8a9d-0c47308959a1", "name": "Alternaria spp.", "slot_names": ["0"]}, {"bounding_box": {"h": 236.0, "w": 133.0, "x": 3135.0, "y": 92.0}, "id": "31c1202e-ff23-46f4-943f-c234bcf6360d", "name": "Alternaria spp.", "slot_names": ["0"]}]}