{"version": "2.0", "schema_ref": "https://darwin-public.s3.eu-west-1.amazonaws.com/darwin_json_2_0.schema.json", "item": {"name": "6105_2e4ec75d-e9c1-481b-93e8-4f9790db1894_2022_01_28.jpeg", "path": "/", "source_info": {"dataset": {"name": "alternaria", "slug": "alternaria", "dataset_management_url": "https://darwin.v7labs.com/datasets/538883/dataset-management"}, "item_id": "0183d477-6031-67b3-40a9-93a2d03b95be", "team": {"name": "BioScout", "slug": "bioscout"}, "workview_url": "https://darwin.v7labs.com/workview?dataset=538883&item=0183d477-6031-67b3-40a9-93a2d03b95be"}, "slots": [{"type": "image", "slot_name": "0", "width": 4064, "height": 3040, "thumbnail_url": "https://darwin.v7labs.com/api/v2/teams/bioscout/files/7c0d7ac5-db7d-41fc-abe3-b1b810d599f0/thumbnail", "source_files": [{"file_name": "6105_2e4ec75d-e9c1-481b-93e8-4f9790db1894_2022_01_28.jpeg", "url": "https://darwin.v7labs.com/api/v2/teams/bioscout/uploads/2b357c98-d7ce-4fdb-9754-cc8cd6448311"}]}]}, "annotations": [{"bounding_box": {"h": 196.0, "w": 336.0, "x": 1.0, "y": 2007.0}, "id": "3da8eab3-826f-4495-b907-0eb0d45f2d8c", "name": "Alternaria spp.", "slot_names": ["0"]}]}