{"version": "2.0", "schema_ref": "https://darwin-public.s3.eu-west-1.amazonaws.com/darwin_json_2_0.schema.json", "item": {"name": "6105_c314df4a-6d02-4934-98cf-162b59784607_2022_01_22.jpeg", "path": "/", "source_info": {"dataset": {"name": "alternaria", "slug": "alternaria", "dataset_management_url": "https://darwin.v7labs.com/datasets/538883/dataset-management"}, "item_id": "0183d477-5679-1507-5c48-51eedf93dd18", "team": {"name": "BioScout", "slug": "bioscout"}, "workview_url": "https://darwin.v7labs.com/workview?dataset=538883&item=0183d477-5679-1507-5c48-51eedf93dd18"}, "slots": [{"type": "image", "slot_name": "0", "width": 4064, "height": 3040, "thumbnail_url": "https://darwin.v7labs.com/api/v2/teams/bioscout/files/e56cbe15-5123-42a8-9a59-60b5a9867b2a/thumbnail", "source_files": [{"file_name": "6105_c314df4a-6d02-4934-98cf-162b59784607_2022_01_22.jpeg", "url": "https://darwin.v7labs.com/api/v2/teams/bioscout/uploads/ef0abee7-fe56-4a02-b16b-a69db956b9ff"}]}]}, "annotations": [{"bounding_box": {"h": 245.0, "w": 171.0, "x": 511.0, "y": 2332.0}, "id": "2103a0a8-5ede-41fe-a5b5-f8937d3df1e0", "name": "Alternaria spp.", "slot_names": ["0"]}]}