{"version": "2.0", "schema_ref": "https://darwin-public.s3.eu-west-1.amazonaws.com/darwin_json_2_0.schema.json", "item": {"name": "6105_88bcf29d-89cb-4c04-99a3-3ed0a0303ba9_2022_01_21.jpeg", "path": "/", "source_info": {"dataset": {"name": "alternaria", "slug": "alternaria", "dataset_management_url": "https://darwin.v7labs.com/datasets/538883/dataset-management"}, "item_id": "0183d477-5685-a961-3e91-ac4decdda7f2", "team": {"name": "BioScout", "slug": "bioscout"}, "workview_url": "https://darwin.v7labs.com/workview?dataset=538883&item=0183d477-5685-a961-3e91-ac4decdda7f2"}, "slots": [{"type": "image", "slot_name": "0", "width": 4064, "height": 3040, "thumbnail_url": "https://darwin.v7labs.com/api/v2/teams/bioscout/files/a4e89b86-1c3f-4c55-87fc-432417ec654c/thumbnail", "source_files": [{"file_name": "6105_88bcf29d-89cb-4c04-99a3-3ed0a0303ba9_2022_01_21.jpeg", "url": "https://darwin.v7labs.com/api/v2/teams/bioscout/uploads/30803210-c657-46f5-a242-e52717fa1ac4"}]}]}, "annotations": [{"bounding_box": {"h": 280.0, "w": 164.0, "x": 2376.0, "y": 1568.0}, "id": "d56e27e0-ca79-4dc2-b163-57bab42681d2", "name": "Alternaria spp.", "slot_names": ["0"]}, {"bounding_box": {"h": 197.0, "w": 478.0, "x": 3443.0, "y": 1816.0}, "id": "7036e560-e2aa-4992-a0f2-94aecb5707c0", "name": "Alternaria spp.", "slot_names": ["0"]}]}