{"version": "2.0", "schema_ref": "https://darwin-public.s3.eu-west-1.amazonaws.com/darwin_json_2_0.schema.json", "item": {"name": "6105_108c0b5f-2476-4ccd-b367-5c551978a0f2_2022_01_14.jpeg", "path": "/", "source_info": {"dataset": {"name": "alternaria", "slug": "alternaria", "dataset_management_url": "https://darwin.v7labs.com/datasets/538883/dataset-management"}, "item_id": "0183d477-567f-4c79-f54e-e4d81b78e376", "team": {"name": "BioScout", "slug": "bioscout"}, "workview_url": "https://darwin.v7labs.com/workview?dataset=538883&item=0183d477-567f-4c79-f54e-e4d81b78e376"}, "slots": [{"type": "image", "slot_name": "0", "width": 4064, "height": 3040, "thumbnail_url": "https://darwin.v7labs.com/api/v2/teams/bioscout/files/8e4550e5-b550-454e-892f-4d8c6335de43/thumbnail", "source_files": [{"file_name": "6105_108c0b5f-2476-4ccd-b367-5c551978a0f2_2022_01_14.jpeg", "url": "https://darwin.v7labs.com/api/v2/teams/bioscout/uploads/de250e3f-c904-47b5-a1c1-bb233db4842c"}]}]}, "annotations": [{"bounding_box": {"h": 107.0, "w": 209.0, "x": 1888.0, "y": 1868.0}, "id": "2c9b4c9c-edc2-49c1-9132-eb005d6234ca", "name": "Alternaria spp.", "slot_names": ["0"]}]}