{"version": "2.0", "schema_ref": "https://darwin-public.s3.eu-west-1.amazonaws.com/darwin_json_2_0.schema.json", "item": {"name": "6105_0af173c1-e855-4748-b9bf-b86ef1705a7f_2022_01_13.jpeg", "path": "/", "source_info": {"dataset": {"name": "alternaria", "slug": "alternaria", "dataset_management_url": "https://darwin.v7labs.com/datasets/538883/dataset-management"}, "item_id": "0183d477-5678-9c1f-8c6c-58408246dac2", "team": {"name": "BioScout", "slug": "bioscout"}, "workview_url": "https://darwin.v7labs.com/workview?dataset=538883&item=0183d477-5678-9c1f-8c6c-58408246dac2"}, "slots": [{"type": "image", "slot_name": "0", "width": 4064, "height": 3040, "thumbnail_url": "https://darwin.v7labs.com/api/v2/teams/bioscout/files/8b72ed4d-8201-44dc-b4b9-006e8e845237/thumbnail", "source_files": [{"file_name": "6105_0af173c1-e855-4748-b9bf-b86ef1705a7f_2022_01_13.jpeg", "url": "https://darwin.v7labs.com/api/v2/teams/bioscout/uploads/fe0da0bf-bc41-4479-8a72-81d68c3780ea"}]}]}, "annotations": [{"bounding_box": {"h": 225.0, "w": 180.0, "x": 3534.0, "y": 278.0}, "id": "c2d8d6a8-9dcd-4671-9fe8-ea70a0a45460", "name": "Alternaria spp.", "slot_names": ["0"]}]}