{"version": "2.0", "schema_ref": "https://darwin-public.s3.eu-west-1.amazonaws.com/darwin_json_2_0.schema.json", "item": {"name": "6105_b5ae7c32-2ca6-4d67-bed9-d7b9d4b237ad_2022_01_16.jpeg", "path": "/", "source_info": {"dataset": {"name": "alternaria", "slug": "alternaria", "dataset_management_url": "https://darwin.v7labs.com/datasets/538883/dataset-management"}, "item_id": "0183d477-5677-142f-6a2a-1464305fcd80", "team": {"name": "BioScout", "slug": "bioscout"}, "workview_url": "https://darwin.v7labs.com/workview?dataset=538883&item=0183d477-5677-142f-6a2a-1464305fcd80"}, "slots": [{"type": "image", "slot_name": "0", "width": 4064, "height": 3040, "thumbnail_url": "https://darwin.v7labs.com/api/v2/teams/bioscout/files/da9241b2-ab01-4a53-8ffd-01c565a4f733/thumbnail", "source_files": [{"file_name": "6105_b5ae7c32-2ca6-4d67-bed9-d7b9d4b237ad_2022_01_16.jpeg", "url": "https://darwin.v7labs.com/api/v2/teams/bioscout/uploads/7e675e6e-dae4-43d3-a829-7964f237eb1c"}]}]}, "annotations": []}