{"version": "2.0", "schema_ref": "https://darwin-public.s3.eu-west-1.amazonaws.com/darwin_json_2_0.schema.json", "item": {"name": "6105_fd34944f-1fd5-4e61-98e7-01ca4beb994b_2022_01_16.jpeg", "path": "/", "source_info": {"dataset": {"name": "alternaria", "slug": "alternaria", "dataset_management_url": "https://darwin.v7labs.com/datasets/538883/dataset-management"}, "item_id": "0183d477-6031-aa4b-4f13-e93c4b5a1780", "team": {"name": "BioScout", "slug": "bioscout"}, "workview_url": "https://darwin.v7labs.com/workview?dataset=538883&item=0183d477-6031-aa4b-4f13-e93c4b5a1780"}, "slots": [{"type": "image", "slot_name": "0", "width": 4064, "height": 3040, "thumbnail_url": "https://darwin.v7labs.com/api/v2/teams/bioscout/files/951f8ebb-2cf4-4763-abfb-921718d80027/thumbnail", "source_files": [{"file_name": "6105_fd34944f-1fd5-4e61-98e7-01ca4beb994b_2022_01_16.jpeg", "url": "https://darwin.v7labs.com/api/v2/teams/bioscout/uploads/c14912e2-ecde-43c5-b6f5-dbe2567ceb60"}]}]}, "annotations": [{"bounding_box": {"h": 128.0, "w": 416.0, "x": 2260.0, "y": 900.0}, "id": "4c9966fa-dd2c-4a15-a7a1-94ef62fccae3", "name": "Alternaria spp.", "slot_names": ["0"]}]}