{"version": "2.0", "schema_ref": "https://darwin-public.s3.eu-west-1.amazonaws.com/darwin_json_2_0.schema.json", "item": {"name": "6105_12f954e2-2fda-47a3-8219-1aa9909248cd_2022_01_28.jpeg", "path": "/", "source_info": {"dataset": {"name": "alternaria", "slug": "alternaria", "dataset_management_url": "https://darwin.v7labs.com/datasets/538883/dataset-management"}, "item_id": "0183d477-5686-1b95-d938-45f8be1e6c7d", "team": {"name": "BioScout", "slug": "bioscout"}, "workview_url": "https://darwin.v7labs.com/workview?dataset=538883&item=0183d477-5686-1b95-d938-45f8be1e6c7d"}, "slots": [{"type": "image", "slot_name": "0", "width": 4064, "height": 3040, "thumbnail_url": "https://darwin.v7labs.com/api/v2/teams/bioscout/files/34e93d05-976d-4261-a179-9f470802dfe7/thumbnail", "source_files": [{"file_name": "6105_12f954e2-2fda-47a3-8219-1aa9909248cd_2022_01_28.jpeg", "url": "https://darwin.v7labs.com/api/v2/teams/bioscout/uploads/6ed756ba-d866-4af9-a834-789166e17b20"}]}]}, "annotations": []}