{"version": "2.0", "schema_ref": "https://darwin-public.s3.eu-west-1.amazonaws.com/darwin_json_2_0.schema.json", "item": {"name": "6105_7aa4a5e1-e8fe-4ebd-868e-ac013c42b0a6_2022_01_06.jpeg", "path": "/", "source_info": {"dataset": {"name": "alternaria", "slug": "alternaria", "dataset_management_url": "https://darwin.v7labs.com/datasets/538883/dataset-management"}, "item_id": "0183d477-5682-43cb-b8f2-6c4cf8b18d50", "team": {"name": "BioScout", "slug": "bioscout"}, "workview_url": "https://darwin.v7labs.com/workview?dataset=538883&item=0183d477-5682-43cb-b8f2-6c4cf8b18d50"}, "slots": [{"type": "image", "slot_name": "0", "width": 4064, "height": 3040, "thumbnail_url": "https://darwin.v7labs.com/api/v2/teams/bioscout/files/c61011cc-adaa-4afb-b6c0-32b3e9092bda/thumbnail", "source_files": [{"file_name": "6105_7aa4a5e1-e8fe-4ebd-868e-ac013c42b0a6_2022_01_06.jpeg", "url": "https://darwin.v7labs.com/api/v2/teams/bioscout/uploads/f80659bc-c25f-4332-b9ed-e48fe82cd730"}]}]}, "annotations": [{"bounding_box": {"h": 184.0, "w": 316.0, "x": 236.0, "y": 1036.0}, "id": "6cd3300b-20ad-49a0-a3ac-7bc6ca3d9079", "name": "Alternaria spp.", "slot_names": ["0"]}]}