{"version": "2.0", "schema_ref": "https://darwin-public.s3.eu-west-1.amazonaws.com/darwin_json_2_0.schema.json", "item": {"name": "6105_88b96087-2b57-45f9-85e7-8829a85c8f87_2022_01_22.jpeg", "path": "/", "source_info": {"dataset": {"name": "alternaria", "slug": "alternaria", "dataset_management_url": "https://darwin.v7labs.com/datasets/538883/dataset-management"}, "item_id": "0183d477-602c-a90e-e8f4-7f897d68f3e2", "team": {"name": "BioScout", "slug": "bioscout"}, "workview_url": "https://darwin.v7labs.com/workview?dataset=538883&item=0183d477-602c-a90e-e8f4-7f897d68f3e2"}, "slots": [{"type": "image", "slot_name": "0", "width": 4064, "height": 3040, "thumbnail_url": "https://darwin.v7labs.com/api/v2/teams/bioscout/files/ff0ad343-4229-4e68-b309-b2ad152ea32a/thumbnail", "source_files": [{"file_name": "6105_88b96087-2b57-45f9-85e7-8829a85c8f87_2022_01_22.jpeg", "url": "https://darwin.v7labs.com/api/v2/teams/bioscout/uploads/0bd6bc9e-c951-4d9a-942d-988d33954e84"}]}]}, "annotations": [{"bounding_box": {"h": 212.0, "w": 248.0, "x": 524.0, "y": 1732.0}, "id": "a7c4deb6-3b3a-4141-aefe-811ab8ed5463", "name": "Alternaria spp.", "slot_names": ["0"]}]}