{"version": "2.0", "schema_ref": "https://darwin-public.s3.eu-west-1.amazonaws.com/darwin_json_2_0.schema.json", "item": {"name": "6105_f4d2e6bb-7c44-4f3f-92dd-a8916429959f_2022_01_16.jpeg", "path": "/", "source_info": {"dataset": {"name": "alternaria", "slug": "alternaria", "dataset_management_url": "https://darwin.v7labs.com/datasets/538883/dataset-management"}, "item_id": "0183d477-5685-e7fe-866e-e90266c0baeb", "team": {"name": "BioScout", "slug": "bioscout"}, "workview_url": "https://darwin.v7labs.com/workview?dataset=538883&item=0183d477-5685-e7fe-866e-e90266c0baeb"}, "slots": [{"type": "image", "slot_name": "0", "width": 4064, "height": 3040, "thumbnail_url": "https://darwin.v7labs.com/api/v2/teams/bioscout/files/ad421193-4518-4b2a-9070-a4413ef26cda/thumbnail", "source_files": [{"file_name": "6105_f4d2e6bb-7c44-4f3f-92dd-a8916429959f_2022_01_16.jpeg", "url": "https://darwin.v7labs.com/api/v2/teams/bioscout/uploads/4aa72ece-0983-470f-b231-431e67821352"}]}]}, "annotations": [{"bounding_box": {"h": 261.0, "w": 151.0, "x": 1473.0, "y": 1956.0}, "id": "c8dd9779-e95e-4042-b63f-ef20260be0e1", "name": "Alternaria spp.", "slot_names": ["0"]}]}