{"version": "2.0", "schema_ref": "https://darwin-public.s3.eu-west-1.amazonaws.com/darwin_json_2_0.schema.json", "item": {"name": "6105_5f2ab12b-22e6-4c31-90f8-605aab2663bf_2022_01_23.jpeg", "path": "/", "source_info": {"dataset": {"name": "alternaria", "slug": "alternaria", "dataset_management_url": "https://darwin.v7labs.com/datasets/538883/dataset-management"}, "item_id": "0183d477-5684-1040-1005-f2b180a51501", "team": {"name": "BioScout", "slug": "bioscout"}, "workview_url": "https://darwin.v7labs.com/workview?dataset=538883&item=0183d477-5684-1040-1005-f2b180a51501"}, "slots": [{"type": "image", "slot_name": "0", "width": 4064, "height": 3040, "thumbnail_url": "https://darwin.v7labs.com/api/v2/teams/bioscout/files/15ec102a-61f4-4e86-9ddf-375857af7c94/thumbnail", "source_files": [{"file_name": "6105_5f2ab12b-22e6-4c31-90f8-605aab2663bf_2022_01_23.jpeg", "url": "https://darwin.v7labs.com/api/v2/teams/bioscout/uploads/661ff299-b258-49da-9b6b-6d44c4f1e24f"}]}]}, "annotations": [{"bounding_box": {"h": 94.0, "w": 295.0, "x": 1080.0, "y": 2120.0}, "id": "0f637b72-f0ad-40d6-ad1c-d96cda7f74c9", "name": "Alternaria spp.", "slot_names": ["0"]}]}