{"version": "2.0", "schema_ref": "https://darwin-public.s3.eu-west-1.amazonaws.com/darwin_json_2_0.schema.json", "item": {"name": "6105_e57d8c05-3d7a-41b5-82e5-dea6230e6d17_2022_01_12.jpeg", "path": "/", "source_info": {"dataset": {"name": "alternaria", "slug": "alternaria", "dataset_management_url": "https://darwin.v7labs.com/datasets/538883/dataset-management"}, "item_id": "0183d477-5684-ae9f-3880-e9c27ee8fb91", "team": {"name": "BioScout", "slug": "bioscout"}, "workview_url": "https://darwin.v7labs.com/workview?dataset=538883&item=0183d477-5684-ae9f-3880-e9c27ee8fb91"}, "slots": [{"type": "image", "slot_name": "0", "width": 4064, "height": 3040, "thumbnail_url": "https://darwin.v7labs.com/api/v2/teams/bioscout/files/cefbc21a-4bdc-427c-967b-5b0a8d5bfcf4/thumbnail", "source_files": [{"file_name": "6105_e57d8c05-3d7a-41b5-82e5-dea6230e6d17_2022_01_12.jpeg", "url": "https://darwin.v7labs.com/api/v2/teams/bioscout/uploads/693628cd-328b-42ab-80db-a2ae140c2425"}]}]}, "annotations": [{"bounding_box": {"h": 204.0, "w": 128.0, "x": 388.0, "y": 1704.0}, "id": "46b98a61-8cec-4145-82e4-ee06c5bed81c", "name": "Alternaria spp.", "slot_names": ["0"]}]}