{"version": "2.0", "schema_ref": "https://darwin-public.s3.eu-west-1.amazonaws.com/darwin_json_2_0.schema.json", "item": {"name": "6105_bcc11e97-38f9-4fa6-a0ea-aab3d0443181_2022_01_06.jpeg", "path": "/", "source_info": {"dataset": {"name": "alternaria", "slug": "alternaria", "dataset_management_url": "https://darwin.v7labs.com/datasets/538883/dataset-management"}, "item_id": "0183d477-568c-8249-68a4-6e13ab44fd59", "team": {"name": "BioScout", "slug": "bioscout"}, "workview_url": "https://darwin.v7labs.com/workview?dataset=538883&item=0183d477-568c-8249-68a4-6e13ab44fd59"}, "slots": [{"type": "image", "slot_name": "0", "width": 4064, "height": 3040, "thumbnail_url": "https://darwin.v7labs.com/api/v2/teams/bioscout/files/fd199a10-31f5-4191-bde1-42330d5c1c80/thumbnail", "source_files": [{"file_name": "6105_bcc11e97-38f9-4fa6-a0ea-aab3d0443181_2022_01_06.jpeg", "url": "https://darwin.v7labs.com/api/v2/teams/bioscout/uploads/df95d0b0-ab6d-4e8c-b9bf-9b4a10275c53"}]}]}, "annotations": [{"bounding_box": {"h": 276.0, "w": 288.0, "x": 1560.0, "y": 308.0}, "id": "cf9d4526-06be-445c-b602-f79124b963aa", "name": "Alternaria spp.", "slot_names": ["0"]}]}