{"version": "2.0", "schema_ref": "https://darwin-public.s3.eu-west-1.amazonaws.com/darwin_json_2_0.schema.json", "item": {"name": "6105_e3a3e9c4-71d4-4996-9740-ef0e1b931ebb_2022_01_22.jpeg", "path": "/", "source_info": {"dataset": {"name": "alternaria", "slug": "alternaria", "dataset_management_url": "https://darwin.v7labs.com/datasets/538883/dataset-management"}, "item_id": "0183d477-602c-0df3-f636-5fadb7adf803", "team": {"name": "BioScout", "slug": "bioscout"}, "workview_url": "https://darwin.v7labs.com/workview?dataset=538883&item=0183d477-602c-0df3-f636-5fadb7adf803"}, "slots": [{"type": "image", "slot_name": "0", "width": 4064, "height": 3040, "thumbnail_url": "https://darwin.v7labs.com/api/v2/teams/bioscout/files/ca504bcc-a05c-4595-9798-bcd0413b4680/thumbnail", "source_files": [{"file_name": "6105_e3a3e9c4-71d4-4996-9740-ef0e1b931ebb_2022_01_22.jpeg", "url": "https://darwin.v7labs.com/api/v2/teams/bioscout/uploads/13c0bcd5-50fe-4acc-b072-0f3bbef05149"}]}]}, "annotations": [{"bounding_box": {"h": 242.0, "w": 188.0, "x": 683.0, "y": 2298.0}, "id": "2824848a-ca83-4247-b297-4b0583fa96af", "name": "Alternaria spp.", "slot_names": ["0"]}]}