{"version": "2.0", "schema_ref": "https://darwin-public.s3.eu-west-1.amazonaws.com/darwin_json_2_0.schema.json", "item": {"name": "6105_fca026b5-cd2e-4627-b791-6f8b351a2d98_2022_01_21.jpeg", "path": "/", "source_info": {"dataset": {"name": "alternaria", "slug": "alternaria", "dataset_management_url": "https://darwin.v7labs.com/datasets/538883/dataset-management"}, "item_id": "0183d477-568a-c3b9-7fb6-118295e4f006", "team": {"name": "BioScout", "slug": "bioscout"}, "workview_url": "https://darwin.v7labs.com/workview?dataset=538883&item=0183d477-568a-c3b9-7fb6-118295e4f006"}, "slots": [{"type": "image", "slot_name": "0", "width": 4064, "height": 3040, "thumbnail_url": "https://darwin.v7labs.com/api/v2/teams/bioscout/files/e547747f-8d17-4673-9986-3a1592e0a88c/thumbnail", "source_files": [{"file_name": "6105_fca026b5-cd2e-4627-b791-6f8b351a2d98_2022_01_21.jpeg", "url": "https://darwin.v7labs.com/api/v2/teams/bioscout/uploads/faf529e1-1a77-4b31-a9f8-9180a3ebcbc4"}]}]}, "annotations": [{"bounding_box": {"h": 367.0, "w": 207.0, "x": 3286.0, "y": 432.0}, "id": "abf60eff-4fc0-48f6-a671-6000aa034b2e", "name": "Alternaria spp.", "slot_names": ["0"]}, {"bounding_box": {"h": 160.0, "w": 280.0, "x": 1356.0, "y": 1152.0}, "id": "5a359589-9898-4205-a7a3-d6485e799796", "name": "Alternaria spp.", "slot_names": ["0"]}]}