{"version": "2.0", "schema_ref": "https://darwin-public.s3.eu-west-1.amazonaws.com/darwin_json_2_0.schema.json", "item": {"name": "6105_62c4fee5-383f-464b-8ecc-4ab3a42b5a4a_2022_01_10.jpeg", "path": "/", "source_info": {"dataset": {"name": "alternaria", "slug": "alternaria", "dataset_management_url": "https://darwin.v7labs.com/datasets/538883/dataset-management"}, "item_id": "0183d477-6027-4215-e921-ffc98006dacb", "team": {"name": "BioScout", "slug": "bioscout"}, "workview_url": "https://darwin.v7labs.com/workview?dataset=538883&item=0183d477-6027-4215-e921-ffc98006dacb"}, "slots": [{"type": "image", "slot_name": "0", "width": 4064, "height": 3040, "thumbnail_url": "https://darwin.v7labs.com/api/v2/teams/bioscout/files/6d9b6034-7f76-4651-a7fb-ae5b6e7df769/thumbnail", "source_files": [{"file_name": "6105_62c4fee5-383f-464b-8ecc-4ab3a42b5a4a_2022_01_10.jpeg", "url": "https://darwin.v7labs.com/api/v2/teams/bioscout/uploads/34c3bd5f-61ef-4cd0-91f0-c772f39eafa4"}]}]}, "annotations": [{"bounding_box": {"h": 313.0, "w": 328.0, "x": 3681.0, "y": 367.0}, "id": "6d69e6e3-2559-417b-a989-8844365caf7c", "name": "Alternaria spp.", "slot_names": ["0"]}]}