{"version": "2.0", "schema_ref": "https://darwin-public.s3.eu-west-1.amazonaws.com/darwin_json_2_0.schema.json", "item": {"name": "6105_21bfd5a6-1887-4c49-a5dc-3fbb09800ecb_2022_01_28.jpeg", "path": "/", "source_info": {"dataset": {"name": "alternaria", "slug": "alternaria", "dataset_management_url": "https://darwin.v7labs.com/datasets/538883/dataset-management"}, "item_id": "0183d477-602e-ee72-64ab-f55397e43880", "team": {"name": "BioScout", "slug": "bioscout"}, "workview_url": "https://darwin.v7labs.com/workview?dataset=538883&item=0183d477-602e-ee72-64ab-f55397e43880"}, "slots": [{"type": "image", "slot_name": "0", "width": 4064, "height": 3040, "thumbnail_url": "https://darwin.v7labs.com/api/v2/teams/bioscout/files/fb200fd9-a430-4eda-acff-6e7c3c716f91/thumbnail", "source_files": [{"file_name": "6105_21bfd5a6-1887-4c49-a5dc-3fbb09800ecb_2022_01_28.jpeg", "url": "https://darwin.v7labs.com/api/v2/teams/bioscout/uploads/0666fb7c-21d7-45d4-b81a-4661308e187a"}]}]}, "annotations": [{"bounding_box": {"h": 132.0, "w": 136.0, "x": 444.0, "y": 1432.0}, "id": "97dde54f-91e1-4a25-b6a9-4385642cb8d3", "name": "Alternaria spp.", "slot_names": ["0"]}]}