{"version": "2.0", "schema_ref": "https://darwin-public.s3.eu-west-1.amazonaws.com/darwin_json_2_0.schema.json", "item": {"name": "6105_e40b640b-3c4d-4296-a3a5-b33e3deab2b4_2022_01_16.jpeg", "path": "/", "source_info": {"dataset": {"name": "alternaria", "slug": "alternaria", "dataset_management_url": "https://darwin.v7labs.com/datasets/538883/dataset-management"}, "item_id": "0183d477-5689-aeed-591a-cff7b58c2763", "team": {"name": "BioScout", "slug": "bioscout"}, "workview_url": "https://darwin.v7labs.com/workview?dataset=538883&item=0183d477-5689-aeed-591a-cff7b58c2763"}, "slots": [{"type": "image", "slot_name": "0", "width": 4064, "height": 3040, "thumbnail_url": "https://darwin.v7labs.com/api/v2/teams/bioscout/files/25a1ee0f-a0ef-4f01-806e-5d966333982d/thumbnail", "source_files": [{"file_name": "6105_e40b640b-3c4d-4296-a3a5-b33e3deab2b4_2022_01_16.jpeg", "url": "https://darwin.v7labs.com/api/v2/teams/bioscout/uploads/1b016370-93df-4d5b-aeed-208db5deb24f"}]}]}, "annotations": [{"bounding_box": {"h": 104.0, "w": 300.0, "x": 324.0, "y": 1136.0}, "id": "6bb1f2ed-6712-4d46-b4eb-04c68a3d749b", "name": "Alternaria spp.", "slot_names": ["0"]}]}