{"version": "2.0", "schema_ref": "https://darwin-public.s3.eu-west-1.amazonaws.com/darwin_json_2_0.schema.json", "item": {"name": "6105_63a47095-1a20-45b7-8bbd-9c36dcab3612_2022_01_21.jpeg", "path": "/", "source_info": {"dataset": {"name": "alternaria", "slug": "alternaria", "dataset_management_url": "https://darwin.v7labs.com/datasets/538883/dataset-management"}, "item_id": "0183d477-568b-64b1-d8cc-e97e54c5d567", "team": {"name": "BioScout", "slug": "bioscout"}, "workview_url": "https://darwin.v7labs.com/workview?dataset=538883&item=0183d477-568b-64b1-d8cc-e97e54c5d567"}, "slots": [{"type": "image", "slot_name": "0", "width": 4064, "height": 3040, "thumbnail_url": "https://darwin.v7labs.com/api/v2/teams/bioscout/files/80d1affc-2477-4c2f-a61c-e146093942ea/thumbnail", "source_files": [{"file_name": "6105_63a47095-1a20-45b7-8bbd-9c36dcab3612_2022_01_21.jpeg", "url": "https://darwin.v7labs.com/api/v2/teams/bioscout/uploads/c4010d9a-0329-4bd7-911a-d489a2442dc7"}]}]}, "annotations": [{"bounding_box": {"h": 200.0, "w": 400.0, "x": 1216.0, "y": 884.0}, "id": "947423d1-205a-454a-a4d0-f5bf1242ba32", "name": "Alternaria spp.", "slot_names": ["0"]}, {"bounding_box": {"h": 120.0, "w": 308.0, "x": 2568.0, "y": 576.0}, "id": "edd3c388-e054-4ce1-abf5-b6eaedd42417", "name": "Alternaria spp.", "slot_names": ["0"]}, {"bounding_box": {"h": 180.0, "w": 336.0, "x": 631.0, "y": 2747.0}, "id": "5be14e66-a9e4-440c-b0c8-b5dc5d9f600c", "name": "Alternaria spp.", "slot_names": ["0"]}]}