{"version": "2.0", "schema_ref": "https://darwin-public.s3.eu-west-1.amazonaws.com/darwin_json_2_0.schema.json", "item": {"name": "6105_31727597-30f7-4e30-9e69-8503d1c3c077_2022_01_18.jpeg", "path": "/", "source_info": {"dataset": {"name": "alternaria", "slug": "alternaria", "dataset_management_url": "https://darwin.v7labs.com/datasets/538883/dataset-management"}, "item_id": "0183d477-568b-b200-454d-fb65da3d45c5", "team": {"name": "BioScout", "slug": "bioscout"}, "workview_url": "https://darwin.v7labs.com/workview?dataset=538883&item=0183d477-568b-b200-454d-fb65da3d45c5"}, "slots": [{"type": "image", "slot_name": "0", "width": 4064, "height": 3040, "thumbnail_url": "https://darwin.v7labs.com/api/v2/teams/bioscout/files/fa5c1501-a0ae-4d84-9e39-0eae368d899f/thumbnail", "source_files": [{"file_name": "6105_31727597-30f7-4e30-9e69-8503d1c3c077_2022_01_18.jpeg", "url": "https://darwin.v7labs.com/api/v2/teams/bioscout/uploads/e95a1a3a-d4d7-4404-a792-63912c434de7"}]}]}, "annotations": [{"bounding_box": {"h": 160.0, "w": 308.0, "x": 856.0, "y": 1692.0}, "id": "25915617-f3fb-40f0-a626-6aa82d71bc12", "name": "Alternaria spp.", "slot_names": ["0"]}]}