{"version": "2.0", "schema_ref": "https://darwin-public.s3.eu-west-1.amazonaws.com/darwin_json_2_0.schema.json", "item": {"name": "6105_e5bbad9e-d694-4f2c-804c-b64072813055_2022_01_18.jpeg", "path": "/", "source_info": {"dataset": {"name": "alternaria", "slug": "alternaria", "dataset_management_url": "https://darwin.v7labs.com/datasets/538883/dataset-management"}, "item_id": "0183d477-6026-366d-85ea-aa9f76802307", "team": {"name": "BioScout", "slug": "bioscout"}, "workview_url": "https://darwin.v7labs.com/workview?dataset=538883&item=0183d477-6026-366d-85ea-aa9f76802307"}, "slots": [{"type": "image", "slot_name": "0", "width": 4064, "height": 3040, "thumbnail_url": "https://darwin.v7labs.com/api/v2/teams/bioscout/files/ce4cae11-a1a8-4659-88a1-1cb1c417357b/thumbnail", "source_files": [{"file_name": "6105_e5bbad9e-d694-4f2c-804c-b64072813055_2022_01_18.jpeg", "url": "https://darwin.v7labs.com/api/v2/teams/bioscout/uploads/b7c4f871-71e7-4772-8bcb-0c44bb1b65ff"}]}]}, "annotations": [{"bounding_box": {"h": 200.0, "w": 427.0, "x": 3530.0, "y": 0.0}, "id": "dd874fb8-b076-44f3-afdb-4e0d660db4db", "name": "Alternaria spp.", "slot_names": ["0"]}, {"bounding_box": {"h": 182.0, "w": 235.0, "x": 3555.0, "y": 765.0}, "id": "7cd3b1a8-67ad-42ee-a6c8-c07de425fad4", "name": "Alternaria spp.", "slot_names": ["0"]}, {"bounding_box": {"h": 241.0, "w": 269.0, "x": 3723.0, "y": 841.0}, "id": "3a02ed30-4704-4c6f-96f5-4e41910c7019", "name": "Alternaria spp.", "slot_names": ["0"]}, {"bounding_box": {"h": 144.0, "w": 176.0, "x": 1344.0, "y": 1904.0}, "id": "a816dbc1-af1e-4e9d-8b9d-6916e4e158b7", "name": "Alternaria spp.", "slot_names": ["0"]}, {"bounding_box": {"h": 192.0, "w": 332.0, "x": 604.0, "y": 1856.0}, "id": "18e31114-ee9a-4631-b360-4e1d18d2339b", "name": "Alternaria spp.", "slot_names": ["0"]}]}