{"version": "2.0", "schema_ref": "https://darwin-public.s3.eu-west-1.amazonaws.com/darwin_json_2_0.schema.json", "item": {"name": "6105_54964a60-2ee9-4e84-9756-b56e1b7b1a9f_2022_01_26.jpeg", "path": "/", "source_info": {"dataset": {"name": "alternaria", "slug": "alternaria", "dataset_management_url": "https://darwin.v7labs.com/datasets/538883/dataset-management"}, "item_id": "0183d477-5688-29d6-5e29-200f4ba0860a", "team": {"name": "BioScout", "slug": "bioscout"}, "workview_url": "https://darwin.v7labs.com/workview?dataset=538883&item=0183d477-5688-29d6-5e29-200f4ba0860a"}, "slots": [{"type": "image", "slot_name": "0", "width": 4064, "height": 3040, "thumbnail_url": "https://darwin.v7labs.com/api/v2/teams/bioscout/files/8354011c-b542-4ba8-b6c9-4b631b4fb3fe/thumbnail", "source_files": [{"file_name": "6105_54964a60-2ee9-4e84-9756-b56e1b7b1a9f_2022_01_26.jpeg", "url": "https://darwin.v7labs.com/api/v2/teams/bioscout/uploads/404460af-92d4-411e-8211-2ff035bfce4b"}]}]}, "annotations": [{"bounding_box": {"h": 132.0, "w": 264.0, "x": 1672.0, "y": 1132.0}, "id": "094db457-89f3-42c8-9532-a623e06602f8", "name": "Alternaria spp.", "slot_names": ["0"]}]}