{"version": "2.0", "schema_ref": "https://darwin-public.s3.eu-west-1.amazonaws.com/darwin_json_2_0.schema.json", "item": {"name": "6105_5cc539f1-8f98-4fa5-a1bd-95f0f7d25df9_2022_01_14.jpeg", "path": "/", "source_info": {"dataset": {"name": "alternaria", "slug": "alternaria", "dataset_management_url": "https://darwin.v7labs.com/datasets/538883/dataset-management"}, "item_id": "0183d477-602d-6d35-f862-fb534528627f", "team": {"name": "BioScout", "slug": "bioscout"}, "workview_url": "https://darwin.v7labs.com/workview?dataset=538883&item=0183d477-602d-6d35-f862-fb534528627f"}, "slots": [{"type": "image", "slot_name": "0", "width": 4064, "height": 3040, "thumbnail_url": "https://darwin.v7labs.com/api/v2/teams/bioscout/files/f83ca296-4142-492e-a6e8-8204f38e90f5/thumbnail", "source_files": [{"file_name": "6105_5cc539f1-8f98-4fa5-a1bd-95f0f7d25df9_2022_01_14.jpeg", "url": "https://darwin.v7labs.com/api/v2/teams/bioscout/uploads/a479cb53-f33f-4bf9-8dab-4363f2385903"}]}]}, "annotations": [{"bounding_box": {"h": 184.0, "w": 356.0, "x": 1824.0, "y": 1392.0}, "id": "967e0f79-e322-4442-85d1-c6a32f25c7f7", "name": "Alternaria spp.", "slot_names": ["0"]}]}