{"version": "2.0", "schema_ref": "https://darwin-public.s3.eu-west-1.amazonaws.com/darwin_json_2_0.schema.json", "item": {"name": "6105_571b646e-8046-4a9c-a8a7-a83189ee537e_2022_01_19.jpeg", "path": "/", "source_info": {"dataset": {"name": "alternaria", "slug": "alternaria", "dataset_management_url": "https://darwin.v7labs.com/datasets/538883/dataset-management"}, "item_id": "0183d477-602c-a077-d841-187999edb31e", "team": {"name": "BioScout", "slug": "bioscout"}, "workview_url": "https://darwin.v7labs.com/workview?dataset=538883&item=0183d477-602c-a077-d841-187999edb31e"}, "slots": [{"type": "image", "slot_name": "0", "width": 4064, "height": 3040, "thumbnail_url": "https://darwin.v7labs.com/api/v2/teams/bioscout/files/5f9c5928-e8f7-44f5-b93d-af0ee13d5a87/thumbnail", "source_files": [{"file_name": "6105_571b646e-8046-4a9c-a8a7-a83189ee537e_2022_01_19.jpeg", "url": "https://darwin.v7labs.com/api/v2/teams/bioscout/uploads/1bafa6bb-02c7-47eb-9df4-e8b0fb9a77a0"}]}]}, "annotations": [{"bounding_box": {"h": 120.0, "w": 136.0, "x": 1240.0, "y": 1420.0}, "id": "4a0d6009-803f-42b3-934b-f81508a4d302", "name": "Alternaria spp.", "slot_names": ["0"]}]}