{"version": "2.0", "schema_ref": "https://darwin-public.s3.eu-west-1.amazonaws.com/darwin_json_2_0.schema.json", "item": {"name": "6105_c207d7b8-91a0-488d-b402-8182989b1693_2022_01_26.jpeg", "path": "/", "source_info": {"dataset": {"name": "alternaria", "slug": "alternaria", "dataset_management_url": "https://darwin.v7labs.com/datasets/538883/dataset-management"}, "item_id": "0183d477-602e-1256-3667-65c243c2e443", "team": {"name": "BioScout", "slug": "bioscout"}, "workview_url": "https://darwin.v7labs.com/workview?dataset=538883&item=0183d477-602e-1256-3667-65c243c2e443"}, "slots": [{"type": "image", "slot_name": "0", "width": 4064, "height": 3040, "thumbnail_url": "https://darwin.v7labs.com/api/v2/teams/bioscout/files/75648e32-bf54-441a-8aa1-f1ebcc01609b/thumbnail", "source_files": [{"file_name": "6105_c207d7b8-91a0-488d-b402-8182989b1693_2022_01_26.jpeg", "url": "https://darwin.v7labs.com/api/v2/teams/bioscout/uploads/f5bc82b7-adff-4509-b22e-4ae460d09630"}]}]}, "annotations": []}