{"version": "2.0", "schema_ref": "https://darwin-public.s3.eu-west-1.amazonaws.com/darwin_json_2_0.schema.json", "item": {"name": "6107_0c84d57a-ef95-4abe-8332-591ecd5249ae_2022_01_10.jpeg", "path": "/", "source_info": {"dataset": {"name": "alternaria", "slug": "alternaria", "dataset_management_url": "https://darwin.v7labs.com/datasets/538883/dataset-management"}, "item_id": "0183d477-567b-83e9-6cac-886bde7c6c17", "team": {"name": "BioScout", "slug": "bioscout"}, "workview_url": "https://darwin.v7labs.com/workview?dataset=538883&item=0183d477-567b-83e9-6cac-886bde7c6c17"}, "slots": [{"type": "image", "slot_name": "0", "width": 4064, "height": 3040, "thumbnail_url": "https://darwin.v7labs.com/api/v2/teams/bioscout/files/f524738f-42ef-4b2a-91e2-ce0b1b8098bf/thumbnail", "source_files": [{"file_name": "6107_0c84d57a-ef95-4abe-8332-591ecd5249ae_2022_01_10.jpeg", "url": "https://darwin.v7labs.com/api/v2/teams/bioscout/uploads/f9414daf-baad-46f9-b474-2c2586841ab4"}]}]}, "annotations": []}