{"version": "2.0", "schema_ref": "https://darwin-public.s3.eu-west-1.amazonaws.com/darwin_json_2_0.schema.json", "item": {"name": "6107_fc0f4382-8e3a-41ba-84e9-848dbce8938a_2022_01_10.jpeg", "path": "/", "source_info": {"dataset": {"name": "alternaria", "slug": "alternaria", "dataset_management_url": "https://darwin.v7labs.com/datasets/538883/dataset-management"}, "item_id": "0183d477-5680-ce78-c3ef-f71034197317", "team": {"name": "BioScout", "slug": "bioscout"}, "workview_url": "https://darwin.v7labs.com/workview?dataset=538883&item=0183d477-5680-ce78-c3ef-f71034197317"}, "slots": [{"type": "image", "slot_name": "0", "width": 4064, "height": 3040, "thumbnail_url": "https://darwin.v7labs.com/api/v2/teams/bioscout/files/ae03ddb5-813c-40cb-96a4-4ef47b16684c/thumbnail", "source_files": [{"file_name": "6107_fc0f4382-8e3a-41ba-84e9-848dbce8938a_2022_01_10.jpeg", "url": "https://darwin.v7labs.com/api/v2/teams/bioscout/uploads/7538e4b3-4f13-4bec-9243-c9b78ed9674c"}]}]}, "annotations": [{"bounding_box": {"h": 128.0, "w": 248.0, "x": 2460.0, "y": 184.0}, "id": "44a042c2-1212-449c-bf6f-d018a5c18d60", "name": "Alternaria spp.", "slot_names": ["0"]}, {"bounding_box": {"h": 136.0, "w": 348.0, "x": 2188.0, "y": 116.0}, "id": "cc0e39b5-2b35-4550-ab15-3a2bfbc8a1fd", "name": "Alternaria spp.", "slot_names": ["0"]}]}