{"version": "2.0", "schema_ref": "https://darwin-public.s3.eu-west-1.amazonaws.com/darwin_json_2_0.schema.json", "item": {"name": "6107_fe0f1621-d19e-46ee-ac29-251c6d4b8fa1_2022_01_10.jpeg", "path": "/", "source_info": {"dataset": {"name": "alternaria", "slug": "alternaria", "dataset_management_url": "https://darwin.v7labs.com/datasets/538883/dataset-management"}, "item_id": "0183d477-5687-1894-df60-4275d0dca548", "team": {"name": "BioScout", "slug": "bioscout"}, "workview_url": "https://darwin.v7labs.com/workview?dataset=538883&item=0183d477-5687-1894-df60-4275d0dca548"}, "slots": [{"type": "image", "slot_name": "0", "width": 4064, "height": 3040, "thumbnail_url": "https://darwin.v7labs.com/api/v2/teams/bioscout/files/292932f0-c217-4431-baef-33ef8f7b654f/thumbnail", "source_files": [{"file_name": "6107_fe0f1621-d19e-46ee-ac29-251c6d4b8fa1_2022_01_10.jpeg", "url": "https://darwin.v7labs.com/api/v2/teams/bioscout/uploads/d664eef7-8dd4-4acb-9f82-753d32f10e03"}]}]}, "annotations": [{"bounding_box": {"h": 163.0, "w": 192.0, "x": 935.0, "y": 2590.0}, "id": "a86db5b3-5d8d-4167-9626-ca384ceffe47", "name": "Alternaria spp.", "slot_names": ["0"]}, {"bounding_box": {"h": 196.0, "w": 188.0, "x": 1098.0, "y": 2425.0}, "id": "d29756bb-6697-4ebf-ad7b-cf6e35cab8f3", "name": "Alternaria spp.", "slot_names": ["0"]}]}