{"version": "2.0", "schema_ref": "https://darwin-public.s3.eu-west-1.amazonaws.com/darwin_json_2_0.schema.json", "item": {"name": "6107_81ac24e4-8bec-40f5-91df-d422ce92c2f4_2022_01_23.jpeg", "path": "/", "source_info": {"dataset": {"name": "alternaria", "slug": "alternaria", "dataset_management_url": "https://darwin.v7labs.com/datasets/538883/dataset-management"}, "item_id": "0183d477-602e-c41b-8353-73b17d7e1e26", "team": {"name": "BioScout", "slug": "bioscout"}, "workview_url": "https://darwin.v7labs.com/workview?dataset=538883&item=0183d477-602e-c41b-8353-73b17d7e1e26"}, "slots": [{"type": "image", "slot_name": "0", "width": 4064, "height": 3040, "thumbnail_url": "https://darwin.v7labs.com/api/v2/teams/bioscout/files/f1ee2e16-6f1c-4f90-a83d-f6b67294e310/thumbnail", "source_files": [{"file_name": "6107_81ac24e4-8bec-40f5-91df-d422ce92c2f4_2022_01_23.jpeg", "url": "https://darwin.v7labs.com/api/v2/teams/bioscout/uploads/97bff02b-c47f-4013-88b4-d2956a3a67fb"}]}]}, "annotations": [{"bounding_box": {"h": 170.0, "w": 195.0, "x": 2984.0, "y": 150.0}, "id": "f7c245f7-baec-4868-a559-d5e47a226470", "name": "Alternaria spp.", "slot_names": ["0"]}]}