{"version": "2.0", "schema_ref": "https://darwin-public.s3.eu-west-1.amazonaws.com/darwin_json_2_0.schema.json", "item": {"name": "6107_b8b66b1c-4ba2-4341-8b50-fdf9998d0950_2022_01_24.jpeg", "path": "/", "source_info": {"dataset": {"name": "alternaria", "slug": "alternaria", "dataset_management_url": "https://darwin.v7labs.com/datasets/538883/dataset-management"}, "item_id": "0183d477-5688-5571-ec90-1cfee91ba94d", "team": {"name": "BioScout", "slug": "bioscout"}, "workview_url": "https://darwin.v7labs.com/workview?dataset=538883&item=0183d477-5688-5571-ec90-1cfee91ba94d"}, "slots": [{"type": "image", "slot_name": "0", "width": 4064, "height": 3040, "thumbnail_url": "https://darwin.v7labs.com/api/v2/teams/bioscout/files/307931bf-e294-4fbb-b6f2-436791505b65/thumbnail", "source_files": [{"file_name": "6107_b8b66b1c-4ba2-4341-8b50-fdf9998d0950_2022_01_24.jpeg", "url": "https://darwin.v7labs.com/api/v2/teams/bioscout/uploads/e36ce9d7-21e9-40c2-9497-811bd4add6eb"}]}]}, "annotations": [{"bounding_box": {"h": 176.0, "w": 468.0, "x": 1260.0, "y": 1076.0}, "id": "afdfe9ec-a000-4142-adc6-53a4f03a5d43", "name": "Alternaria spp.", "slot_names": ["0"]}]}