{"version": "2.0", "schema_ref": "https://darwin-public.s3.eu-west-1.amazonaws.com/darwin_json_2_0.schema.json", "item": {"name": "6107_a04f20e0-501a-4257-9f2a-b3621ba42f7e_2022_01_10.jpeg", "path": "/", "source_info": {"dataset": {"name": "alternaria", "slug": "alternaria", "dataset_management_url": "https://darwin.v7labs.com/datasets/538883/dataset-management"}, "item_id": "0183d477-5676-7c8c-223d-4682c94d173f", "team": {"name": "BioScout", "slug": "bioscout"}, "workview_url": "https://darwin.v7labs.com/workview?dataset=538883&item=0183d477-5676-7c8c-223d-4682c94d173f"}, "slots": [{"type": "image", "slot_name": "0", "width": 4064, "height": 3040, "thumbnail_url": "https://darwin.v7labs.com/api/v2/teams/bioscout/files/67c30111-0d6f-4ea2-825f-2e21977a537a/thumbnail", "source_files": [{"file_name": "6107_a04f20e0-501a-4257-9f2a-b3621ba42f7e_2022_01_10.jpeg", "url": "https://darwin.v7labs.com/api/v2/teams/bioscout/uploads/ac90d5be-ef9d-4e7d-935e-a42da8ccb53c"}]}]}, "annotations": []}