{"version": "2.0", "schema_ref": "https://darwin-public.s3.eu-west-1.amazonaws.com/darwin_json_2_0.schema.json", "item": {"name": "6107_16cf9608-ff49-4eda-b1bf-315a5718039c_2022_01_23.jpeg", "path": "/", "source_info": {"dataset": {"name": "alternaria", "slug": "alternaria", "dataset_management_url": "https://darwin.v7labs.com/datasets/538883/dataset-management"}, "item_id": "0183d477-602c-d45b-9e84-ac33887a2b90", "team": {"name": "BioScout", "slug": "bioscout"}, "workview_url": "https://darwin.v7labs.com/workview?dataset=538883&item=0183d477-602c-d45b-9e84-ac33887a2b90"}, "slots": [{"type": "image", "slot_name": "0", "width": 4064, "height": 3040, "thumbnail_url": "https://darwin.v7labs.com/api/v2/teams/bioscout/files/8311ccb5-1780-4248-8b5b-47083c98a343/thumbnail", "source_files": [{"file_name": "6107_16cf9608-ff49-4eda-b1bf-315a5718039c_2022_01_23.jpeg", "url": "https://darwin.v7labs.com/api/v2/teams/bioscout/uploads/88af952c-3188-4b20-b37f-e23509f2dce2"}]}]}, "annotations": [{"bounding_box": {"h": 112.0, "w": 336.0, "x": 1264.0, "y": 1188.0}, "id": "ed326417-1727-4468-9226-e4d47b4bfcdc", "name": "Alternaria spp.", "slot_names": ["0"]}]}