{"version": "2.0", "schema_ref": "https://darwin-public.s3.eu-west-1.amazonaws.com/darwin_json_2_0.schema.json", "item": {"name": "6107_7e6b97ad-401e-4dcc-abcf-b523cfe0224f_2022_01_24.jpeg", "path": "/", "source_info": {"dataset": {"name": "alternaria", "slug": "alternaria", "dataset_management_url": "https://darwin.v7labs.com/datasets/538883/dataset-management"}, "item_id": "0183d477-567b-80fe-a37b-523c19c5ba30", "team": {"name": "BioScout", "slug": "bioscout"}, "workview_url": "https://darwin.v7labs.com/workview?dataset=538883&item=0183d477-567b-80fe-a37b-523c19c5ba30"}, "slots": [{"type": "image", "slot_name": "0", "width": 4064, "height": 3040, "thumbnail_url": "https://darwin.v7labs.com/api/v2/teams/bioscout/files/9402fa1a-7bf4-4d2a-b858-12830ab5d93d/thumbnail", "source_files": [{"file_name": "6107_7e6b97ad-401e-4dcc-abcf-b523cfe0224f_2022_01_24.jpeg", "url": "https://darwin.v7labs.com/api/v2/teams/bioscout/uploads/f5d39eb3-a907-4da1-8384-abc4047e5664"}]}]}, "annotations": [{"bounding_box": {"h": 120.0, "w": 232.0, "x": 1912.0, "y": 1872.0}, "id": "ae291665-80e7-4e6d-bd9e-09d38789a7a5", "name": "Alternaria spp.", "slot_names": ["0"]}]}