{"version": "2.0", "schema_ref": "https://darwin-public.s3.eu-west-1.amazonaws.com/darwin_json_2_0.schema.json", "item": {"name": "6107_b337e7c1-7c57-40b7-964e-8fbb26ed050d_2022_01_24.jpeg", "path": "/", "source_info": {"dataset": {"name": "alternaria", "slug": "alternaria", "dataset_management_url": "https://darwin.v7labs.com/datasets/538883/dataset-management"}, "item_id": "0183d477-602c-f72f-c938-7870a4e8db04", "team": {"name": "BioScout", "slug": "bioscout"}, "workview_url": "https://darwin.v7labs.com/workview?dataset=538883&item=0183d477-602c-f72f-c938-7870a4e8db04"}, "slots": [{"type": "image", "slot_name": "0", "width": 4064, "height": 3040, "thumbnail_url": "https://darwin.v7labs.com/api/v2/teams/bioscout/files/4a230faf-bdcb-4341-8d07-acedcc092cf8/thumbnail", "source_files": [{"file_name": "6107_b337e7c1-7c57-40b7-964e-8fbb26ed050d_2022_01_24.jpeg", "url": "https://darwin.v7labs.com/api/v2/teams/bioscout/uploads/71705300-c70f-47fb-891c-d93c786fb34e"}]}]}, "annotations": [{"bounding_box": {"h": 160.0, "w": 416.0, "x": 960.0, "y": 1532.0}, "id": "f1c25262-31cc-4036-b58b-ee613b4bf579", "name": "Alternaria spp.", "slot_names": ["0"]}]}