{"version": "2.0", "schema_ref": "https://darwin-public.s3.eu-west-1.amazonaws.com/darwin_json_2_0.schema.json", "item": {"name": "6107_661c8e1c-2c03-4eb3-ac86-40d342973bab_2022_01_15.jpeg", "path": "/", "source_info": {"dataset": {"name": "alternaria", "slug": "alternaria", "dataset_management_url": "https://darwin.v7labs.com/datasets/538883/dataset-management"}, "item_id": "0183d477-6026-81a0-66d9-678f1fccf9f4", "team": {"name": "BioScout", "slug": "bioscout"}, "workview_url": "https://darwin.v7labs.com/workview?dataset=538883&item=0183d477-6026-81a0-66d9-678f1fccf9f4"}, "slots": [{"type": "image", "slot_name": "0", "width": 4064, "height": 3040, "thumbnail_url": "https://darwin.v7labs.com/api/v2/teams/bioscout/files/60bca0c2-1b1a-4921-b9f3-07b62449c6f3/thumbnail", "source_files": [{"file_name": "6107_661c8e1c-2c03-4eb3-ac86-40d342973bab_2022_01_15.jpeg", "url": "https://darwin.v7labs.com/api/v2/teams/bioscout/uploads/0bfcdde1-2558-4405-977d-018e45063da9"}]}]}, "annotations": [{"bounding_box": {"h": 96.0, "w": 264.0, "x": 1008.0, "y": 916.0}, "id": "e3a2a6ac-6fe5-4549-8fef-4c7dabf57ce3", "name": "Alternaria spp.", "slot_names": ["0"]}]}