{"version": "2.0", "schema_ref": "https://darwin-public.s3.eu-west-1.amazonaws.com/darwin_json_2_0.schema.json", "item": {"name": "6107_4f54bd0d-2ed2-469a-a25e-57f97cf2f4a2_2022_01_13.jpeg", "path": "/", "source_info": {"dataset": {"name": "alternaria", "slug": "alternaria", "dataset_management_url": "https://darwin.v7labs.com/datasets/538883/dataset-management"}, "item_id": "0183d477-5682-1266-befd-07620d5dbf40", "team": {"name": "BioScout", "slug": "bioscout"}, "workview_url": "https://darwin.v7labs.com/workview?dataset=538883&item=0183d477-5682-1266-befd-07620d5dbf40"}, "slots": [{"type": "image", "slot_name": "0", "width": 4064, "height": 3040, "thumbnail_url": "https://darwin.v7labs.com/api/v2/teams/bioscout/files/48872cc6-fa29-4852-be4c-ac6f3ae982ac/thumbnail", "source_files": [{"file_name": "6107_4f54bd0d-2ed2-469a-a25e-57f97cf2f4a2_2022_01_13.jpeg", "url": "https://darwin.v7labs.com/api/v2/teams/bioscout/uploads/653ed72e-61c4-46d5-a44e-c578e9b74bed"}]}]}, "annotations": [{"bounding_box": {"h": 186.0, "w": 254.0, "x": 1846.0, "y": 1896.0}, "id": "a68af165-054e-4e5c-a424-1b008349bccf", "name": "Alternaria spp.", "slot_names": ["0"]}]}