{"version": "2.0", "schema_ref": "https://darwin-public.s3.eu-west-1.amazonaws.com/darwin_json_2_0.schema.json", "item": {"name": "6107_22e6a8a1-6746-4133-95a8-dd93d2a079cf_2022_01_13.jpeg", "path": "/", "source_info": {"dataset": {"name": "alternaria", "slug": "alternaria", "dataset_management_url": "https://darwin.v7labs.com/datasets/538883/dataset-management"}, "item_id": "0183d477-567b-5956-5577-70076bdbc877", "team": {"name": "BioScout", "slug": "bioscout"}, "workview_url": "https://darwin.v7labs.com/workview?dataset=538883&item=0183d477-567b-5956-5577-70076bdbc877"}, "slots": [{"type": "image", "slot_name": "0", "width": 4064, "height": 3040, "thumbnail_url": "https://darwin.v7labs.com/api/v2/teams/bioscout/files/5fb82683-6b91-45f0-8602-2794d4d868f0/thumbnail", "source_files": [{"file_name": "6107_22e6a8a1-6746-4133-95a8-dd93d2a079cf_2022_01_13.jpeg", "url": "https://darwin.v7labs.com/api/v2/teams/bioscout/uploads/85edaac1-0003-4585-a867-945c9da4261a"}]}]}, "annotations": [{"bounding_box": {"h": 96.0, "w": 340.0, "x": 572.0, "y": 1576.0}, "id": "08140e48-6679-442f-b81c-a69404a50934", "name": "Alternaria spp.", "slot_names": ["0"]}, {"bounding_box": {"h": 381.0, "w": 292.0, "x": 2984.0, "y": 1464.0}, "id": "1aaa15d1-0a3e-4e71-9beb-0512d94a7992", "name": "Alternaria spp.", "slot_names": ["0"]}]}