{"version": "2.0", "schema_ref": "https://darwin-public.s3.eu-west-1.amazonaws.com/darwin_json_2_0.schema.json", "item": {"name": "6107_116157f8-6437-4bbd-8eaf-f90f05cf4c71_2022_01_13.jpeg", "path": "/", "source_info": {"dataset": {"name": "alternaria", "slug": "alternaria", "dataset_management_url": "https://darwin.v7labs.com/datasets/538883/dataset-management"}, "item_id": "0183d477-5687-68ea-28a7-7dce4fc70219", "team": {"name": "BioScout", "slug": "bioscout"}, "workview_url": "https://darwin.v7labs.com/workview?dataset=538883&item=0183d477-5687-68ea-28a7-7dce4fc70219"}, "slots": [{"type": "image", "slot_name": "0", "width": 4064, "height": 3040, "thumbnail_url": "https://darwin.v7labs.com/api/v2/teams/bioscout/files/78307f9f-41a8-46fb-9e62-47aca3427b2c/thumbnail", "source_files": [{"file_name": "6107_116157f8-6437-4bbd-8eaf-f90f05cf4c71_2022_01_13.jpeg", "url": "https://darwin.v7labs.com/api/v2/teams/bioscout/uploads/2b60767b-d9ff-43a0-9f7e-eaff802d7667"}]}]}, "annotations": [{"bounding_box": {"h": 245.0, "w": 172.0, "x": 3610.0, "y": 1107.0}, "id": "0d6891ef-e2a1-4b2d-950a-cde67d77a4bc", "name": "Alternaria spp.", "slot_names": ["0"]}]}