{"version": "2.0", "schema_ref": "https://darwin-public.s3.eu-west-1.amazonaws.com/darwin_json_2_0.schema.json", "item": {"name": "6107_f789e893-5144-4c87-bf1d-f5d091ce2598_2022_01_13.jpeg", "path": "/", "source_info": {"dataset": {"name": "alternaria", "slug": "alternaria", "dataset_management_url": "https://darwin.v7labs.com/datasets/538883/dataset-management"}, "item_id": "0183d477-568c-1976-0d34-e545792976a0", "team": {"name": "BioScout", "slug": "bioscout"}, "workview_url": "https://darwin.v7labs.com/workview?dataset=538883&item=0183d477-568c-1976-0d34-e545792976a0"}, "slots": [{"type": "image", "slot_name": "0", "width": 4064, "height": 3040, "thumbnail_url": "https://darwin.v7labs.com/api/v2/teams/bioscout/files/3ad55abf-2033-4220-9427-bba51380e7cc/thumbnail", "source_files": [{"file_name": "6107_f789e893-5144-4c87-bf1d-f5d091ce2598_2022_01_13.jpeg", "url": "https://darwin.v7labs.com/api/v2/teams/bioscout/uploads/b3c505c3-3fab-491b-885a-89de42e9ce40"}]}]}, "annotations": [{"bounding_box": {"h": 359.0, "w": 133.0, "x": 1904.0, "y": 2159.0}, "id": "0c13d80e-9df6-4340-8906-065ed7733a95", "name": "Alternaria spp.", "slot_names": ["0"]}, {"bounding_box": {"h": 192.0, "w": 274.0, "x": 655.0, "y": 2641.0}, "id": "eecda552-f35c-4075-8d07-fd7a30e04b49", "name": "Alternaria spp.", "slot_names": ["0"]}, {"bounding_box": {"h": 347.0, "w": 125.0, "x": 163.0, "y": 1256.0}, "id": "e5d15fd2-6905-4bff-832a-079ebac3b450", "name": "Alternaria spp.", "slot_names": ["0"]}]}