{"version": "2.0", "schema_ref": "https://darwin-public.s3.eu-west-1.amazonaws.com/darwin_json_2_0.schema.json", "item": {"name": "6107_18632786-7bf6-42c1-8442-150a630bf331_2022_01_15.jpeg", "path": "/", "source_info": {"dataset": {"name": "alternaria", "slug": "alternaria", "dataset_management_url": "https://darwin.v7labs.com/datasets/538883/dataset-management"}, "item_id": "0183d477-5679-6a66-3cb9-1c34807dcad3", "team": {"name": "BioScout", "slug": "bioscout"}, "workview_url": "https://darwin.v7labs.com/workview?dataset=538883&item=0183d477-5679-6a66-3cb9-1c34807dcad3"}, "slots": [{"type": "image", "slot_name": "0", "width": 4064, "height": 3040, "thumbnail_url": "https://darwin.v7labs.com/api/v2/teams/bioscout/files/8b21a989-2b88-4089-bf61-49b5d4fc6bd2/thumbnail", "source_files": [{"file_name": "6107_18632786-7bf6-42c1-8442-150a630bf331_2022_01_15.jpeg", "url": "https://darwin.v7labs.com/api/v2/teams/bioscout/uploads/18044ad3-0ee2-42e8-b3a2-082d5b33a130"}]}]}, "annotations": [{"bounding_box": {"h": 240.0, "w": 368.0, "x": 1404.0, "y": 1372.0}, "id": "a5b321ab-98cc-4012-8359-6c8b7869e1c8", "name": "Alternaria spp.", "slot_names": ["0"]}]}