{"version": "2.0", "schema_ref": "https://darwin-public.s3.eu-west-1.amazonaws.com/darwin_json_2_0.schema.json", "item": {"name": "6107_b8bae02e-ff0f-4694-b458-1e3087137e26_2022_01_13.jpeg", "path": "/", "source_info": {"dataset": {"name": "alternaria", "slug": "alternaria", "dataset_management_url": "https://darwin.v7labs.com/datasets/538883/dataset-management"}, "item_id": "0183d477-5683-d79e-a866-63516927e444", "team": {"name": "BioScout", "slug": "bioscout"}, "workview_url": "https://darwin.v7labs.com/workview?dataset=538883&item=0183d477-5683-d79e-a866-63516927e444"}, "slots": [{"type": "image", "slot_name": "0", "width": 4064, "height": 3040, "thumbnail_url": "https://darwin.v7labs.com/api/v2/teams/bioscout/files/322365b5-3019-4b47-bdbf-41e1af697b23/thumbnail", "source_files": [{"file_name": "6107_b8bae02e-ff0f-4694-b458-1e3087137e26_2022_01_13.jpeg", "url": "https://darwin.v7labs.com/api/v2/teams/bioscout/uploads/c4b8a857-0745-4665-9f7d-bd29d3359b72"}]}]}, "annotations": [{"bounding_box": {"h": 96.0, "w": 388.0, "x": 1616.0, "y": 772.0}, "id": "4f6e31a4-799e-4842-a67b-b8f518d660c5", "name": "Alternaria spp.", "slot_names": ["0"]}]}