{"version": "2.0", "schema_ref": "https://darwin-public.s3.eu-west-1.amazonaws.com/darwin_json_2_0.schema.json", "item": {"name": "6107_7533ec70-f2e3-41cb-9531-cc9834281801_2022_01_15.jpeg", "path": "/", "source_info": {"dataset": {"name": "alternaria", "slug": "alternaria", "dataset_management_url": "https://darwin.v7labs.com/datasets/538883/dataset-management"}, "item_id": "0183d477-568d-9c09-c417-5c7bd6a3700c", "team": {"name": "BioScout", "slug": "bioscout"}, "workview_url": "https://darwin.v7labs.com/workview?dataset=538883&item=0183d477-568d-9c09-c417-5c7bd6a3700c"}, "slots": [{"type": "image", "slot_name": "0", "width": 4064, "height": 3040, "thumbnail_url": "https://darwin.v7labs.com/api/v2/teams/bioscout/files/55b74fa0-1ca7-4757-ad76-7743315f550f/thumbnail", "source_files": [{"file_name": "6107_7533ec70-f2e3-41cb-9531-cc9834281801_2022_01_15.jpeg", "url": "https://darwin.v7labs.com/api/v2/teams/bioscout/uploads/dad9e6c7-4092-4047-b4d8-a4e437bbe9c2"}]}]}, "annotations": [{"bounding_box": {"h": 92.0, "w": 240.0, "x": 944.0, "y": 1432.0}, "id": "9258354a-2842-4d50-9767-cd7238591ff2", "name": "Alternaria spp.", "slot_names": ["0"]}, {"bounding_box": {"h": 204.0, "w": 172.0, "x": 1664.0, "y": 892.0}, "id": "0afc6669-2066-44d3-bb67-da4f7040238d", "name": "Alternaria spp.", "slot_names": ["0"]}]}