{"version": "2.0", "schema_ref": "https://darwin-public.s3.eu-west-1.amazonaws.com/darwin_json_2_0.schema.json", "item": {"name": "6107_11cd3036-778d-4648-b89c-9aa6948a9c23_2022_01_06.jpeg", "path": "/", "source_info": {"dataset": {"name": "alternaria", "slug": "alternaria", "dataset_management_url": "https://darwin.v7labs.com/datasets/538883/dataset-management"}, "item_id": "0183d477-5683-0890-6b63-4c0d67d7ba53", "team": {"name": "BioScout", "slug": "bioscout"}, "workview_url": "https://darwin.v7labs.com/workview?dataset=538883&item=0183d477-5683-0890-6b63-4c0d67d7ba53"}, "slots": [{"type": "image", "slot_name": "0", "width": 4064, "height": 3040, "thumbnail_url": "https://darwin.v7labs.com/api/v2/teams/bioscout/files/dfe0ddc8-e1a6-4095-a4e0-3942db981d39/thumbnail", "source_files": [{"file_name": "6107_11cd3036-778d-4648-b89c-9aa6948a9c23_2022_01_06.jpeg", "url": "https://darwin.v7labs.com/api/v2/teams/bioscout/uploads/e03cd71e-4d6c-468d-9e2a-10fa1c06c920"}]}]}, "annotations": [{"bounding_box": {"h": 112.0, "w": 184.0, "x": 1356.0, "y": 1684.0}, "id": "8d75cbdb-c64a-4cd8-b322-9375b62444af", "name": "Alternaria spp.", "slot_names": ["0"]}]}