{"version": "2.0", "schema_ref": "https://darwin-public.s3.eu-west-1.amazonaws.com/darwin_json_2_0.schema.json", "item": {"name": "6107_24e03a01-13bf-4ffa-ac73-2040e402428c_2022_01_13.jpeg", "path": "/", "source_info": {"dataset": {"name": "alternaria", "slug": "alternaria", "dataset_management_url": "https://darwin.v7labs.com/datasets/538883/dataset-management"}, "item_id": "0183d477-5684-5da0-3abf-3ed41e0ea3d2", "team": {"name": "BioScout", "slug": "bioscout"}, "workview_url": "https://darwin.v7labs.com/workview?dataset=538883&item=0183d477-5684-5da0-3abf-3ed41e0ea3d2"}, "slots": [{"type": "image", "slot_name": "0", "width": 4064, "height": 3040, "thumbnail_url": "https://darwin.v7labs.com/api/v2/teams/bioscout/files/f9533b47-5e42-40d2-a32a-88133f6bff2a/thumbnail", "source_files": [{"file_name": "6107_24e03a01-13bf-4ffa-ac73-2040e402428c_2022_01_13.jpeg", "url": "https://darwin.v7labs.com/api/v2/teams/bioscout/uploads/366501e5-d19e-4762-9d54-6d4efd9f56cc"}]}]}, "annotations": [{"bounding_box": {"h": 392.0, "w": 168.0, "x": 840.0, "y": 1632.0}, "id": "23d5e438-f29b-4a97-9c1d-cfad548e493f", "name": "Alternaria spp.", "slot_names": ["0"]}]}