{"version": "2.0", "schema_ref": "https://darwin-public.s3.eu-west-1.amazonaws.com/darwin_json_2_0.schema.json", "item": {"name": "6107_27e071f7-6074-4245-a4bf-6360ea80d482_2022_01_23.jpeg", "path": "/", "source_info": {"dataset": {"name": "alternaria", "slug": "alternaria", "dataset_management_url": "https://darwin.v7labs.com/datasets/538883/dataset-management"}, "item_id": "0183d477-602f-0e72-81c8-9e812fc7d4d3", "team": {"name": "BioScout", "slug": "bioscout"}, "workview_url": "https://darwin.v7labs.com/workview?dataset=538883&item=0183d477-602f-0e72-81c8-9e812fc7d4d3"}, "slots": [{"type": "image", "slot_name": "0", "width": 4064, "height": 3040, "thumbnail_url": "https://darwin.v7labs.com/api/v2/teams/bioscout/files/4ef8ee7b-7720-4da9-bb19-14a0879115e3/thumbnail", "source_files": [{"file_name": "6107_27e071f7-6074-4245-a4bf-6360ea80d482_2022_01_23.jpeg", "url": "https://darwin.v7labs.com/api/v2/teams/bioscout/uploads/f96b4ada-b539-47cf-985c-e74d5721ffee"}]}]}, "annotations": [{"bounding_box": {"h": 130.0, "w": 329.0, "x": 1754.0, "y": 2363.0}, "id": "fbb0dcc6-c7bb-40f0-9754-2e9af2a33d9c", "name": "Alternaria spp.", "slot_names": ["0"]}]}