{"version": "2.0", "schema_ref": "https://darwin-public.s3.eu-west-1.amazonaws.com/darwin_json_2_0.schema.json", "item": {"name": "6107_16a3814e-992b-4069-9ae6-5546a84a7f91_2022_01_13.jpeg", "path": "/", "source_info": {"dataset": {"name": "alternaria", "slug": "alternaria", "dataset_management_url": "https://darwin.v7labs.com/datasets/538883/dataset-management"}, "item_id": "0183d477-6026-8882-3591-53dcb73a4a93", "team": {"name": "BioScout", "slug": "bioscout"}, "workview_url": "https://darwin.v7labs.com/workview?dataset=538883&item=0183d477-6026-8882-3591-53dcb73a4a93"}, "slots": [{"type": "image", "slot_name": "0", "width": 4064, "height": 3040, "thumbnail_url": "https://darwin.v7labs.com/api/v2/teams/bioscout/files/acc3b7f3-8797-418d-b89f-298efb5e7ebc/thumbnail", "source_files": [{"file_name": "6107_16a3814e-992b-4069-9ae6-5546a84a7f91_2022_01_13.jpeg", "url": "https://darwin.v7labs.com/api/v2/teams/bioscout/uploads/96a96ef0-6d10-4672-84ec-21d654f8c5d5"}]}]}, "annotations": [{"bounding_box": {"h": 100.0, "w": 348.0, "x": 716.0, "y": 256.0}, "id": "b9c5773d-8a47-47e2-b8e7-40c7d70c6fb5", "name": "Alternaria spp.", "slot_names": ["0"]}, {"bounding_box": {"h": 208.0, "w": 380.0, "x": 1652.0, "y": 896.0}, "id": "b099e1f3-78b1-4efd-9c1d-dd27f17692e9", "name": "Alternaria spp.", "slot_names": ["0"]}]}