{"version": "2.0", "schema_ref": "https://darwin-public.s3.eu-west-1.amazonaws.com/darwin_json_2_0.schema.json", "item": {"name": "6107_57b4f7e0-6324-4d25-b631-54fc549b09c6_2022_01_23.jpeg", "path": "/", "source_info": {"dataset": {"name": "alternaria", "slug": "alternaria", "dataset_management_url": "https://darwin.v7labs.com/datasets/538883/dataset-management"}, "item_id": "0183d477-567d-ce9f-8ba0-f000659bf911", "team": {"name": "BioScout", "slug": "bioscout"}, "workview_url": "https://darwin.v7labs.com/workview?dataset=538883&item=0183d477-567d-ce9f-8ba0-f000659bf911"}, "slots": [{"type": "image", "slot_name": "0", "width": 4064, "height": 3040, "thumbnail_url": "https://darwin.v7labs.com/api/v2/teams/bioscout/files/fb9539af-e8b2-4132-8e87-428fcb57861f/thumbnail", "source_files": [{"file_name": "6107_57b4f7e0-6324-4d25-b631-54fc549b09c6_2022_01_23.jpeg", "url": "https://darwin.v7labs.com/api/v2/teams/bioscout/uploads/7da0af78-d16b-4dd7-9106-ead83f597d78"}]}]}, "annotations": [{"bounding_box": {"h": 97.0, "w": 171.0, "x": 2138.0, "y": 227.0}, "id": "43b0af1e-7fd5-44de-80dc-86f1abf1807f", "name": "Alternaria spp.", "slot_names": ["0"]}, {"bounding_box": {"h": 83.0, "w": 122.0, "x": 2029.0, "y": 297.0}, "id": "ff2a8a55-c8a2-40cd-a6ef-36c40463b4bb", "name": "Alternaria spp.", "slot_names": ["0"]}, {"bounding_box": {"h": 95.0, "w": 172.0, "x": 2295.0, "y": 184.0}, "id": "b3a6ab9f-fb62-4b05-9799-cf0e0b39bedd", "name": "Alternaria spp.", "slot_names": ["0"]}]}