{"version": "2.0", "schema_ref": "https://darwin-public.s3.eu-west-1.amazonaws.com/darwin_json_2_0.schema.json", "item": {"name": "6107_f255a23f-7f3b-41b4-90c0-5add00fccff9_2022_01_15.jpeg", "path": "/", "source_info": {"dataset": {"name": "alternaria", "slug": "alternaria", "dataset_management_url": "https://darwin.v7labs.com/datasets/538883/dataset-management"}, "item_id": "0183d477-602d-ab01-1edd-fdfb6db70514", "team": {"name": "BioScout", "slug": "bioscout"}, "workview_url": "https://darwin.v7labs.com/workview?dataset=538883&item=0183d477-602d-ab01-1edd-fdfb6db70514"}, "slots": [{"type": "image", "slot_name": "0", "width": 4064, "height": 3040, "thumbnail_url": "https://darwin.v7labs.com/api/v2/teams/bioscout/files/19a29bbe-a1aa-46f4-b76d-7b6d49125f57/thumbnail", "source_files": [{"file_name": "6107_f255a23f-7f3b-41b4-90c0-5add00fccff9_2022_01_15.jpeg", "url": "https://darwin.v7labs.com/api/v2/teams/bioscout/uploads/60c41685-0824-4029-9e44-f21cd45f65c1"}]}]}, "annotations": [{"bounding_box": {"h": 226.0, "w": 168.0, "x": 2584.0, "y": 2264.0}, "id": "4c7c375c-9761-4c52-a3e2-98619e236acf", "name": "Alternaria spp.", "slot_names": ["0"]}, {"bounding_box": {"h": 222.0, "w": 185.0, "x": 2715.0, "y": 2446.0}, "id": "496f12ea-478a-46d6-8064-c0e18aa0bc27", "name": "Alternaria spp.", "slot_names": ["0"]}]}