{"version": "2.0", "schema_ref": "https://darwin-public.s3.eu-west-1.amazonaws.com/darwin_json_2_0.schema.json", "item": {"name": "6107_988324dd-787e-4a7f-9ef8-dceea0863a59_2022_01_13.jpeg", "path": "/", "source_info": {"dataset": {"name": "alternaria", "slug": "alternaria", "dataset_management_url": "https://darwin.v7labs.com/datasets/538883/dataset-management"}, "item_id": "0183d477-5682-5905-aa8e-255ab89ff46e", "team": {"name": "BioScout", "slug": "bioscout"}, "workview_url": "https://darwin.v7labs.com/workview?dataset=538883&item=0183d477-5682-5905-aa8e-255ab89ff46e"}, "slots": [{"type": "image", "slot_name": "0", "width": 4064, "height": 3040, "thumbnail_url": "https://darwin.v7labs.com/api/v2/teams/bioscout/files/2dfe8742-1cde-4cc0-a095-2a9788b7271c/thumbnail", "source_files": [{"file_name": "6107_988324dd-787e-4a7f-9ef8-dceea0863a59_2022_01_13.jpeg", "url": "https://darwin.v7labs.com/api/v2/teams/bioscout/uploads/780b5cf8-7ff0-465d-b607-a2a0a5f534ad"}]}]}, "annotations": [{"bounding_box": {"h": 116.0, "w": 348.0, "x": 1220.0, "y": 584.0}, "id": "d60f8f7b-5022-43c9-b65d-6af51fc37310", "name": "Alternaria spp.", "slot_names": ["0"]}, {"bounding_box": {"h": 132.0, "w": 248.0, "x": 2490.0, "y": 1785.0}, "id": "ceeb83c1-da9e-47ff-bcdf-16f1b3d9ae90", "name": "Alternaria spp.", "slot_names": ["0"]}]}