{"version": "2.0", "schema_ref": "https://darwin-public.s3.eu-west-1.amazonaws.com/darwin_json_2_0.schema.json", "item": {"name": "6107_764a3335-be10-4efa-a44a-bae6df5a0652_2022_01_15.jpeg", "path": "/", "source_info": {"dataset": {"name": "alternaria", "slug": "alternaria", "dataset_management_url": "https://darwin.v7labs.com/datasets/538883/dataset-management"}, "item_id": "0183d477-567f-d9f3-716e-84f153e557d5", "team": {"name": "BioScout", "slug": "bioscout"}, "workview_url": "https://darwin.v7labs.com/workview?dataset=538883&item=0183d477-567f-d9f3-716e-84f153e557d5"}, "slots": [{"type": "image", "slot_name": "0", "width": 4064, "height": 3040, "thumbnail_url": "https://darwin.v7labs.com/api/v2/teams/bioscout/files/5c4d0049-4475-4520-afa5-95b204ce2ef0/thumbnail", "source_files": [{"file_name": "6107_764a3335-be10-4efa-a44a-bae6df5a0652_2022_01_15.jpeg", "url": "https://darwin.v7labs.com/api/v2/teams/bioscout/uploads/2d5a4b89-c601-4a72-82d9-6813eb510eb2"}]}]}, "annotations": [{"bounding_box": {"h": 96.0, "w": 222.0, "x": 2407.0, "y": 2133.0}, "id": "042d3227-68cf-4a96-88e5-b3a525370d04", "name": "Alternaria spp.", "slot_names": ["0"]}]}