{"version": "2.0", "schema_ref": "https://darwin-public.s3.eu-west-1.amazonaws.com/darwin_json_2_0.schema.json", "item": {"name": "6107_5b038f6d-410e-4ed5-be06-68690da56f2d_2022_01_13.jpeg", "path": "/", "source_info": {"dataset": {"name": "alternaria", "slug": "alternaria", "dataset_management_url": "https://darwin.v7labs.com/datasets/538883/dataset-management"}, "item_id": "0183d477-6026-9aaf-f69d-bb114edd0f97", "team": {"name": "BioScout", "slug": "bioscout"}, "workview_url": "https://darwin.v7labs.com/workview?dataset=538883&item=0183d477-6026-9aaf-f69d-bb114edd0f97"}, "slots": [{"type": "image", "slot_name": "0", "width": 4064, "height": 3040, "thumbnail_url": "https://darwin.v7labs.com/api/v2/teams/bioscout/files/57dfd9ae-8b84-4751-9f01-1a33d4f88a78/thumbnail", "source_files": [{"file_name": "6107_5b038f6d-410e-4ed5-be06-68690da56f2d_2022_01_13.jpeg", "url": "https://darwin.v7labs.com/api/v2/teams/bioscout/uploads/d6a44d83-1b76-48d4-be21-84d2495cf0ca"}]}]}, "annotations": [{"bounding_box": {"h": 176.0, "w": 396.0, "x": 392.0, "y": 1856.0}, "id": "4d9450c2-833f-4acd-9735-2db68d058b53", "name": "Alternaria spp.", "slot_names": ["0"]}, {"bounding_box": {"h": 266.0, "w": 389.0, "x": 482.0, "y": 1916.0}, "id": "2888360a-4180-4596-af81-8d609f7bbd15", "name": "Alternaria spp.", "slot_names": ["0"]}]}