{"version": "2.0", "schema_ref": "https://darwin-public.s3.eu-west-1.amazonaws.com/darwin_json_2_0.schema.json", "item": {"name": "6107_46d4643d-10df-4b4d-8532-4252db4f7dd5_2022_01_15.jpeg", "path": "/", "source_info": {"dataset": {"name": "alternaria", "slug": "alternaria", "dataset_management_url": "https://darwin.v7labs.com/datasets/538883/dataset-management"}, "item_id": "0183d477-568a-35ac-2b5c-41af01589ff8", "team": {"name": "BioScout", "slug": "bioscout"}, "workview_url": "https://darwin.v7labs.com/workview?dataset=538883&item=0183d477-568a-35ac-2b5c-41af01589ff8"}, "slots": [{"type": "image", "slot_name": "0", "width": 4064, "height": 3040, "thumbnail_url": "https://darwin.v7labs.com/api/v2/teams/bioscout/files/3a6c5c43-51ca-4261-b748-8128b438598f/thumbnail", "source_files": [{"file_name": "6107_46d4643d-10df-4b4d-8532-4252db4f7dd5_2022_01_15.jpeg", "url": "https://darwin.v7labs.com/api/v2/teams/bioscout/uploads/99afcec1-680a-49ba-b943-ff144cf33b75"}]}]}, "annotations": [{"bounding_box": {"h": 240.0, "w": 340.0, "x": 1412.0, "y": 0.0}, "id": "147c176a-2e3a-46db-ade9-2f95ee9bdbb9", "name": "Alternaria spp.", "slot_names": ["0"]}]}