{"version": "2.0", "schema_ref": "https://darwin-public.s3.eu-west-1.amazonaws.com/darwin_json_2_0.schema.json", "item": {"name": "6107_a4ed3369-cabe-48d6-a84c-29fcc1a1b8e3_2022_01_23.jpeg", "path": "/", "source_info": {"dataset": {"name": "alternaria", "slug": "alternaria", "dataset_management_url": "https://darwin.v7labs.com/datasets/538883/dataset-management"}, "item_id": "0183d477-568b-5895-aa5e-e1e8f47ba9e2", "team": {"name": "BioScout", "slug": "bioscout"}, "workview_url": "https://darwin.v7labs.com/workview?dataset=538883&item=0183d477-568b-5895-aa5e-e1e8f47ba9e2"}, "slots": [{"type": "image", "slot_name": "0", "width": 4064, "height": 3040, "thumbnail_url": "https://darwin.v7labs.com/api/v2/teams/bioscout/files/cbd2ce88-ef8a-41fe-93c5-8422f161d3b0/thumbnail", "source_files": [{"file_name": "6107_a4ed3369-cabe-48d6-a84c-29fcc1a1b8e3_2022_01_23.jpeg", "url": "https://darwin.v7labs.com/api/v2/teams/bioscout/uploads/c50116ce-7d0c-417d-a311-ef7c0473e0ed"}]}]}, "annotations": [{"bounding_box": {"h": 224.0, "w": 136.0, "x": 2291.0, "y": 820.0}, "id": "1d9130ec-379a-4656-91cf-1002bfee5133", "name": "Alternaria spp.", "slot_names": ["0"]}, {"bounding_box": {"h": 232.0, "w": 249.0, "x": 2407.0, "y": 1021.0}, "id": "6f425837-ef2c-4388-b9da-801f34ffd21e", "name": "Alternaria spp.", "slot_names": ["0"]}]}