{"version": "2.0", "schema_ref": "https://darwin-public.s3.eu-west-1.amazonaws.com/darwin_json_2_0.schema.json", "item": {"name": "6107_09570444-2592-4eec-b531-44a72b4ba6e5_2022_01_10.jpeg", "path": "/", "source_info": {"dataset": {"name": "alternaria", "slug": "alternaria", "dataset_management_url": "https://darwin.v7labs.com/datasets/538883/dataset-management"}, "item_id": "0183d477-567d-780e-2a63-6ed275d7a8b0", "team": {"name": "BioScout", "slug": "bioscout"}, "workview_url": "https://darwin.v7labs.com/workview?dataset=538883&item=0183d477-567d-780e-2a63-6ed275d7a8b0"}, "slots": [{"type": "image", "slot_name": "0", "width": 4064, "height": 3040, "thumbnail_url": "https://darwin.v7labs.com/api/v2/teams/bioscout/files/aab6ef70-f521-497e-8e12-e2c251c8a424/thumbnail", "source_files": [{"file_name": "6107_09570444-2592-4eec-b531-44a72b4ba6e5_2022_01_10.jpeg", "url": "https://darwin.v7labs.com/api/v2/teams/bioscout/uploads/583e0f61-6b8d-40df-8842-9210bec4812e"}]}]}, "annotations": [{"bounding_box": {"h": 160.0, "w": 164.0, "x": 1156.0, "y": 700.0}, "id": "72bfa495-64a0-4b61-aafa-2de326b0c3be", "name": "Alternaria spp.", "slot_names": ["0"]}, {"bounding_box": {"h": 92.0, "w": 296.0, "x": 1636.0, "y": 488.0}, "id": "83a4fb69-92b1-4d6e-a9a9-f4cbf060fd6a", "name": "Alternaria spp.", "slot_names": ["0"]}]}