{"version": "2.0", "schema_ref": "https://darwin-public.s3.eu-west-1.amazonaws.com/darwin_json_2_0.schema.json", "item": {"name": "6107_8177136a-f23f-414d-bf91-6e5000a5245a_2022_01_10.jpeg", "path": "/", "source_info": {"dataset": {"name": "alternaria", "slug": "alternaria", "dataset_management_url": "https://darwin.v7labs.com/datasets/538883/dataset-management"}, "item_id": "0183d477-568a-46ef-0cdb-cb631ef36bdb", "team": {"name": "BioScout", "slug": "bioscout"}, "workview_url": "https://darwin.v7labs.com/workview?dataset=538883&item=0183d477-568a-46ef-0cdb-cb631ef36bdb"}, "slots": [{"type": "image", "slot_name": "0", "width": 4064, "height": 3040, "thumbnail_url": "https://darwin.v7labs.com/api/v2/teams/bioscout/files/62edc8da-cd7c-422d-921a-edd22c07a6f3/thumbnail", "source_files": [{"file_name": "6107_8177136a-f23f-414d-bf91-6e5000a5245a_2022_01_10.jpeg", "url": "https://darwin.v7labs.com/api/v2/teams/bioscout/uploads/5d1d8e4f-5a08-42a9-b7f6-062285e5f50c"}]}]}, "annotations": [{"bounding_box": {"h": 216.0, "w": 464.0, "x": 0.0, "y": 1720.0}, "id": "b9c32aee-100e-4965-a14b-ff57d81837c7", "name": "Alternaria spp.", "slot_names": ["0"]}]}