{"version": "2.0", "schema_ref": "https://darwin-public.s3.eu-west-1.amazonaws.com/darwin_json_2_0.schema.json", "item": {"name": "6107_f366e595-5fd0-4807-b060-f100316f7a51_2022_01_25.jpeg", "path": "/", "source_info": {"dataset": {"name": "alternaria", "slug": "alternaria", "dataset_management_url": "https://darwin.v7labs.com/datasets/538883/dataset-management"}, "item_id": "0183d477-567e-54ab-d44e-85fdf3a924c6", "team": {"name": "BioScout", "slug": "bioscout"}, "workview_url": "https://darwin.v7labs.com/workview?dataset=538883&item=0183d477-567e-54ab-d44e-85fdf3a924c6"}, "slots": [{"type": "image", "slot_name": "0", "width": 4064, "height": 3040, "thumbnail_url": "https://darwin.v7labs.com/api/v2/teams/bioscout/files/160e6f68-32ad-4637-aed1-29c1c8938ae6/thumbnail", "source_files": [{"file_name": "6107_f366e595-5fd0-4807-b060-f100316f7a51_2022_01_25.jpeg", "url": "https://darwin.v7labs.com/api/v2/teams/bioscout/uploads/6951d141-f1f8-4d80-9797-c29a03adf5b8"}]}]}, "annotations": [{"bounding_box": {"h": 156.0, "w": 109.0, "x": 3657.0, "y": 0.0}, "id": "27a1b472-4a98-41a6-85d1-8c26830e959d", "name": "Alternaria spp.", "slot_names": ["0"]}]}