{"version": "2.0", "schema_ref": "https://darwin-public.s3.eu-west-1.amazonaws.com/darwin_json_2_0.schema.json", "item": {"name": "6107_7d46c659-d70c-4725-bcf8-b4709dcd8bc9_2022_01_10.jpeg", "path": "/", "source_info": {"dataset": {"name": "alternaria", "slug": "alternaria", "dataset_management_url": "https://darwin.v7labs.com/datasets/538883/dataset-management"}, "item_id": "0183d477-5677-c9bc-4121-fd58565f4069", "team": {"name": "BioScout", "slug": "bioscout"}, "workview_url": "https://darwin.v7labs.com/workview?dataset=538883&item=0183d477-5677-c9bc-4121-fd58565f4069"}, "slots": [{"type": "image", "slot_name": "0", "width": 4064, "height": 3040, "thumbnail_url": "https://darwin.v7labs.com/api/v2/teams/bioscout/files/c30a2ee1-d42b-402e-a07d-3b87085d21d4/thumbnail", "source_files": [{"file_name": "6107_7d46c659-d70c-4725-bcf8-b4709dcd8bc9_2022_01_10.jpeg", "url": "https://darwin.v7labs.com/api/v2/teams/bioscout/uploads/6b505e0d-abf1-4953-8c86-a3455c3de352"}]}]}, "annotations": [{"bounding_box": {"h": 148.0, "w": 316.0, "x": 552.0, "y": 4.0}, "id": "f69ee94b-9977-4a36-8865-b84377240813", "name": "Alternaria spp.", "slot_names": ["0"]}]}