{"version": "2.0", "schema_ref": "https://darwin-public.s3.eu-west-1.amazonaws.com/darwin_json_2_0.schema.json", "item": {"name": "6107_823241de-c39f-47d4-a80e-76218121f72e_2022_01_13.jpeg", "path": "/", "source_info": {"dataset": {"name": "alternaria", "slug": "alternaria", "dataset_management_url": "https://darwin.v7labs.com/datasets/538883/dataset-management"}, "item_id": "0183d477-5676-3652-3d3c-ce9b93647730", "team": {"name": "BioScout", "slug": "bioscout"}, "workview_url": "https://darwin.v7labs.com/workview?dataset=538883&item=0183d477-5676-3652-3d3c-ce9b93647730"}, "slots": [{"type": "image", "slot_name": "0", "width": 4064, "height": 3040, "thumbnail_url": "https://darwin.v7labs.com/api/v2/teams/bioscout/files/8ed5c048-9ea8-431b-b193-26bbf962620e/thumbnail", "source_files": [{"file_name": "6107_823241de-c39f-47d4-a80e-76218121f72e_2022_01_13.jpeg", "url": "https://darwin.v7labs.com/api/v2/teams/bioscout/uploads/007eebdd-f8c7-4123-afa4-78c0be60740d"}]}]}, "annotations": [{"bounding_box": {"h": 272.0, "w": 212.0, "x": 1828.0, "y": 140.0}, "id": "c0c4c1f6-7b7b-4dd1-b887-c2522aec7a2a", "name": "Alternaria spp.", "slot_names": ["0"]}]}