{"version": "2.0", "schema_ref": "https://darwin-public.s3.eu-west-1.amazonaws.com/darwin_json_2_0.schema.json", "item": {"name": "6107_c2601229-8bf4-44de-b772-0ac4a3a83605_2022_01_24.jpeg", "path": "/", "source_info": {"dataset": {"name": "alternaria", "slug": "alternaria", "dataset_management_url": "https://darwin.v7labs.com/datasets/538883/dataset-management"}, "item_id": "0183d477-5682-46d4-c8ae-866900a92e09", "team": {"name": "BioScout", "slug": "bioscout"}, "workview_url": "https://darwin.v7labs.com/workview?dataset=538883&item=0183d477-5682-46d4-c8ae-866900a92e09"}, "slots": [{"type": "image", "slot_name": "0", "width": 4064, "height": 3040, "thumbnail_url": "https://darwin.v7labs.com/api/v2/teams/bioscout/files/e87f0ef8-5272-48b9-975c-6005aeb914f7/thumbnail", "source_files": [{"file_name": "6107_c2601229-8bf4-44de-b772-0ac4a3a83605_2022_01_24.jpeg", "url": "https://darwin.v7labs.com/api/v2/teams/bioscout/uploads/971b8eee-23de-4f19-97b0-9107bd1accb0"}]}]}, "annotations": [{"bounding_box": {"h": 100.0, "w": 194.0, "x": 1721.0, "y": 2026.0}, "id": "b1fb83af-8604-4ccf-981b-2292ad676eb1", "name": "Alternaria spp.", "slot_names": ["0"]}]}