{"version": "2.0", "schema_ref": "https://darwin-public.s3.eu-west-1.amazonaws.com/darwin_json_2_0.schema.json", "item": {"name": "6107_61bd9135-cf24-4604-a992-c25d8d18eaf1_2022_01_15.jpeg", "path": "/", "source_info": {"dataset": {"name": "alternaria", "slug": "alternaria", "dataset_management_url": "https://darwin.v7labs.com/datasets/538883/dataset-management"}, "item_id": "0183d477-5676-bc58-4d2c-e4f8b12f3916", "team": {"name": "BioScout", "slug": "bioscout"}, "workview_url": "https://darwin.v7labs.com/workview?dataset=538883&item=0183d477-5676-bc58-4d2c-e4f8b12f3916"}, "slots": [{"type": "image", "slot_name": "0", "width": 4064, "height": 3040, "thumbnail_url": "https://darwin.v7labs.com/api/v2/teams/bioscout/files/c45b367a-2fe8-449a-989a-00857ab2d38a/thumbnail", "source_files": [{"file_name": "6107_61bd9135-cf24-4604-a992-c25d8d18eaf1_2022_01_15.jpeg", "url": "https://darwin.v7labs.com/api/v2/teams/bioscout/uploads/eea711b0-249b-4578-be6b-aded44247b0f"}]}]}, "annotations": [{"bounding_box": {"h": 268.0, "w": 220.0, "x": 1492.0, "y": 128.0}, "id": "da5396d7-44d7-4804-bcfd-0c7848011baf", "name": "Alternaria spp.", "slot_names": ["0"]}]}