{"version": "2.0", "schema_ref": "https://darwin-public.s3.eu-west-1.amazonaws.com/darwin_json_2_0.schema.json", "item": {"name": "6107_24eb0f3d-2259-417e-b420-8cc67784809d_2022_01_23.jpeg", "path": "/", "source_info": {"dataset": {"name": "alternaria", "slug": "alternaria", "dataset_management_url": "https://darwin.v7labs.com/datasets/538883/dataset-management"}, "item_id": "0183d477-5686-0801-9d5b-798280a770a0", "team": {"name": "BioScout", "slug": "bioscout"}, "workview_url": "https://darwin.v7labs.com/workview?dataset=538883&item=0183d477-5686-0801-9d5b-798280a770a0"}, "slots": [{"type": "image", "slot_name": "0", "width": 4064, "height": 3040, "thumbnail_url": "https://darwin.v7labs.com/api/v2/teams/bioscout/files/ddf6a377-f0e9-4742-bc68-9362cbcfd433/thumbnail", "source_files": [{"file_name": "6107_24eb0f3d-2259-417e-b420-8cc67784809d_2022_01_23.jpeg", "url": "https://darwin.v7labs.com/api/v2/teams/bioscout/uploads/31f18a8b-9860-4e96-8121-4f27a144453a"}]}]}, "annotations": [{"bounding_box": {"h": 145.0, "w": 282.0, "x": 396.0, "y": 621.0}, "id": "8a47f162-1de4-4362-9480-8f999817470c", "name": "Alternaria spp.", "slot_names": ["0"]}]}