{"version": "2.0", "schema_ref": "https://darwin-public.s3.eu-west-1.amazonaws.com/darwin_json_2_0.schema.json", "item": {"name": "6107_26a389b7-6179-47cc-8fd3-a8c77ccbcc9a_2022_01_06.jpeg", "path": "/", "source_info": {"dataset": {"name": "alternaria", "slug": "alternaria", "dataset_management_url": "https://darwin.v7labs.com/datasets/538883/dataset-management"}, "item_id": "0183d477-567d-b6af-b53a-4c9aebc6824e", "team": {"name": "BioScout", "slug": "bioscout"}, "workview_url": "https://darwin.v7labs.com/workview?dataset=538883&item=0183d477-567d-b6af-b53a-4c9aebc6824e"}, "slots": [{"type": "image", "slot_name": "0", "width": 4064, "height": 3040, "thumbnail_url": "https://darwin.v7labs.com/api/v2/teams/bioscout/files/7bfd8317-4ffd-4934-b0b3-2908608c82bc/thumbnail", "source_files": [{"file_name": "6107_26a389b7-6179-47cc-8fd3-a8c77ccbcc9a_2022_01_06.jpeg", "url": "https://darwin.v7labs.com/api/v2/teams/bioscout/uploads/a843f0c9-c15a-4a43-bd0e-8d7120d50c29"}]}]}, "annotations": [{"bounding_box": {"h": 108.0, "w": 176.0, "x": 1804.0, "y": 1824.0}, "id": "a76f9e51-d20c-4dfb-91d5-f565bcbb44cb", "name": "Alternaria spp.", "slot_names": ["0"]}]}