{"version": "2.0", "schema_ref": "https://darwin-public.s3.eu-west-1.amazonaws.com/darwin_json_2_0.schema.json", "item": {"name": "6107_bc2c5f86-ce4f-47b8-9644-acaf3c404b8a_2022_01_24.jpeg", "path": "/", "source_info": {"dataset": {"name": "alternaria", "slug": "alternaria", "dataset_management_url": "https://darwin.v7labs.com/datasets/538883/dataset-management"}, "item_id": "0183d477-567d-9a7b-a775-3da2a7700cc7", "team": {"name": "BioScout", "slug": "bioscout"}, "workview_url": "https://darwin.v7labs.com/workview?dataset=538883&item=0183d477-567d-9a7b-a775-3da2a7700cc7"}, "slots": [{"type": "image", "slot_name": "0", "width": 4064, "height": 3040, "thumbnail_url": "https://darwin.v7labs.com/api/v2/teams/bioscout/files/3ed206f8-1611-4162-9b45-b80e7b1cce03/thumbnail", "source_files": [{"file_name": "6107_bc2c5f86-ce4f-47b8-9644-acaf3c404b8a_2022_01_24.jpeg", "url": "https://darwin.v7labs.com/api/v2/teams/bioscout/uploads/d2e0afef-bc93-4e9a-883d-f1e582ea92d2"}]}]}, "annotations": [{"bounding_box": {"h": 120.0, "w": 314.0, "x": 3335.0, "y": 2410.0}, "id": "ac9dec0d-42a6-4812-a010-e1f19c4fc85e", "name": "Alternaria spp.", "slot_names": ["0"]}]}