{"version": "2.0", "schema_ref": "https://darwin-public.s3.eu-west-1.amazonaws.com/darwin_json_2_0.schema.json", "item": {"name": "6107_419c576b-9772-4a16-bf39-edc2328215dd_2022_01_13.jpeg", "path": "/", "source_info": {"dataset": {"name": "alternaria", "slug": "alternaria", "dataset_management_url": "https://darwin.v7labs.com/datasets/538883/dataset-management"}, "item_id": "0183d477-568a-20c5-8835-747935a3ab66", "team": {"name": "BioScout", "slug": "bioscout"}, "workview_url": "https://darwin.v7labs.com/workview?dataset=538883&item=0183d477-568a-20c5-8835-747935a3ab66"}, "slots": [{"type": "image", "slot_name": "0", "width": 4064, "height": 3040, "thumbnail_url": "https://darwin.v7labs.com/api/v2/teams/bioscout/files/e4d6e0cf-47e8-4619-b55f-4424bad3e272/thumbnail", "source_files": [{"file_name": "6107_419c576b-9772-4a16-bf39-edc2328215dd_2022_01_13.jpeg", "url": "https://darwin.v7labs.com/api/v2/teams/bioscout/uploads/ab9f8521-4deb-46a0-9284-7e84075c8602"}]}]}, "annotations": [{"bounding_box": {"h": 204.0, "w": 244.0, "x": 760.0, "y": 888.0}, "id": "24994315-969a-4ad6-b49a-12374141a0f6", "name": "Alternaria spp.", "slot_names": ["0"]}, {"bounding_box": {"h": 200.0, "w": 372.0, "x": 328.0, "y": 448.0}, "id": "0a09259d-e3e1-4c4b-9d3c-7dc9b5aa5a6f", "name": "Alternaria spp.", "slot_names": ["0"]}]}