{"version": "2.0", "schema_ref": "https://darwin-public.s3.eu-west-1.amazonaws.com/darwin_json_2_0.schema.json", "item": {"name": "6107_6539c6c2-70fd-42fc-babb-12b2dcbcb6d6_2022_01_15.jpeg", "path": "/", "source_info": {"dataset": {"name": "alternaria", "slug": "alternaria", "dataset_management_url": "https://darwin.v7labs.com/datasets/538883/dataset-management"}, "item_id": "0183d477-5676-895c-78ad-6a34c1ee9f28", "team": {"name": "BioScout", "slug": "bioscout"}, "workview_url": "https://darwin.v7labs.com/workview?dataset=538883&item=0183d477-5676-895c-78ad-6a34c1ee9f28"}, "slots": [{"type": "image", "slot_name": "0", "width": 4064, "height": 3040, "thumbnail_url": "https://darwin.v7labs.com/api/v2/teams/bioscout/files/275c0cea-412e-4b44-b863-eb7ebd73c2f0/thumbnail", "source_files": [{"file_name": "6107_6539c6c2-70fd-42fc-babb-12b2dcbcb6d6_2022_01_15.jpeg", "url": "https://darwin.v7labs.com/api/v2/teams/bioscout/uploads/f3476b84-bae1-4418-a873-077e013b6741"}]}]}, "annotations": [{"bounding_box": {"h": 216.0, "w": 316.0, "x": 1468.0, "y": 172.0}, "id": "e291ba38-b85d-4e53-8efd-51377e337bf8", "name": "Alternaria spp.", "slot_names": ["0"]}]}