{"version": "2.0", "schema_ref": "https://darwin-public.s3.eu-west-1.amazonaws.com/darwin_json_2_0.schema.json", "item": {"name": "6107_141567c2-0a31-405d-85df-1e1166f536c7_2022_01_13.jpeg", "path": "/", "source_info": {"dataset": {"name": "alternaria", "slug": "alternaria", "dataset_management_url": "https://darwin.v7labs.com/datasets/538883/dataset-management"}, "item_id": "0183d477-602b-b4fb-b506-d354a3847c47", "team": {"name": "BioScout", "slug": "bioscout"}, "workview_url": "https://darwin.v7labs.com/workview?dataset=538883&item=0183d477-602b-b4fb-b506-d354a3847c47"}, "slots": [{"type": "image", "slot_name": "0", "width": 4064, "height": 3040, "thumbnail_url": "https://darwin.v7labs.com/api/v2/teams/bioscout/files/9ad14213-00e5-4f17-b0fa-023fd932f665/thumbnail", "source_files": [{"file_name": "6107_141567c2-0a31-405d-85df-1e1166f536c7_2022_01_13.jpeg", "url": "https://darwin.v7labs.com/api/v2/teams/bioscout/uploads/8af3d4b4-18ea-4d98-8d4c-c699ef89d3e6"}]}]}, "annotations": [{"bounding_box": {"h": 188.0, "w": 316.0, "x": 1492.0, "y": 300.0}, "id": "771517e7-b7fa-4f66-9488-3cf588bf0f0b", "name": "Alternaria spp.", "slot_names": ["0"]}, {"bounding_box": {"h": 200.0, "w": 88.0, "x": 2708.0, "y": 720.0}, "id": "57bd40d2-47fd-4db9-b8e3-157e5b6a50e0", "name": "Alternaria spp.", "slot_names": ["0"]}]}