{"version": "2.0", "schema_ref": "https://darwin-public.s3.eu-west-1.amazonaws.com/darwin_json_2_0.schema.json", "item": {"name": "6107_8c49c551-2507-4dc4-b028-d04513c7e611_2022_01_13.jpeg", "path": "/", "source_info": {"dataset": {"name": "alternaria", "slug": "alternaria", "dataset_management_url": "https://darwin.v7labs.com/datasets/538883/dataset-management"}, "item_id": "0183d477-567a-cf26-2f95-6ee98a669005", "team": {"name": "BioScout", "slug": "bioscout"}, "workview_url": "https://darwin.v7labs.com/workview?dataset=538883&item=0183d477-567a-cf26-2f95-6ee98a669005"}, "slots": [{"type": "image", "slot_name": "0", "width": 4064, "height": 3040, "thumbnail_url": "https://darwin.v7labs.com/api/v2/teams/bioscout/files/da82310b-c54f-4b28-8bf2-f43ef23ed0a9/thumbnail", "source_files": [{"file_name": "6107_8c49c551-2507-4dc4-b028-d04513c7e611_2022_01_13.jpeg", "url": "https://darwin.v7labs.com/api/v2/teams/bioscout/uploads/92cd4d52-3ecb-45fe-a25f-f79b4118caef"}]}]}, "annotations": [{"bounding_box": {"h": 312.0, "w": 331.0, "x": 3585.0, "y": 1187.0}, "id": "b3ec7fb2-988a-491e-a331-d5e30f2a1320", "name": "Alternaria spp.", "slot_names": ["0"]}]}