{"version": "2.0", "schema_ref": "https://darwin-public.s3.eu-west-1.amazonaws.com/darwin_json_2_0.schema.json", "item": {"name": "6107_5c0248e9-9c2f-4463-931c-c9149e4f030d_2022_01_24.jpeg", "path": "/", "source_info": {"dataset": {"name": "alternaria", "slug": "alternaria", "dataset_management_url": "https://darwin.v7labs.com/datasets/538883/dataset-management"}, "item_id": "0183d477-5677-8602-bf52-e8807a988b61", "team": {"name": "BioScout", "slug": "bioscout"}, "workview_url": "https://darwin.v7labs.com/workview?dataset=538883&item=0183d477-5677-8602-bf52-e8807a988b61"}, "slots": [{"type": "image", "slot_name": "0", "width": 4064, "height": 3040, "thumbnail_url": "https://darwin.v7labs.com/api/v2/teams/bioscout/files/4cb830e5-7684-4950-9144-5af90745e024/thumbnail", "source_files": [{"file_name": "6107_5c0248e9-9c2f-4463-931c-c9149e4f030d_2022_01_24.jpeg", "url": "https://darwin.v7labs.com/api/v2/teams/bioscout/uploads/4271dda2-de77-41d8-a2cc-2fc16dc55046"}]}]}, "annotations": [{"bounding_box": {"h": 100.0, "w": 190.0, "x": 1590.0, "y": 2837.0}, "id": "dd154adb-0653-4d0b-95b6-e545d33f9d29", "name": "Alternaria spp.", "slot_names": ["0"]}]}