{"version": "2.0", "schema_ref": "https://darwin-public.s3.eu-west-1.amazonaws.com/darwin_json_2_0.schema.json", "item": {"name": "6107_6cacec2c-c3eb-4a18-90b6-0f917b35ec41_2022_01_10.jpeg", "path": "/", "source_info": {"dataset": {"name": "alternaria", "slug": "alternaria", "dataset_management_url": "https://darwin.v7labs.com/datasets/538883/dataset-management"}, "item_id": "0183d477-568b-58f6-3e44-5d18f32e43c4", "team": {"name": "BioScout", "slug": "bioscout"}, "workview_url": "https://darwin.v7labs.com/workview?dataset=538883&item=0183d477-568b-58f6-3e44-5d18f32e43c4"}, "slots": [{"type": "image", "slot_name": "0", "width": 4064, "height": 3040, "thumbnail_url": "https://darwin.v7labs.com/api/v2/teams/bioscout/files/50c07a6b-587c-43c0-881c-efc75770ecb3/thumbnail", "source_files": [{"file_name": "6107_6cacec2c-c3eb-4a18-90b6-0f917b35ec41_2022_01_10.jpeg", "url": "https://darwin.v7labs.com/api/v2/teams/bioscout/uploads/5b375f87-0f24-4421-a0f6-aec573cc72f1"}]}]}, "annotations": [{"bounding_box": {"h": 104.0, "w": 363.0, "x": 2331.0, "y": 2128.0}, "id": "dda159cd-cf26-4820-8269-43eeacf54721", "name": "Alternaria spp.", "slot_names": ["0"]}, {"bounding_box": {"h": 96.0, "w": 301.0, "x": 2046.0, "y": 2128.0}, "id": "1025f45b-a237-4028-bcf9-5f73f7fff04c", "name": "Alternaria spp.", "slot_names": ["0"]}]}