{"version": "2.0", "schema_ref": "https://darwin-public.s3.eu-west-1.amazonaws.com/darwin_json_2_0.schema.json", "item": {"name": "6107_c8fb9299-4b88-4cea-bc6d-cd72f1b5022a_2022_01_24.jpeg", "path": "/", "source_info": {"dataset": {"name": "alternaria", "slug": "alternaria", "dataset_management_url": "https://darwin.v7labs.com/datasets/538883/dataset-management"}, "item_id": "0183d477-567d-8080-45da-5ac2cadf18e5", "team": {"name": "BioScout", "slug": "bioscout"}, "workview_url": "https://darwin.v7labs.com/workview?dataset=538883&item=0183d477-567d-8080-45da-5ac2cadf18e5"}, "slots": [{"type": "image", "slot_name": "0", "width": 4064, "height": 3040, "thumbnail_url": "https://darwin.v7labs.com/api/v2/teams/bioscout/files/6da14971-d0e9-4119-8915-32d825418cb6/thumbnail", "source_files": [{"file_name": "6107_c8fb9299-4b88-4cea-bc6d-cd72f1b5022a_2022_01_24.jpeg", "url": "https://darwin.v7labs.com/api/v2/teams/bioscout/uploads/25a08a5d-17d2-4739-bc5e-daabbd90cb53"}]}]}, "annotations": [{"bounding_box": {"h": 96.0, "w": 188.0, "x": 0.0, "y": 968.0}, "id": "64c7ba1d-8645-4599-a8c6-f83af4633d4b", "name": "Alternaria spp.", "slot_names": ["0"]}]}