{"version": "2.0", "schema_ref": "https://darwin-public.s3.eu-west-1.amazonaws.com/darwin_json_2_0.schema.json", "item": {"name": "6107_d11c1208-ebee-4569-a413-85a0355d556d_2022_01_13.jpeg", "path": "/", "source_info": {"dataset": {"name": "alternaria", "slug": "alternaria", "dataset_management_url": "https://darwin.v7labs.com/datasets/538883/dataset-management"}, "item_id": "0183d477-5689-9d97-741d-1f65951a51fd", "team": {"name": "BioScout", "slug": "bioscout"}, "workview_url": "https://darwin.v7labs.com/workview?dataset=538883&item=0183d477-5689-9d97-741d-1f65951a51fd"}, "slots": [{"type": "image", "slot_name": "0", "width": 4064, "height": 3040, "thumbnail_url": "https://darwin.v7labs.com/api/v2/teams/bioscout/files/f04c9d0a-cc82-4924-bd3a-e5b364eeeb07/thumbnail", "source_files": [{"file_name": "6107_d11c1208-ebee-4569-a413-85a0355d556d_2022_01_13.jpeg", "url": "https://darwin.v7labs.com/api/v2/teams/bioscout/uploads/d517bcdf-b477-42a7-afc0-0344a4eab73d"}]}]}, "annotations": [{"bounding_box": {"h": 146.0, "w": 455.0, "x": 3511.0, "y": 38.0}, "id": "f6156073-eaea-465f-8dff-ed9e1dd4f731", "name": "Alternaria spp.", "slot_names": ["0"]}, {"bounding_box": {"h": 104.0, "w": 572.0, "x": 2300, "y": 260.0}, "id": "553da798-7036-4bbb-bee4-cdb516324380", "name": "Alternaria spp.", "slot_names": ["0"]}]}