{"version": "2.0", "schema_ref": "https://darwin-public.s3.eu-west-1.amazonaws.com/darwin_json_2_0.schema.json", "item": {"name": "6107_7dc72579-6925-4696-9e83-44b589a5814f_2022_01_06.jpeg", "path": "/", "source_info": {"dataset": {"name": "alternaria", "slug": "alternaria", "dataset_management_url": "https://darwin.v7labs.com/datasets/538883/dataset-management"}, "item_id": "0183d477-567e-846d-4b87-deb4cde7334c", "team": {"name": "BioScout", "slug": "bioscout"}, "workview_url": "https://darwin.v7labs.com/workview?dataset=538883&item=0183d477-567e-846d-4b87-deb4cde7334c"}, "slots": [{"type": "image", "slot_name": "0", "width": 4064, "height": 3040, "thumbnail_url": "https://darwin.v7labs.com/api/v2/teams/bioscout/files/ce119bc9-f57f-4828-91b0-5333f59b919a/thumbnail", "source_files": [{"file_name": "6107_7dc72579-6925-4696-9e83-44b589a5814f_2022_01_06.jpeg", "url": "https://darwin.v7labs.com/api/v2/teams/bioscout/uploads/2428295a-ac2c-4a20-af0a-9bc330ed3b56"}]}]}, "annotations": [{"bounding_box": {"h": 72.0, "w": 192.0, "x": 2296.0, "y": 1968.0}, "id": "78bbbe12-e89f-4e3b-9b81-85abed451555", "name": "Alternaria spp.", "slot_names": ["0"]}]}