{"version": "2.0", "schema_ref": "https://darwin-public.s3.eu-west-1.amazonaws.com/darwin_json_2_0.schema.json", "item": {"name": "6107_dac57d0e-cfa6-49e7-bb5b-36ec88839d73_2022_01_10.jpeg", "path": "/", "source_info": {"dataset": {"name": "alternaria", "slug": "alternaria", "dataset_management_url": "https://darwin.v7labs.com/datasets/538883/dataset-management"}, "item_id": "0183d477-568c-7175-4d94-71eebd7d25a5", "team": {"name": "BioScout", "slug": "bioscout"}, "workview_url": "https://darwin.v7labs.com/workview?dataset=538883&item=0183d477-568c-7175-4d94-71eebd7d25a5"}, "slots": [{"type": "image", "slot_name": "0", "width": 4064, "height": 3040, "thumbnail_url": "https://darwin.v7labs.com/api/v2/teams/bioscout/files/bfcb8839-eab0-4d99-8cbd-25b44a96d68f/thumbnail", "source_files": [{"file_name": "6107_dac57d0e-cfa6-49e7-bb5b-36ec88839d73_2022_01_10.jpeg", "url": "https://darwin.v7labs.com/api/v2/teams/bioscout/uploads/92d881bf-098f-498b-801c-99574a9d6cdc"}]}]}, "annotations": [{"bounding_box": {"h": 144.0, "w": 326.0, "x": 661.0, "y": 2871.0}, "id": "73762f71-7643-4a97-b86e-403b3e9de77f", "name": "Alternaria spp.", "slot_names": ["0"]}]}