{"version": "2.0", "schema_ref": "https://darwin-public.s3.eu-west-1.amazonaws.com/darwin_json_2_0.schema.json", "item": {"name": "6107_e3c82af0-461b-42ce-8555-e0b1fb11a81f_2022_01_01.jpeg", "path": "/", "source_info": {"dataset": {"name": "alternaria", "slug": "alternaria", "dataset_management_url": "https://darwin.v7labs.com/datasets/538883/dataset-management"}, "item_id": "0183d477-5683-8af5-c2e2-2545718da322", "team": {"name": "BioScout", "slug": "bioscout"}, "workview_url": "https://darwin.v7labs.com/workview?dataset=538883&item=0183d477-5683-8af5-c2e2-2545718da322"}, "slots": [{"type": "image", "slot_name": "0", "width": 4064, "height": 3040, "thumbnail_url": "https://darwin.v7labs.com/api/v2/teams/bioscout/files/4406f3a6-7f75-4472-a687-fa610d68233a/thumbnail", "source_files": [{"file_name": "6107_e3c82af0-461b-42ce-8555-e0b1fb11a81f_2022_01_01.jpeg", "url": "https://darwin.v7labs.com/api/v2/teams/bioscout/uploads/79287432-bca1-48fe-bc66-6fdc4933c8c3"}]}]}, "annotations": [{"bounding_box": {"h": 284.0, "w": 100.0, "x": 1108.0, "y": 1144.0}, "id": "eaed9e6c-8341-4302-978b-0fe085bd770c", "name": "Alternaria spp.", "slot_names": ["0"]}]}