{"version": "2.0", "schema_ref": "https://darwin-public.s3.eu-west-1.amazonaws.com/darwin_json_2_0.schema.json", "item": {"name": "6107_dd66a3c9-1fdc-46ae-968b-99b4ce2d70f9_2022_01_23.jpeg", "path": "/", "source_info": {"dataset": {"name": "alternaria", "slug": "alternaria", "dataset_management_url": "https://darwin.v7labs.com/datasets/538883/dataset-management"}, "item_id": "0183d477-602e-ae81-e3c1-bde2ec1659c2", "team": {"name": "BioScout", "slug": "bioscout"}, "workview_url": "https://darwin.v7labs.com/workview?dataset=538883&item=0183d477-602e-ae81-e3c1-bde2ec1659c2"}, "slots": [{"type": "image", "slot_name": "0", "width": 4064, "height": 3040, "thumbnail_url": "https://darwin.v7labs.com/api/v2/teams/bioscout/files/4da1a791-9165-420f-9609-b5bfe79efe4c/thumbnail", "source_files": [{"file_name": "6107_dd66a3c9-1fdc-46ae-968b-99b4ce2d70f9_2022_01_23.jpeg", "url": "https://darwin.v7labs.com/api/v2/teams/bioscout/uploads/cf82f0c3-f6b3-4cad-a1a9-818c4734dece"}]}]}, "annotations": [{"bounding_box": {"h": 154.0, "w": 242.0, "x": 2708.0, "y": 505.0}, "id": "0ec351a8-3937-40f5-9c19-58dd9d4af80e", "name": "Alternaria spp.", "slot_names": ["0"]}]}