{"version": "2.0", "schema_ref": "https://darwin-public.s3.eu-west-1.amazonaws.com/darwin_json_2_0.schema.json", "item": {"name": "6107_cd3de923-5637-4917-8907-d41806917f16_2022_01_23.jpeg", "path": "/", "source_info": {"dataset": {"name": "alternaria", "slug": "alternaria", "dataset_management_url": "https://darwin.v7labs.com/datasets/538883/dataset-management"}, "item_id": "0183d477-5686-716a-37d0-e502ab9b7155", "team": {"name": "BioScout", "slug": "bioscout"}, "workview_url": "https://darwin.v7labs.com/workview?dataset=538883&item=0183d477-5686-716a-37d0-e502ab9b7155"}, "slots": [{"type": "image", "slot_name": "0", "width": 4064, "height": 3040, "thumbnail_url": "https://darwin.v7labs.com/api/v2/teams/bioscout/files/f2b3baf6-cc7f-42c4-a562-2129481f5612/thumbnail", "source_files": [{"file_name": "6107_cd3de923-5637-4917-8907-d41806917f16_2022_01_23.jpeg", "url": "https://darwin.v7labs.com/api/v2/teams/bioscout/uploads/b5a3f7ed-e4e5-4241-8a99-d8be41c31588"}]}]}, "annotations": [{"bounding_box": {"h": 120.0, "w": 236.0, "x": 2772.0, "y": 644.0}, "id": "47198972-0c39-4522-bbb5-05bf89f9182d", "name": "Alternaria spp.", "slot_names": ["0"]}]}