{"version": "2.0", "schema_ref": "https://darwin-public.s3.eu-west-1.amazonaws.com/darwin_json_2_0.schema.json", "item": {"name": "6107_e33dd4b0-bc99-4289-8af4-573558dfee3d_2022_01_10.jpeg", "path": "/", "source_info": {"dataset": {"name": "alternaria", "slug": "alternaria", "dataset_management_url": "https://darwin.v7labs.com/datasets/538883/dataset-management"}, "item_id": "0183d477-5676-8b4e-d440-0685ae14821d", "team": {"name": "BioScout", "slug": "bioscout"}, "workview_url": "https://darwin.v7labs.com/workview?dataset=538883&item=0183d477-5676-8b4e-d440-0685ae14821d"}, "slots": [{"type": "image", "slot_name": "0", "width": 4064, "height": 3040, "thumbnail_url": "https://darwin.v7labs.com/api/v2/teams/bioscout/files/850e9c41-321b-4c37-8e80-cec36c3ded31/thumbnail", "source_files": [{"file_name": "6107_e33dd4b0-bc99-4289-8af4-573558dfee3d_2022_01_10.jpeg", "url": "https://darwin.v7labs.com/api/v2/teams/bioscout/uploads/2af2749a-5a53-4cc2-9c25-63637bf1beea"}]}]}, "annotations": [{"bounding_box": {"h": 276.0, "w": 120.0, "x": 2160.0, "y": 1508.0}, "id": "465c764c-0433-4dfc-bf4b-bc41448eedee", "name": "Alternaria spp.", "slot_names": ["0"]}]}