{"version": "2.0", "schema_ref": "https://darwin-public.s3.eu-west-1.amazonaws.com/darwin_json_2_0.schema.json", "item": {"name": "6107_e475a371-228b-4e77-913b-38e0579d2837_2022_01_23.jpeg", "path": "/", "source_info": {"dataset": {"name": "alternaria", "slug": "alternaria", "dataset_management_url": "https://darwin.v7labs.com/datasets/538883/dataset-management"}, "item_id": "0183d477-5676-d36f-fa97-0876ab051cdd", "team": {"name": "BioScout", "slug": "bioscout"}, "workview_url": "https://darwin.v7labs.com/workview?dataset=538883&item=0183d477-5676-d36f-fa97-0876ab051cdd"}, "slots": [{"type": "image", "slot_name": "0", "width": 4064, "height": 3040, "thumbnail_url": "https://darwin.v7labs.com/api/v2/teams/bioscout/files/c959a607-bfa2-4744-9f78-954b45beafc5/thumbnail", "source_files": [{"file_name": "6107_e475a371-228b-4e77-913b-38e0579d2837_2022_01_23.jpeg", "url": "https://darwin.v7labs.com/api/v2/teams/bioscout/uploads/fa5d4841-38bb-4755-84da-13cdf5c8e2a1"}]}]}, "annotations": [{"bounding_box": {"h": 190.0, "w": 112.0, "x": 984.0, "y": 728.0}, "id": "f48c4f0c-5eaa-4b66-90a7-599b087ffc61", "name": "Alternaria spp.", "slot_names": ["0"]}]}