{"version": "2.0", "schema_ref": "https://darwin-public.s3.eu-west-1.amazonaws.com/darwin_json_2_0.schema.json", "item": {"name": "6107_27f3f70b-ba56-4818-ae8a-065421eeba6b_2022_01_23.jpeg", "path": "/", "source_info": {"dataset": {"name": "alternaria", "slug": "alternaria", "dataset_management_url": "https://darwin.v7labs.com/datasets/538883/dataset-management"}, "item_id": "0183d477-5678-e5c8-4ae3-a29b834bd223", "team": {"name": "BioScout", "slug": "bioscout"}, "workview_url": "https://darwin.v7labs.com/workview?dataset=538883&item=0183d477-5678-e5c8-4ae3-a29b834bd223"}, "slots": [{"type": "image", "slot_name": "0", "width": 4064, "height": 3040, "thumbnail_url": "https://darwin.v7labs.com/api/v2/teams/bioscout/files/012e1c4f-1b7d-4a2e-a1f1-0d284be719eb/thumbnail", "source_files": [{"file_name": "6107_27f3f70b-ba56-4818-ae8a-065421eeba6b_2022_01_23.jpeg", "url": "https://darwin.v7labs.com/api/v2/teams/bioscout/uploads/f72bb954-151b-4ec5-a39c-7e260796e1a2"}]}]}, "annotations": [{"bounding_box": {"h": 145.0, "w": 324.0, "x": 1557.0, "y": 2017.0}, "id": "e9c173fb-31f9-4360-87b3-9558ec5d4cc9", "name": "Alternaria spp.", "slot_names": ["0"]}]}