{"version": "2.0", "schema_ref": "https://darwin-public.s3.eu-west-1.amazonaws.com/darwin_json_2_0.schema.json", "item": {"name": "6107_e7749b21-466e-4dfa-9a97-ea20355c8617_2022_01_13.jpeg", "path": "/", "source_info": {"dataset": {"name": "alternaria", "slug": "alternaria", "dataset_management_url": "https://darwin.v7labs.com/datasets/538883/dataset-management"}, "item_id": "0183d477-568a-81ec-7890-61e07a7f9665", "team": {"name": "BioScout", "slug": "bioscout"}, "workview_url": "https://darwin.v7labs.com/workview?dataset=538883&item=0183d477-568a-81ec-7890-61e07a7f9665"}, "slots": [{"type": "image", "slot_name": "0", "width": 4064, "height": 3040, "thumbnail_url": "https://darwin.v7labs.com/api/v2/teams/bioscout/files/80ffb210-ce54-4be3-bfaf-f6aca17d1f45/thumbnail", "source_files": [{"file_name": "6107_e7749b21-466e-4dfa-9a97-ea20355c8617_2022_01_13.jpeg", "url": "https://darwin.v7labs.com/api/v2/teams/bioscout/uploads/cce94685-80e4-4642-8875-09b143cc5d32"}]}]}, "annotations": [{"bounding_box": {"h": 201.0, "w": 264.0, "x": 3698.0, "y": 288.0}, "id": "06416497-195e-4cd2-b7b5-c5c8eb35ecc1", "name": "Alternaria spp.", "slot_names": ["0"]}]}