{"version": "2.0", "schema_ref": "https://darwin-public.s3.eu-west-1.amazonaws.com/darwin_json_2_0.schema.json", "item": {"name": "6107_e64a1873-2dec-46e9-8b1c-93215dcb2ebd_2022_01_15.jpeg", "path": "/", "source_info": {"dataset": {"name": "alternaria", "slug": "alternaria", "dataset_management_url": "https://darwin.v7labs.com/datasets/538883/dataset-management"}, "item_id": "0183d477-5676-ab25-bdd2-2d997806d803", "team": {"name": "BioScout", "slug": "bioscout"}, "workview_url": "https://darwin.v7labs.com/workview?dataset=538883&item=0183d477-5676-ab25-bdd2-2d997806d803"}, "slots": [{"type": "image", "slot_name": "0", "width": 4064, "height": 3040, "thumbnail_url": "https://darwin.v7labs.com/api/v2/teams/bioscout/files/bbf907a6-b3c0-4bc3-804b-0a59b0ded0ab/thumbnail", "source_files": [{"file_name": "6107_e64a1873-2dec-46e9-8b1c-93215dcb2ebd_2022_01_15.jpeg", "url": "https://darwin.v7labs.com/api/v2/teams/bioscout/uploads/27137eb1-7c35-45f7-9b98-d66a2afe418a"}]}]}, "annotations": [{"bounding_box": {"h": 329.0, "w": 128.0, "x": 373.0, "y": 222.0}, "id": "70c54467-2a7b-434f-9693-5894dca8072d", "name": "Alternaria spp.", "slot_names": ["0"]}, {"bounding_box": {"h": 208.0, "w": 108.0, "x": 851.0, "y": 729.0}, "id": "9c6e8da4-87ce-482b-bd68-8d1ad1889342", "name": "Alternaria spp.", "slot_names": ["0"]}]}