{"version": "2.0", "schema_ref": "https://darwin-public.s3.eu-west-1.amazonaws.com/darwin_json_2_0.schema.json", "item": {"name": "6107_0b9931b9-4e98-4379-9033-8e0f1dc0fe2c_2022_01_24.jpeg", "path": "/", "source_info": {"dataset": {"name": "alternaria", "slug": "alternaria", "dataset_management_url": "https://darwin.v7labs.com/datasets/538883/dataset-management"}, "item_id": "0183d477-602f-7787-ae08-4abfbfc1bfc0", "team": {"name": "BioScout", "slug": "bioscout"}, "workview_url": "https://darwin.v7labs.com/workview?dataset=538883&item=0183d477-602f-7787-ae08-4abfbfc1bfc0"}, "slots": [{"type": "image", "slot_name": "0", "width": 4064, "height": 3040, "thumbnail_url": "https://darwin.v7labs.com/api/v2/teams/bioscout/files/2cfa6652-add2-4f6b-8cce-014c4b7ceaee/thumbnail", "source_files": [{"file_name": "6107_0b9931b9-4e98-4379-9033-8e0f1dc0fe2c_2022_01_24.jpeg", "url": "https://darwin.v7labs.com/api/v2/teams/bioscout/uploads/66513f58-56b0-41b3-ba27-9cbf3fa6d512"}]}]}, "annotations": [{"bounding_box": {"h": 173.0, "w": 183.0, "x": 2509.0, "y": 1287.0}, "id": "02e2c5d1-1f24-468e-9f21-7d7ba200d678", "name": "Alternaria spp.", "slot_names": ["0"]}]}