{"version": "2.0", "schema_ref": "https://darwin-public.s3.eu-west-1.amazonaws.com/darwin_json_2_0.schema.json", "item": {"name": "6107_f4e02660-c5d5-4390-b681-0d55d0b273ae_2022_01_24.jpeg", "path": "/", "source_info": {"dataset": {"name": "alternaria", "slug": "alternaria", "dataset_management_url": "https://darwin.v7labs.com/datasets/538883/dataset-management"}, "item_id": "0183d477-567b-4fce-aa08-634f2a1db8a7", "team": {"name": "BioScout", "slug": "bioscout"}, "workview_url": "https://darwin.v7labs.com/workview?dataset=538883&item=0183d477-567b-4fce-aa08-634f2a1db8a7"}, "slots": [{"type": "image", "slot_name": "0", "width": 4064, "height": 3040, "thumbnail_url": "https://darwin.v7labs.com/api/v2/teams/bioscout/files/f179f8fb-811e-4b6f-a83e-89beb190132c/thumbnail", "source_files": [{"file_name": "6107_f4e02660-c5d5-4390-b681-0d55d0b273ae_2022_01_24.jpeg", "url": "https://darwin.v7labs.com/api/v2/teams/bioscout/uploads/4bda5856-0036-4c34-8287-c541ad4b89f4"}]}]}, "annotations": [{"bounding_box": {"h": 192.0, "w": 206.0, "x": 818.0, "y": 1961.0}, "id": "b65afce9-b4b2-42dc-a4b1-cdbf5b49484e", "name": "Alternaria spp.", "slot_names": ["0"]}, {"bounding_box": {"h": 162.0, "w": 215.0, "x": 1024.0, "y": 2065.0}, "id": "3980b897-b29a-4379-b235-225968e964f9", "name": "Alternaria spp.", "slot_names": ["0"]}]}