{"version": "2.0", "schema_ref": "https://darwin-public.s3.eu-west-1.amazonaws.com/darwin_json_2_0.schema.json", "item": {"name": "6107_3b8e3837-56cb-4c8a-b18e-5165e6171f4f_2022_01_10.jpeg", "path": "/", "source_info": {"dataset": {"name": "alternaria", "slug": "alternaria", "dataset_management_url": "https://darwin.v7labs.com/datasets/538883/dataset-management"}, "item_id": "0183d477-5689-de70-d5de-911ef0bdca36", "team": {"name": "BioScout", "slug": "bioscout"}, "workview_url": "https://darwin.v7labs.com/workview?dataset=538883&item=0183d477-5689-de70-d5de-911ef0bdca36"}, "slots": [{"type": "image", "slot_name": "0", "width": 4064, "height": 3040, "thumbnail_url": "https://darwin.v7labs.com/api/v2/teams/bioscout/files/0a971a32-79b3-48a5-8e37-d71fe6ec77a5/thumbnail", "source_files": [{"file_name": "6107_3b8e3837-56cb-4c8a-b18e-5165e6171f4f_2022_01_10.jpeg", "url": "https://darwin.v7labs.com/api/v2/teams/bioscout/uploads/73b7c423-1366-462d-ae40-de6352b8d86a"}]}]}, "annotations": [{"bounding_box": {"h": 211.0, "w": 324.0, "x": 3622.0, "y": 1031.0}, "id": "949b6676-aea2-41bf-8602-72cc2be8016b", "name": "Alternaria spp.", "slot_names": ["0"]}]}