{"version": "2.0", "schema_ref": "https://darwin-public.s3.eu-west-1.amazonaws.com/darwin_json_2_0.schema.json", "item": {"name": "6107_08b38242-d521-4325-9755-cc81a254ff82_2022_01_24.jpeg", "path": "/", "source_info": {"dataset": {"name": "alternaria", "slug": "alternaria", "dataset_management_url": "https://darwin.v7labs.com/datasets/538883/dataset-management"}, "item_id": "0183d477-6027-ea91-7eec-5faebf258c4e", "team": {"name": "BioScout", "slug": "bioscout"}, "workview_url": "https://darwin.v7labs.com/workview?dataset=538883&item=0183d477-6027-ea91-7eec-5faebf258c4e"}, "slots": [{"type": "image", "slot_name": "0", "width": 4064, "height": 3040, "thumbnail_url": "https://darwin.v7labs.com/api/v2/teams/bioscout/files/04687bbc-ce8a-4190-b153-5bbe3eef5659/thumbnail", "source_files": [{"file_name": "6107_08b38242-d521-4325-9755-cc81a254ff82_2022_01_24.jpeg", "url": "https://darwin.v7labs.com/api/v2/teams/bioscout/uploads/dde4aa89-8762-4ecf-a957-c3fee62299d8"}]}]}, "annotations": [{"bounding_box": {"h": 207.0, "w": 97.0, "x": 3151.0, "y": 1125.0}, "id": "ed07254d-25f6-422f-a501-c787065f65e3", "name": "Alternaria spp.", "slot_names": ["0"]}]}