{"version": "2.0", "schema_ref": "https://darwin-public.s3.eu-west-1.amazonaws.com/darwin_json_2_0.schema.json", "item": {"name": "6107_01eda888-7dc6-42ab-9d2b-55925186f735_2022_01_13.jpeg", "path": "/", "source_info": {"dataset": {"name": "alternaria", "slug": "alternaria", "dataset_management_url": "https://darwin.v7labs.com/datasets/538883/dataset-management"}, "item_id": "0183d477-5680-434c-1d67-0ada6592704b", "team": {"name": "BioScout", "slug": "bioscout"}, "workview_url": "https://darwin.v7labs.com/workview?dataset=538883&item=0183d477-5680-434c-1d67-0ada6592704b"}, "slots": [{"type": "image", "slot_name": "0", "width": 4064, "height": 3040, "thumbnail_url": "https://darwin.v7labs.com/api/v2/teams/bioscout/files/8f425d1f-04ae-477e-a373-e208884b6732/thumbnail", "source_files": [{"file_name": "6107_01eda888-7dc6-42ab-9d2b-55925186f735_2022_01_13.jpeg", "url": "https://darwin.v7labs.com/api/v2/teams/bioscout/uploads/50fa485f-35aa-417a-ac79-725009087200"}]}]}, "annotations": [{"bounding_box": {"h": 240.0, "w": 72.0, "x": 2248.0, "y": 1268.0}, "id": "43214dd0-675b-4cc4-9a53-109c889c7690", "name": "Alternaria spp.", "slot_names": ["0"]}]}