{"version": "2.0", "schema_ref": "https://darwin-public.s3.eu-west-1.amazonaws.com/darwin_json_2_0.schema.json", "item": {"name": "6107_aab4e8f1-9cf1-43a0-a828-6f8db8a20439_2022_01_24.jpeg", "path": "/", "source_info": {"dataset": {"name": "alternaria", "slug": "alternaria", "dataset_management_url": "https://darwin.v7labs.com/datasets/538883/dataset-management"}, "item_id": "0183d477-568a-892f-ec90-a813f5027bc7", "team": {"name": "BioScout", "slug": "bioscout"}, "workview_url": "https://darwin.v7labs.com/workview?dataset=538883&item=0183d477-568a-892f-ec90-a813f5027bc7"}, "slots": [{"type": "image", "slot_name": "0", "width": 4064, "height": 3040, "thumbnail_url": "https://darwin.v7labs.com/api/v2/teams/bioscout/files/181508bf-44ed-4552-b4d9-44893a1c9b37/thumbnail", "source_files": [{"file_name": "6107_aab4e8f1-9cf1-43a0-a828-6f8db8a20439_2022_01_24.jpeg", "url": "https://darwin.v7labs.com/api/v2/teams/bioscout/uploads/2aa312a4-6d14-4162-b600-970d41855523"}]}]}, "annotations": [{"bounding_box": {"h": 160.0, "w": 284.0, "x": 420.0, "y": 1304.0}, "id": "6459043b-db32-47b3-bb7e-53c3b6e7fc1f", "name": "Alternaria spp.", "slot_names": ["0"]}]}