{"version": "2.0", "schema_ref": "https://darwin-public.s3.eu-west-1.amazonaws.com/darwin_json_2_0.schema.json", "item": {"name": "6107_329e8aa4-37e2-4953-9253-f4b172726c93_2022_01_23.jpeg", "path": "/", "source_info": {"dataset": {"name": "alternaria", "slug": "alternaria", "dataset_management_url": "https://darwin.v7labs.com/datasets/538883/dataset-management"}, "item_id": "0183d477-567e-2c65-441b-9093d3657721", "team": {"name": "BioScout", "slug": "bioscout"}, "workview_url": "https://darwin.v7labs.com/workview?dataset=538883&item=0183d477-567e-2c65-441b-9093d3657721"}, "slots": [{"type": "image", "slot_name": "0", "width": 4064, "height": 3040, "thumbnail_url": "https://darwin.v7labs.com/api/v2/teams/bioscout/files/861fedef-ce9a-49e9-9e1d-ac4888cd6198/thumbnail", "source_files": [{"file_name": "6107_329e8aa4-37e2-4953-9253-f4b172726c93_2022_01_23.jpeg", "url": "https://darwin.v7labs.com/api/v2/teams/bioscout/uploads/8441b038-b6ae-45f3-9f8f-bf9a02de6508"}]}]}, "annotations": [{"bounding_box": {"h": 165.0, "w": 139.0, "x": 1149.0, "y": 1455.0}, "id": "89238fa9-1e9f-4641-8dca-1084fd2aea53", "name": "Alternaria spp.", "slot_names": ["0"]}]}