{"version": "2.0", "schema_ref": "https://darwin-public.s3.eu-west-1.amazonaws.com/darwin_json_2_0.schema.json", "item": {"name": "6107_3286095d-629f-4efa-811f-e16164d371a4_2022_01_13.jpeg", "path": "/", "source_info": {"dataset": {"name": "alternaria", "slug": "alternaria", "dataset_management_url": "https://darwin.v7labs.com/datasets/538883/dataset-management"}, "item_id": "0183d477-567d-ccec-54f8-79c53c814d8b", "team": {"name": "BioScout", "slug": "bioscout"}, "workview_url": "https://darwin.v7labs.com/workview?dataset=538883&item=0183d477-567d-ccec-54f8-79c53c814d8b"}, "slots": [{"type": "image", "slot_name": "0", "width": 4064, "height": 3040, "thumbnail_url": "https://darwin.v7labs.com/api/v2/teams/bioscout/files/abb8a111-d990-4b27-a6e8-600439c28d3c/thumbnail", "source_files": [{"file_name": "6107_3286095d-629f-4efa-811f-e16164d371a4_2022_01_13.jpeg", "url": "https://darwin.v7labs.com/api/v2/teams/bioscout/uploads/b0c652e8-eac8-46b3-80d3-b439a32aec9a"}]}]}, "annotations": [{"bounding_box": {"h": 180.0, "w": 96.0, "x": 2164.0, "y": 528.0}, "id": "c14bdb39-5ab5-4b7d-b193-7364210f2d33", "name": "Alternaria spp.", "slot_names": ["0"]}]}