{"version": "2.0", "schema_ref": "https://darwin-public.s3.eu-west-1.amazonaws.com/darwin_json_2_0.schema.json", "item": {"name": "6107_08abcbdf-7edb-4a6f-97ee-b7eefd4104b7_2022_01_24.jpeg", "path": "/", "source_info": {"dataset": {"name": "alternaria", "slug": "alternaria", "dataset_management_url": "https://darwin.v7labs.com/datasets/538883/dataset-management"}, "item_id": "0183d477-602c-2f8f-8eb8-b2164c5ebf4e", "team": {"name": "BioScout", "slug": "bioscout"}, "workview_url": "https://darwin.v7labs.com/workview?dataset=538883&item=0183d477-602c-2f8f-8eb8-b2164c5ebf4e"}, "slots": [{"type": "image", "slot_name": "0", "width": 4064, "height": 3040, "thumbnail_url": "https://darwin.v7labs.com/api/v2/teams/bioscout/files/2bddde6e-1a33-4343-8f95-4230d234bbf7/thumbnail", "source_files": [{"file_name": "6107_08abcbdf-7edb-4a6f-97ee-b7eefd4104b7_2022_01_24.jpeg", "url": "https://darwin.v7labs.com/api/v2/teams/bioscout/uploads/bbb5c660-668d-4d12-b87c-6feccc8c6200"}]}]}, "annotations": [{"bounding_box": {"h": 152.0, "w": 408.0, "x": 1008.0, "y": 1764.0}, "id": "cf586f9a-64dc-4fd7-8a71-5ca43fccf6a8", "name": "Alternaria spp.", "slot_names": ["0"]}, {"bounding_box": {"h": 236.0, "w": 148.0, "x": 1688.0, "y": 1588.0}, "id": "83ab78cb-f3e7-42d9-a5e0-4094347c2de8", "name": "Alternaria spp.", "slot_names": ["0"]}]}