{"version": "2.0", "schema_ref": "https://darwin-public.s3.eu-west-1.amazonaws.com/darwin_json_2_0.schema.json", "item": {"name": "7002_56adbd0a-64e1-42a1-a6ad-f554c5057b22_2022_01_14.jpeg", "path": "/", "source_info": {"dataset": {"name": "alternaria", "slug": "alternaria", "dataset_management_url": "https://darwin.v7labs.com/datasets/538883/dataset-management"}, "item_id": "0183d477-5683-ecf1-5af1-9e50fde15aab", "team": {"name": "BioScout", "slug": "bioscout"}, "workview_url": "https://darwin.v7labs.com/workview?dataset=538883&item=0183d477-5683-ecf1-5af1-9e50fde15aab"}, "slots": [{"type": "image", "slot_name": "0", "width": 4064, "height": 3040, "thumbnail_url": "https://darwin.v7labs.com/api/v2/teams/bioscout/files/ab37bfc5-52bb-4dbf-b39f-2a53e7c7e462/thumbnail", "source_files": [{"file_name": "7002_56adbd0a-64e1-42a1-a6ad-f554c5057b22_2022_01_14.jpeg", "url": "https://darwin.v7labs.com/api/v2/teams/bioscout/uploads/a2c7e334-3fa8-4379-9027-7eef24bd3172"}]}]}, "annotations": [{"bounding_box": {"h": 103.0, "w": 325.0, "x": 3039.0, "y": 1259.0}, "id": "17ff7710-1511-498a-b3ec-9858d46c50ef", "name": "Alternaria spp.", "slot_names": ["0"]}]}