{"version": "2.0", "schema_ref": "https://darwin-public.s3.eu-west-1.amazonaws.com/darwin_json_2_0.schema.json", "item": {"name": "7002_b6eeda75-816b-4ef7-92e0-dd2b69473d07_2022_01_15.jpeg", "path": "/", "source_info": {"dataset": {"name": "alternaria", "slug": "alternaria", "dataset_management_url": "https://darwin.v7labs.com/datasets/538883/dataset-management"}, "item_id": "0183d477-5679-7538-299b-d0b8859658e9", "team": {"name": "BioScout", "slug": "bioscout"}, "workview_url": "https://darwin.v7labs.com/workview?dataset=538883&item=0183d477-5679-7538-299b-d0b8859658e9"}, "slots": [{"type": "image", "slot_name": "0", "width": 4064, "height": 3040, "thumbnail_url": "https://darwin.v7labs.com/api/v2/teams/bioscout/files/c4e3d6ad-5485-4c18-bcbd-32057727b4f6/thumbnail", "source_files": [{"file_name": "7002_b6eeda75-816b-4ef7-92e0-dd2b69473d07_2022_01_15.jpeg", "url": "https://darwin.v7labs.com/api/v2/teams/bioscout/uploads/5ce65a90-acbc-46b6-9d8a-2fd5d0de3350"}]}]}, "annotations": [{"bounding_box": {"h": 151.0, "w": 374.0, "x": 2.0, "y": 13.0}, "id": "29b3a51c-23e8-48f7-bef7-576754cdb920", "name": "Alternaria spp.", "slot_names": ["0"]}]}