{"version": "2.0", "schema_ref": "https://darwin-public.s3.eu-west-1.amazonaws.com/darwin_json_2_0.schema.json", "item": {"name": "7002_e5089e18-e0a9-45d3-a94d-dbfe4df58029_2022_01_21.jpeg", "path": "/", "source_info": {"dataset": {"name": "alternaria", "slug": "alternaria", "dataset_management_url": "https://darwin.v7labs.com/datasets/538883/dataset-management"}, "item_id": "0183d477-5678-a5f5-8f9c-c60a2fa59c6d", "team": {"name": "BioScout", "slug": "bioscout"}, "workview_url": "https://darwin.v7labs.com/workview?dataset=538883&item=0183d477-5678-a5f5-8f9c-c60a2fa59c6d"}, "slots": [{"type": "image", "slot_name": "0", "width": 4064, "height": 3040, "thumbnail_url": "https://darwin.v7labs.com/api/v2/teams/bioscout/files/8355f120-9c7d-4aa8-addc-9e80ac041693/thumbnail", "source_files": [{"file_name": "7002_e5089e18-e0a9-45d3-a94d-dbfe4df58029_2022_01_21.jpeg", "url": "https://darwin.v7labs.com/api/v2/teams/bioscout/uploads/1378e687-7b81-4777-8a2f-088cadfb67d7"}]}]}, "annotations": [{"bounding_box": {"h": 148.0, "w": 249.0, "x": 3544.0, "y": 2756.0}, "id": "47f06764-f9c4-4f71-957e-ac6e17776469", "name": "Alternaria spp.", "slot_names": ["0"]}, {"bounding_box": {"h": 117.0, "w": 245.0, "x": 1292.0, "y": 2323.0}, "id": "1c56ed47-e6da-4739-b376-801c5335f4b5", "name": "Alternaria spp.", "slot_names": ["0"]}, {"bounding_box": {"h": 149.0, "w": 278.0, "x": 2414.0, "y": 2558.0}, "id": "d595660e-1b4e-4b53-bdda-7b82fe0fafb3", "name": "Alternaria spp.", "slot_names": ["0"]}, {"bounding_box": {"h": 138.0, "w": 315.0, "x": 772.0, "y": 1866.0}, "id": "d775e7ac-0388-48f5-b972-adcb92c035dd", "name": "Alternaria spp.", "slot_names": ["0"]}]}