{"version": "2.0", "schema_ref": "https://darwin-public.s3.eu-west-1.amazonaws.com/darwin_json_2_0.schema.json", "item": {"name": "7002_68d6e40e-2ed1-4321-9342-712ae92f857a_2022_01_28.jpeg", "path": "/", "source_info": {"dataset": {"name": "alternaria", "slug": "alternaria", "dataset_management_url": "https://darwin.v7labs.com/datasets/538883/dataset-management"}, "item_id": "0183d477-5683-3920-f43b-fe988441748f", "team": {"name": "BioScout", "slug": "bioscout"}, "workview_url": "https://darwin.v7labs.com/workview?dataset=538883&item=0183d477-5683-3920-f43b-fe988441748f"}, "slots": [{"type": "image", "slot_name": "0", "width": 4064, "height": 3040, "thumbnail_url": "https://darwin.v7labs.com/api/v2/teams/bioscout/files/62c6d84f-73b7-4dae-a340-006b70898cbf/thumbnail", "source_files": [{"file_name": "7002_68d6e40e-2ed1-4321-9342-712ae92f857a_2022_01_28.jpeg", "url": "https://darwin.v7labs.com/api/v2/teams/bioscout/uploads/bc09694f-bcb2-4018-91d3-58b4a5fbbdcd"}]}]}, "annotations": [{"bounding_box": {"h": 148.0, "w": 196.0, "x": 2959.0, "y": 474.0}, "id": "9f745220-9b01-43d5-8756-d33e88589f5b", "name": "Alternaria spp.", "slot_names": ["0"]}]}