{"version": "2.0", "schema_ref": "https://darwin-public.s3.eu-west-1.amazonaws.com/darwin_json_2_0.schema.json", "item": {"name": "7002_c7191b45-5937-49d6-ada9-0adfd5bbb770_2022_01_28.jpeg", "path": "/", "source_info": {"dataset": {"name": "alternaria", "slug": "alternaria", "dataset_management_url": "https://darwin.v7labs.com/datasets/538883/dataset-management"}, "item_id": "0183d477-567c-f4cc-714e-1f8444dc8acc", "team": {"name": "BioScout", "slug": "bioscout"}, "workview_url": "https://darwin.v7labs.com/workview?dataset=538883&item=0183d477-567c-f4cc-714e-1f8444dc8acc"}, "slots": [{"type": "image", "slot_name": "0", "width": 4064, "height": 3040, "thumbnail_url": "https://darwin.v7labs.com/api/v2/teams/bioscout/files/152e13e8-bc08-44b7-ba96-25d62b35c697/thumbnail", "source_files": [{"file_name": "7002_c7191b45-5937-49d6-ada9-0adfd5bbb770_2022_01_28.jpeg", "url": "https://darwin.v7labs.com/api/v2/teams/bioscout/uploads/e9b49817-27f7-4e6d-9c0f-4d9e02713101"}]}]}, "annotations": [{"bounding_box": {"h": 262.0, "w": 348.0, "x": 1799.0, "y": 2458.0}, "id": "2ddcbd9b-85ec-4712-907e-4fe6e12c2e1a", "name": "Alternaria spp.", "slot_names": ["0"]}, {"bounding_box": {"h": 318.0, "w": 233.0, "x": 551.0, "y": 2722.0}, "id": "ec749b95-8f01-41e4-8867-5980c8b858c3", "name": "Alternaria spp.", "slot_names": ["0"]}]}