{"version": "2.0", "schema_ref": "https://darwin-public.s3.eu-west-1.amazonaws.com/darwin_json_2_0.schema.json", "item": {"name": "7002_ddb102fe-5094-4f3d-aef6-0ef36ba46290_2022_01_12.jpeg", "path": "/", "source_info": {"dataset": {"name": "alternaria", "slug": "alternaria", "dataset_management_url": "https://darwin.v7labs.com/datasets/538883/dataset-management"}, "item_id": "0183d477-5676-9b7e-dab1-2ca17c4f7d2e", "team": {"name": "BioScout", "slug": "bioscout"}, "workview_url": "https://darwin.v7labs.com/workview?dataset=538883&item=0183d477-5676-9b7e-dab1-2ca17c4f7d2e"}, "slots": [{"type": "image", "slot_name": "0", "width": 4064, "height": 3040, "thumbnail_url": "https://darwin.v7labs.com/api/v2/teams/bioscout/files/ada8578f-ecf6-4df5-b242-a5125a3f29a3/thumbnail", "source_files": [{"file_name": "7002_ddb102fe-5094-4f3d-aef6-0ef36ba46290_2022_01_12.jpeg", "url": "https://darwin.v7labs.com/api/v2/teams/bioscout/uploads/d9d63b40-d2ee-4114-a146-d2fc6b410def"}]}]}, "annotations": [{"bounding_box": {"h": 188.0, "w": 255.0, "x": 3347.0, "y": 2687.0}, "id": "01cd27a1-4115-4ae6-8758-55a4ada66745", "name": "Alternaria spp.", "slot_names": ["0"]}]}