{"version": "2.0", "schema_ref": "https://darwin-public.s3.eu-west-1.amazonaws.com/darwin_json_2_0.schema.json", "item": {"name": "7002_be235897-2681-4bf2-a49d-5f16dd2e4b23_2022_01_21.jpeg", "path": "/", "source_info": {"dataset": {"name": "alternaria", "slug": "alternaria", "dataset_management_url": "https://darwin.v7labs.com/datasets/538883/dataset-management"}, "item_id": "0183d477-6030-a01c-3a52-74bb6506baa5", "team": {"name": "BioScout", "slug": "bioscout"}, "workview_url": "https://darwin.v7labs.com/workview?dataset=538883&item=0183d477-6030-a01c-3a52-74bb6506baa5"}, "slots": [{"type": "image", "slot_name": "0", "width": 4064, "height": 3040, "thumbnail_url": "https://darwin.v7labs.com/api/v2/teams/bioscout/files/3c62675c-2367-4502-a7e1-fcc999c94789/thumbnail", "source_files": [{"file_name": "7002_be235897-2681-4bf2-a49d-5f16dd2e4b23_2022_01_21.jpeg", "url": "https://darwin.v7labs.com/api/v2/teams/bioscout/uploads/26f67817-6d5a-4a9a-ac7a-b9e94010e7df"}]}]}, "annotations": [{"bounding_box": {"h": 145.0, "w": 92.0, "x": 2584.0, "y": 78.0}, "id": "685882a9-ab54-417c-88da-b78e3741392c", "name": "Alternaria spp.", "slot_names": ["0"]}]}