{"version": "2.0", "schema_ref": "https://darwin-public.s3.eu-west-1.amazonaws.com/darwin_json_2_0.schema.json", "item": {"name": "7002_6130be0e-2eb8-4dec-8f3a-80b4ade03fb5_2022_01_09.jpeg", "path": "/", "source_info": {"dataset": {"name": "alternaria", "slug": "alternaria", "dataset_management_url": "https://darwin.v7labs.com/datasets/538883/dataset-management"}, "item_id": "0183d477-568c-ad42-3020-d3561b9be7ad", "team": {"name": "BioScout", "slug": "bioscout"}, "workview_url": "https://darwin.v7labs.com/workview?dataset=538883&item=0183d477-568c-ad42-3020-d3561b9be7ad"}, "slots": [{"type": "image", "slot_name": "0", "width": 4064, "height": 3040, "thumbnail_url": "https://darwin.v7labs.com/api/v2/teams/bioscout/files/97895fa3-73b7-43df-b11f-5e78701677a6/thumbnail", "source_files": [{"file_name": "7002_6130be0e-2eb8-4dec-8f3a-80b4ade03fb5_2022_01_09.jpeg", "url": "https://darwin.v7labs.com/api/v2/teams/bioscout/uploads/69d7d26a-3d65-4400-b888-dea7e76fdf24"}]}]}, "annotations": [{"bounding_box": {"h": 94.0, "w": 335.0, "x": 2061.0, "y": 560.0}, "id": "c382b211-9080-4b55-a8f3-a2ae54e58127", "name": "Alternaria spp.", "slot_names": ["0"]}]}