{"version": "2.0", "schema_ref": "https://darwin-public.s3.eu-west-1.amazonaws.com/darwin_json_2_0.schema.json", "item": {"name": "7002_50a76fac-6988-438f-9611-c43b92faf7ee_2022_01_09.jpeg", "path": "/", "source_info": {"dataset": {"name": "alternaria", "slug": "alternaria", "dataset_management_url": "https://darwin.v7labs.com/datasets/538883/dataset-management"}, "item_id": "0183d477-567a-9eb7-1a58-dd35700c399d", "team": {"name": "BioScout", "slug": "bioscout"}, "workview_url": "https://darwin.v7labs.com/workview?dataset=538883&item=0183d477-567a-9eb7-1a58-dd35700c399d"}, "slots": [{"type": "image", "slot_name": "0", "width": 4064, "height": 3040, "thumbnail_url": "https://darwin.v7labs.com/api/v2/teams/bioscout/files/db6ba8e6-23f5-4c44-aa47-ad496a8504c0/thumbnail", "source_files": [{"file_name": "7002_50a76fac-6988-438f-9611-c43b92faf7ee_2022_01_09.jpeg", "url": "https://darwin.v7labs.com/api/v2/teams/bioscout/uploads/c2171d9c-5db8-4d88-af58-c7bd93a510a9"}]}]}, "annotations": [{"bounding_box": {"h": 105.0, "w": 247.0, "x": 614.0, "y": 428.0}, "id": "ddcc4665-8ba2-435a-abd4-5014e0db99d4", "name": "Alternaria spp.", "slot_names": ["0"]}]}