{"version": "2.0", "schema_ref": "https://darwin-public.s3.eu-west-1.amazonaws.com/darwin_json_2_0.schema.json", "item": {"name": "7002_10d82766-b63c-448c-817f-1ab3791855c4_2022_01_15.jpeg", "path": "/", "source_info": {"dataset": {"name": "alternaria", "slug": "alternaria", "dataset_management_url": "https://darwin.v7labs.com/datasets/538883/dataset-management"}, "item_id": "0183d477-567b-fcb8-2730-ca8efd8ac954", "team": {"name": "BioScout", "slug": "bioscout"}, "workview_url": "https://darwin.v7labs.com/workview?dataset=538883&item=0183d477-567b-fcb8-2730-ca8efd8ac954"}, "slots": [{"type": "image", "slot_name": "0", "width": 4064, "height": 3040, "thumbnail_url": "https://darwin.v7labs.com/api/v2/teams/bioscout/files/eb84d038-f7ab-4862-a38f-15e57779e031/thumbnail", "source_files": [{"file_name": "7002_10d82766-b63c-448c-817f-1ab3791855c4_2022_01_15.jpeg", "url": "https://darwin.v7labs.com/api/v2/teams/bioscout/uploads/aa6a8363-7892-46a3-bd2f-b9756fb77704"}]}]}, "annotations": [{"bounding_box": {"h": 176.0, "w": 217.0, "x": 1503.0, "y": 1945.0}, "id": "03f07901-b1cb-42fd-857e-9b4a44180fca", "name": "Alternaria spp.", "slot_names": ["0"]}]}