{"version": "2.0", "schema_ref": "https://darwin-public.s3.eu-west-1.amazonaws.com/darwin_json_2_0.schema.json", "item": {"name": "7002_78141c4d-f298-4e7f-a8fb-b28a3b9b104e_2022_01_21.jpeg", "path": "/", "source_info": {"dataset": {"name": "alternaria", "slug": "alternaria", "dataset_management_url": "https://darwin.v7labs.com/datasets/538883/dataset-management"}, "item_id": "0183d477-568c-e263-e963-67fa93e965b4", "team": {"name": "BioScout", "slug": "bioscout"}, "workview_url": "https://darwin.v7labs.com/workview?dataset=538883&item=0183d477-568c-e263-e963-67fa93e965b4"}, "slots": [{"type": "image", "slot_name": "0", "width": 4064, "height": 3040, "thumbnail_url": "https://darwin.v7labs.com/api/v2/teams/bioscout/files/a70522c8-2fde-4949-b551-8be5e68b3199/thumbnail", "source_files": [{"file_name": "7002_78141c4d-f298-4e7f-a8fb-b28a3b9b104e_2022_01_21.jpeg", "url": "https://darwin.v7labs.com/api/v2/teams/bioscout/uploads/4f0608df-5da4-480e-b69d-1dac6d135155"}]}]}, "annotations": [{"bounding_box": {"h": 251.0, "w": 186.0, "x": 666.0, "y": 1086.0}, "id": "569dd3df-1e0a-44a5-90f8-cff5fbcd6341", "name": "Alternaria spp.", "slot_names": ["0"]}]}