{"version": "2.0", "schema_ref": "https://darwin-public.s3.eu-west-1.amazonaws.com/darwin_json_2_0.schema.json", "item": {"name": "7002_49e4e2f5-d087-4f6b-8ee6-0bf22eba723f_2022_01_15.jpeg", "path": "/", "source_info": {"dataset": {"name": "alternaria", "slug": "alternaria", "dataset_management_url": "https://darwin.v7labs.com/datasets/538883/dataset-management"}, "item_id": "0183d477-602c-af25-ef5a-1d93d42fa6f8", "team": {"name": "BioScout", "slug": "bioscout"}, "workview_url": "https://darwin.v7labs.com/workview?dataset=538883&item=0183d477-602c-af25-ef5a-1d93d42fa6f8"}, "slots": [{"type": "image", "slot_name": "0", "width": 4064, "height": 3040, "thumbnail_url": "https://darwin.v7labs.com/api/v2/teams/bioscout/files/ebee2b15-4297-4866-a27e-914f8dd00539/thumbnail", "source_files": [{"file_name": "7002_49e4e2f5-d087-4f6b-8ee6-0bf22eba723f_2022_01_15.jpeg", "url": "https://darwin.v7labs.com/api/v2/teams/bioscout/uploads/bbaae007-8bb5-4dbc-b079-70a326cf46b3"}]}]}, "annotations": [{"bounding_box": {"h": 208.0, "w": 220.0, "x": 3354.0, "y": 1488.0}, "id": "693a00fe-1892-49ad-a118-efa37cd37410", "name": "Alternaria spp.", "slot_names": ["0"]}]}