{"version": "2.0", "schema_ref": "https://darwin-public.s3.eu-west-1.amazonaws.com/darwin_json_2_0.schema.json", "item": {"name": "7002_e974b558-56b4-43bd-9a35-1183a6401300_2022_01_27.jpeg", "path": "/", "source_info": {"dataset": {"name": "alternaria", "slug": "alternaria", "dataset_management_url": "https://darwin.v7labs.com/datasets/538883/dataset-management"}, "item_id": "0183d477-5686-03a0-0c46-fd0ef1c38b11", "team": {"name": "BioScout", "slug": "bioscout"}, "workview_url": "https://darwin.v7labs.com/workview?dataset=538883&item=0183d477-5686-03a0-0c46-fd0ef1c38b11"}, "slots": [{"type": "image", "slot_name": "0", "width": 4064, "height": 3040, "thumbnail_url": "https://darwin.v7labs.com/api/v2/teams/bioscout/files/dda5140d-ceec-4470-84c2-43697a5265f0/thumbnail", "source_files": [{"file_name": "7002_e974b558-56b4-43bd-9a35-1183a6401300_2022_01_27.jpeg", "url": "https://darwin.v7labs.com/api/v2/teams/bioscout/uploads/9b6c6852-4d98-4ff7-ab56-4702683c6320"}]}]}, "annotations": [{"bounding_box": {"h": 194.0, "w": 334.0, "x": 849.0, "y": 1478.0}, "id": "5997fdbf-f7fb-45c7-a4bf-5f07b1e5c852", "name": "Alternaria spp.", "slot_names": ["0"]}, {"bounding_box": {"h": 272.0, "w": 136.0, "x": 179.0, "y": 1962.0}, "id": "06c499c0-8b1a-4892-9a27-9f7caa71b4e9", "name": "Alternaria spp.", "slot_names": ["0"]}]}