{"version": "2.0", "schema_ref": "https://darwin-public.s3.eu-west-1.amazonaws.com/darwin_json_2_0.schema.json", "item": {"name": "7002_a17a7f63-c949-4a97-9b1b-f96d38ae4ef8_2022_01_09.jpeg", "path": "/", "source_info": {"dataset": {"name": "alternaria", "slug": "alternaria", "dataset_management_url": "https://darwin.v7labs.com/datasets/538883/dataset-management"}, "item_id": "0183d477-5683-bff0-2d2f-7964e92817c6", "team": {"name": "BioScout", "slug": "bioscout"}, "workview_url": "https://darwin.v7labs.com/workview?dataset=538883&item=0183d477-5683-bff0-2d2f-7964e92817c6"}, "slots": [{"type": "image", "slot_name": "0", "width": 4064, "height": 3040, "thumbnail_url": "https://darwin.v7labs.com/api/v2/teams/bioscout/files/65ddec86-aa57-4ca9-8a7b-9515bb0491a2/thumbnail", "source_files": [{"file_name": "7002_a17a7f63-c949-4a97-9b1b-f96d38ae4ef8_2022_01_09.jpeg", "url": "https://darwin.v7labs.com/api/v2/teams/bioscout/uploads/9682b8f1-2191-430d-af03-139d55a6b98c"}]}]}, "annotations": [{"bounding_box": {"h": 150.0, "w": 230.0, "x": 9.0, "y": 1700}, "id": "b7d769d0-cd18-4d35-8891-fd22c82421b0", "name": "Alternaria spp.", "slot_names": ["0"]}, {"bounding_box": {"h": 139.0, "w": 226.0, "x": 570.0, "y": 2359.0}, "id": "f2c0b61b-9ec6-4798-9922-11b3617ea7d6", "name": "Alternaria spp.", "slot_names": ["0"]}]}