{"version": "2.0", "schema_ref": "https://darwin-public.s3.eu-west-1.amazonaws.com/darwin_json_2_0.schema.json", "item": {"name": "7002_094c2428-2547-4013-8084-82935949e90d_2022_01_03.jpeg", "path": "/", "source_info": {"dataset": {"name": "alternaria", "slug": "alternaria", "dataset_management_url": "https://darwin.v7labs.com/datasets/538883/dataset-management"}, "item_id": "0183d477-5679-8b91-8761-5488c0b9fac9", "team": {"name": "BioScout", "slug": "bioscout"}, "workview_url": "https://darwin.v7labs.com/workview?dataset=538883&item=0183d477-5679-8b91-8761-5488c0b9fac9"}, "slots": [{"type": "image", "slot_name": "0", "width": 4064, "height": 3040, "thumbnail_url": "https://darwin.v7labs.com/api/v2/teams/bioscout/files/975a5f0d-b70b-4388-8db9-92b55fa532cd/thumbnail", "source_files": [{"file_name": "7002_094c2428-2547-4013-8084-82935949e90d_2022_01_03.jpeg", "url": "https://darwin.v7labs.com/api/v2/teams/bioscout/uploads/d78d0d65-a0f5-4daf-bfec-2a00fd9392e8"}]}]}, "annotations": [{"bounding_box": {"h": 141.0, "w": 339.0, "x": 3616.0, "y": 2114.0}, "id": "4c865230-7528-45f6-9eef-601eeefe5834", "name": "Alternaria spp.", "slot_names": ["0"]}]}