{"version": "2.0", "schema_ref": "https://darwin-public.s3.eu-west-1.amazonaws.com/darwin_json_2_0.schema.json", "item": {"name": "7002_8525ad49-859f-4a85-887a-8bb6cb73ace0_2022_01_11.jpeg", "path": "/", "source_info": {"dataset": {"name": "alternaria", "slug": "alternaria", "dataset_management_url": "https://darwin.v7labs.com/datasets/538883/dataset-management"}, "item_id": "0183d477-5680-0c4f-6612-9ba43ab02271", "team": {"name": "BioScout", "slug": "bioscout"}, "workview_url": "https://darwin.v7labs.com/workview?dataset=538883&item=0183d477-5680-0c4f-6612-9ba43ab02271"}, "slots": [{"type": "image", "slot_name": "0", "width": 4064, "height": 3040, "thumbnail_url": "https://darwin.v7labs.com/api/v2/teams/bioscout/files/7db24a6b-2c03-4632-b26b-75da0f2633d9/thumbnail", "source_files": [{"file_name": "7002_8525ad49-859f-4a85-887a-8bb6cb73ace0_2022_01_11.jpeg", "url": "https://darwin.v7labs.com/api/v2/teams/bioscout/uploads/7cb751df-e919-4366-ae51-9be43deccdcd"}]}]}, "annotations": [{"bounding_box": {"h": 154.0, "w": 276.0, "x": 3297.0, "y": 1171.0}, "id": "6aff3eb3-52e1-4b2a-9888-0e53e17ca15f", "name": "Alternaria spp.", "slot_names": ["0"]}]}