{"version": "2.0", "schema_ref": "https://darwin-public.s3.eu-west-1.amazonaws.com/darwin_json_2_0.schema.json", "item": {"name": "7002_a1ac929e-b3cd-4be6-a973-84516bced10d_2022_01_20.jpeg", "path": "/", "source_info": {"dataset": {"name": "alternaria", "slug": "alternaria", "dataset_management_url": "https://darwin.v7labs.com/datasets/538883/dataset-management"}, "item_id": "0183d477-6027-8823-48f2-599f06179c87", "team": {"name": "BioScout", "slug": "bioscout"}, "workview_url": "https://darwin.v7labs.com/workview?dataset=538883&item=0183d477-6027-8823-48f2-599f06179c87"}, "slots": [{"type": "image", "slot_name": "0", "width": 4064, "height": 3040, "thumbnail_url": "https://darwin.v7labs.com/api/v2/teams/bioscout/files/8238fe62-3278-4de4-b1e7-3369066279b9/thumbnail", "source_files": [{"file_name": "7002_a1ac929e-b3cd-4be6-a973-84516bced10d_2022_01_20.jpeg", "url": "https://darwin.v7labs.com/api/v2/teams/bioscout/uploads/641c091c-f64e-44ad-9fe3-5cc5f8123722"}]}]}, "annotations": [{"bounding_box": {"h": 381.0, "w": 266.0, "x": 3083.0, "y": 2095.0}, "id": "303708a5-23b3-4b56-845b-d09f9f43cb31", "name": "Alternaria spp.", "slot_names": ["0"]}]}