{"version": "2.0", "schema_ref": "https://darwin-public.s3.eu-west-1.amazonaws.com/darwin_json_2_0.schema.json", "item": {"name": "7002_e1caea7a-f444-414a-82bb-8475068eac1e_2022_01_14.jpeg", "path": "/", "source_info": {"dataset": {"name": "alternaria", "slug": "alternaria", "dataset_management_url": "https://darwin.v7labs.com/datasets/538883/dataset-management"}, "item_id": "0183d477-5676-424a-e9b9-93fcd2a2730d", "team": {"name": "BioScout", "slug": "bioscout"}, "workview_url": "https://darwin.v7labs.com/workview?dataset=538883&item=0183d477-5676-424a-e9b9-93fcd2a2730d"}, "slots": [{"type": "image", "slot_name": "0", "width": 4064, "height": 3040, "thumbnail_url": "https://darwin.v7labs.com/api/v2/teams/bioscout/files/ec26f6d9-66bb-4293-a827-d143fe3594f6/thumbnail", "source_files": [{"file_name": "7002_e1caea7a-f444-414a-82bb-8475068eac1e_2022_01_14.jpeg", "url": "https://darwin.v7labs.com/api/v2/teams/bioscout/uploads/d8c4cb33-d988-4c91-b2e5-f5fc29e392cb"}]}]}, "annotations": [{"bounding_box": {"h": 141.0, "w": 241.0, "x": 2952.0, "y": 434.0}, "id": "67315cb8-435e-4b03-b8ae-724ddb3a2e4b", "name": "Alternaria spp.", "slot_names": ["0"]}]}