{"version": "2.0", "schema_ref": "https://darwin-public.s3.eu-west-1.amazonaws.com/darwin_json_2_0.schema.json", "item": {"name": "7002_0306934d-4f4b-4c04-8d30-347e04a6b6dc_2022_01_26.jpeg", "path": "/", "source_info": {"dataset": {"name": "alternaria", "slug": "alternaria", "dataset_management_url": "https://darwin.v7labs.com/datasets/538883/dataset-management"}, "item_id": "0183d477-5676-b883-f6c2-f98aabf95066", "team": {"name": "BioScout", "slug": "bioscout"}, "workview_url": "https://darwin.v7labs.com/workview?dataset=538883&item=0183d477-5676-b883-f6c2-f98aabf95066"}, "slots": [{"type": "image", "slot_name": "0", "width": 4064, "height": 3040, "thumbnail_url": "https://darwin.v7labs.com/api/v2/teams/bioscout/files/fd092e11-ed4f-4f48-bd16-6d43ff73ae9f/thumbnail", "source_files": [{"file_name": "7002_0306934d-4f4b-4c04-8d30-347e04a6b6dc_2022_01_26.jpeg", "url": "https://darwin.v7labs.com/api/v2/teams/bioscout/uploads/ef6a4c71-5c1a-43b0-ae51-cc3ab5efebf6"}]}]}, "annotations": [{"bounding_box": {"h": 140.0, "w": 319.0, "x": 3349.0, "y": 197.0}, "id": "b335bdfa-78eb-4a45-97c7-e79ce956923d", "name": "Alternaria spp.", "slot_names": ["0"]}]}