{"version": "2.0", "schema_ref": "https://darwin-public.s3.eu-west-1.amazonaws.com/darwin_json_2_0.schema.json", "item": {"name": "7002_ebc9160d-ae24-4994-82a3-12cfaf9932e6_2022_01_28.jpeg", "path": "/", "source_info": {"dataset": {"name": "alternaria", "slug": "alternaria", "dataset_management_url": "https://darwin.v7labs.com/datasets/538883/dataset-management"}, "item_id": "0183d477-602d-99de-6342-61c09f40db94", "team": {"name": "BioScout", "slug": "bioscout"}, "workview_url": "https://darwin.v7labs.com/workview?dataset=538883&item=0183d477-602d-99de-6342-61c09f40db94"}, "slots": [{"type": "image", "slot_name": "0", "width": 4064, "height": 3040, "thumbnail_url": "https://darwin.v7labs.com/api/v2/teams/bioscout/files/3d15e0ab-6f40-4fa3-8d15-1dd3a27df276/thumbnail", "source_files": [{"file_name": "7002_ebc9160d-ae24-4994-82a3-12cfaf9932e6_2022_01_28.jpeg", "url": "https://darwin.v7labs.com/api/v2/teams/bioscout/uploads/d5d698c7-ed24-4700-b0db-a6cf6de8dd3a"}]}]}, "annotations": [{"bounding_box": {"h": 195.0, "w": 372.0, "x": 1528.0, "y": 1840.0}, "id": "afc06213-863b-4500-9791-b08f4bc0d3a3", "name": "Alternaria spp.", "slot_names": ["0"]}]}