{"version": "2.0", "schema_ref": "https://darwin-public.s3.eu-west-1.amazonaws.com/darwin_json_2_0.schema.json", "item": {"name": "7002_91d9762c-3175-4b63-b462-c45b0e5c3933_2022_01_29.jpeg", "path": "/", "source_info": {"dataset": {"name": "alternaria", "slug": "alternaria", "dataset_management_url": "https://darwin.v7labs.com/datasets/538883/dataset-management"}, "item_id": "0183d477-5683-5fba-bf2d-95ccda6a6a89", "team": {"name": "BioScout", "slug": "bioscout"}, "workview_url": "https://darwin.v7labs.com/workview?dataset=538883&item=0183d477-5683-5fba-bf2d-95ccda6a6a89"}, "slots": [{"type": "image", "slot_name": "0", "width": 4064, "height": 3040, "thumbnail_url": "https://darwin.v7labs.com/api/v2/teams/bioscout/files/e0996f67-4228-4736-96d7-cb334ef377cd/thumbnail", "source_files": [{"file_name": "7002_91d9762c-3175-4b63-b462-c45b0e5c3933_2022_01_29.jpeg", "url": "https://darwin.v7labs.com/api/v2/teams/bioscout/uploads/3175a7cf-043b-4000-86f7-51de22eedfd7"}]}]}, "annotations": []}