{"version": "2.0", "schema_ref": "https://darwin-public.s3.eu-west-1.amazonaws.com/darwin_json_2_0.schema.json", "item": {"name": "7002_ade20fce-0618-4e4a-9262-0c8a0d60c4f5_2022_01_11.jpeg", "path": "/", "source_info": {"dataset": {"name": "alternaria", "slug": "alternaria", "dataset_management_url": "https://darwin.v7labs.com/datasets/538883/dataset-management"}, "item_id": "0183d477-5678-ca0c-1e70-b73caac22b70", "team": {"name": "BioScout", "slug": "bioscout"}, "workview_url": "https://darwin.v7labs.com/workview?dataset=538883&item=0183d477-5678-ca0c-1e70-b73caac22b70"}, "slots": [{"type": "image", "slot_name": "0", "width": 4064, "height": 3040, "thumbnail_url": "https://darwin.v7labs.com/api/v2/teams/bioscout/files/1d680e12-9abb-4ff4-8d0c-5a090aa97c6a/thumbnail", "source_files": [{"file_name": "7002_ade20fce-0618-4e4a-9262-0c8a0d60c4f5_2022_01_11.jpeg", "url": "https://darwin.v7labs.com/api/v2/teams/bioscout/uploads/65e90ab2-5a72-45fa-a2d4-e21851e6a808"}]}]}, "annotations": [{"bounding_box": {"h": 134.0, "w": 228.0, "x": 1027.0, "y": 172.0}, "id": "1c3f2104-d257-49de-9087-b601946dc5fd", "name": "Alternaria spp.", "slot_names": ["0"]}, {"bounding_box": {"h": 111.0, "w": 236.0, "x": 3198.0, "y": 2609.0}, "id": "334434ee-4e17-4359-8732-bd39a8a23e12", "name": "Alternaria spp.", "slot_names": ["0"]}]}