{"version": "2.0", "schema_ref": "https://darwin-public.s3.eu-west-1.amazonaws.com/darwin_json_2_0.schema.json", "item": {"name": "7002_e2a3b79f-b472-4612-9fac-ae0c26f40894_2022_01_28.jpeg", "path": "/", "source_info": {"dataset": {"name": "alternaria", "slug": "alternaria", "dataset_management_url": "https://darwin.v7labs.com/datasets/538883/dataset-management"}, "item_id": "0183d477-5676-abc8-076e-eb80f0583ebf", "team": {"name": "BioScout", "slug": "bioscout"}, "workview_url": "https://darwin.v7labs.com/workview?dataset=538883&item=0183d477-5676-abc8-076e-eb80f0583ebf"}, "slots": [{"type": "image", "slot_name": "0", "width": 4064, "height": 3040, "thumbnail_url": "https://darwin.v7labs.com/api/v2/teams/bioscout/files/fb023586-673c-4eb7-bb44-99ed15619cbe/thumbnail", "source_files": [{"file_name": "7002_e2a3b79f-b472-4612-9fac-ae0c26f40894_2022_01_28.jpeg", "url": "https://darwin.v7labs.com/api/v2/teams/bioscout/uploads/fe364f8d-81b3-44ef-b8a8-5ada5d29aeb3"}]}]}, "annotations": [{"bounding_box": {"h": 142.0, "w": 367.0, "x": 3697.0, "y": 2624.0}, "id": "82c57fb9-2691-4d1d-8100-a54fb2a0741f", "name": "Alternaria spp.", "slot_names": ["0"]}]}