{"version": "2.0", "schema_ref": "https://darwin-public.s3.eu-west-1.amazonaws.com/darwin_json_2_0.schema.json", "item": {"name": "7002_c2294398-9096-4c60-970b-d990c602ddab_2022_01_27.jpeg", "path": "/", "source_info": {"dataset": {"name": "alternaria", "slug": "alternaria", "dataset_management_url": "https://darwin.v7labs.com/datasets/538883/dataset-management"}, "item_id": "0183d477-5678-8762-5b2f-5b6b4efde400", "team": {"name": "BioScout", "slug": "bioscout"}, "workview_url": "https://darwin.v7labs.com/workview?dataset=538883&item=0183d477-5678-8762-5b2f-5b6b4efde400"}, "slots": [{"type": "image", "slot_name": "0", "width": 4064, "height": 3040, "thumbnail_url": "https://darwin.v7labs.com/api/v2/teams/bioscout/files/caf2617f-16b3-40d5-965e-ab6e3e789b08/thumbnail", "source_files": [{"file_name": "7002_c2294398-9096-4c60-970b-d990c602ddab_2022_01_27.jpeg", "url": "https://darwin.v7labs.com/api/v2/teams/bioscout/uploads/7b59d428-75cb-4e66-8f43-422e25adda13"}]}]}, "annotations": [{"bounding_box": {"h": 114.0, "w": 427.0, "x": 1715.0, "y": 1651.0}, "id": "82098d1f-8222-4922-9eb9-30b06de6d555", "name": "Alternaria spp.", "slot_names": ["0"]}]}