{"version": "2.0", "schema_ref": "https://darwin-public.s3.eu-west-1.amazonaws.com/darwin_json_2_0.schema.json", "item": {"name": "7002_006895e6-89ad-44f9-979c-0261bcc6fbe3_2022_01_19.jpeg", "path": "/", "source_info": {"dataset": {"name": "alternaria", "slug": "alternaria", "dataset_management_url": "https://darwin.v7labs.com/datasets/538883/dataset-management"}, "item_id": "0183d477-602e-954d-b6fe-3024c64dd6c2", "team": {"name": "BioScout", "slug": "bioscout"}, "workview_url": "https://darwin.v7labs.com/workview?dataset=538883&item=0183d477-602e-954d-b6fe-3024c64dd6c2"}, "slots": [{"type": "image", "slot_name": "0", "width": 4064, "height": 3040, "thumbnail_url": "https://darwin.v7labs.com/api/v2/teams/bioscout/files/47bb08f5-24e9-460c-9540-9ba2851c2253/thumbnail", "source_files": [{"file_name": "7002_006895e6-89ad-44f9-979c-0261bcc6fbe3_2022_01_19.jpeg", "url": "https://darwin.v7labs.com/api/v2/teams/bioscout/uploads/7965df3d-8963-4162-b732-50c41d7c708f"}]}]}, "annotations": [{"bounding_box": {"h": 276.0, "w": 86.0, "x": 2870.0, "y": 2043.0}, "id": "a934350e-df29-42f9-9bf4-9e7f53402249", "name": "Alternaria spp.", "slot_names": ["0"]}]}