{"version": "2.0", "schema_ref": "https://darwin-public.s3.eu-west-1.amazonaws.com/darwin_json_2_0.schema.json", "item": {"name": "7002_6fd41397-4d61-4ff7-bc79-21300e74b23f_2022_01_20.jpeg", "path": "/", "source_info": {"dataset": {"name": "alternaria", "slug": "alternaria", "dataset_management_url": "https://darwin.v7labs.com/datasets/538883/dataset-management"}, "item_id": "0183d477-567e-3bcf-9f73-ce5dec3695d6", "team": {"name": "BioScout", "slug": "bioscout"}, "workview_url": "https://darwin.v7labs.com/workview?dataset=538883&item=0183d477-567e-3bcf-9f73-ce5dec3695d6"}, "slots": [{"type": "image", "slot_name": "0", "width": 4064, "height": 3040, "thumbnail_url": "https://darwin.v7labs.com/api/v2/teams/bioscout/files/7a1eff96-e8bc-41f2-8522-851f6b849183/thumbnail", "source_files": [{"file_name": "7002_6fd41397-4d61-4ff7-bc79-21300e74b23f_2022_01_20.jpeg", "url": "https://darwin.v7labs.com/api/v2/teams/bioscout/uploads/ab789d31-fe16-4438-8aa5-afd0eb67dc80"}]}]}, "annotations": [{"bounding_box": {"h": 119.0, "w": 354.0, "x": 1594.0, "y": 2453.0}, "id": "32bc4240-5a7d-4eaf-9221-3c10348911af", "name": "Alternaria spp.", "slot_names": ["0"]}, {"bounding_box": {"h": 212.0, "w": 190.0, "x": 881.0, "y": 440.0}, "id": "a19df195-3a49-4be4-9e4e-b377596e6b7b", "name": "Alternaria spp.", "slot_names": ["0"]}, {"bounding_box": {"h": 165.0, "w": 275.0, "x": 1410.0, "y": 2444.0}, "id": "bdbdd5b8-aa6c-4e70-a7ac-f693e8d80475", "name": "Alternaria spp.", "slot_names": ["0"]}, {"bounding_box": {"h": 257.0, "w": 309.0, "x": 1890.0, "y": 2548.0}, "id": "812eae2d-891d-4a13-a99d-8878877a656d", "name": "Alternaria spp.", "slot_names": ["0"]}]}