{"version": "2.0", "schema_ref": "https://darwin-public.s3.eu-west-1.amazonaws.com/darwin_json_2_0.schema.json", "item": {"name": "7002_f521b3fd-b899-4ea2-a044-8209a4c30822_2022_01_15.jpeg", "path": "/", "source_info": {"dataset": {"name": "alternaria", "slug": "alternaria", "dataset_management_url": "https://darwin.v7labs.com/datasets/538883/dataset-management"}, "item_id": "0183d477-5682-f673-5df8-25427b45d0c5", "team": {"name": "BioScout", "slug": "bioscout"}, "workview_url": "https://darwin.v7labs.com/workview?dataset=538883&item=0183d477-5682-f673-5df8-25427b45d0c5"}, "slots": [{"type": "image", "slot_name": "0", "width": 4064, "height": 3040, "thumbnail_url": "https://darwin.v7labs.com/api/v2/teams/bioscout/files/99453312-0d61-4755-b80f-2cdc2848c042/thumbnail", "source_files": [{"file_name": "7002_f521b3fd-b899-4ea2-a044-8209a4c30822_2022_01_15.jpeg", "url": "https://darwin.v7labs.com/api/v2/teams/bioscout/uploads/def3566c-91ac-49ee-a73c-887b63e922a6"}]}]}, "annotations": [{"bounding_box": {"h": 376.0, "w": 227.0, "x": 35.0, "y": 1912.0}, "id": "b5f08952-810c-4407-a8f2-94684097abc1", "name": "Alternaria spp.", "slot_names": ["0"]}, {"bounding_box": {"h": 134.0, "w": 361.0, "x": 2107.0, "y": 56.0}, "id": "f41b8345-5ad9-4b98-bac7-b726ddaf0ce0", "name": "Alternaria spp.", "slot_names": ["0"]}]}