{"version": "2.0", "schema_ref": "https://darwin-public.s3.eu-west-1.amazonaws.com/darwin_json_2_0.schema.json", "item": {"name": "7002_61dbe6dd-e2fb-4636-9cda-55d7e5812241_2022_01_11.jpeg", "path": "/", "source_info": {"dataset": {"name": "alternaria", "slug": "alternaria", "dataset_management_url": "https://darwin.v7labs.com/datasets/538883/dataset-management"}, "item_id": "0183d477-5683-9a1e-5a94-344cdc5c1c9a", "team": {"name": "BioScout", "slug": "bioscout"}, "workview_url": "https://darwin.v7labs.com/workview?dataset=538883&item=0183d477-5683-9a1e-5a94-344cdc5c1c9a"}, "slots": [{"type": "image", "slot_name": "0", "width": 4064, "height": 3040, "thumbnail_url": "https://darwin.v7labs.com/api/v2/teams/bioscout/files/2e88a186-bf3d-4dbc-b339-3baff31c00f2/thumbnail", "source_files": [{"file_name": "7002_61dbe6dd-e2fb-4636-9cda-55d7e5812241_2022_01_11.jpeg", "url": "https://darwin.v7labs.com/api/v2/teams/bioscout/uploads/3db591d4-efd4-4748-8679-0b87cc8ccb95"}]}]}, "annotations": [{"bounding_box": {"h": 99.0, "w": 297.0, "x": 2740.0, "y": 280.0}, "id": "357f3fed-80a0-4c88-8a84-52463ede312a", "name": "Alternaria spp.", "slot_names": ["0"]}, {"bounding_box": {"h": 180.0, "w": 445.0, "x": 498.0, "y": 58.0}, "id": "b112e41e-bdfb-4cd0-bd86-2cecc5c6ffa7", "name": "Alternaria spp.", "slot_names": ["0"]}, {"bounding_box": {"h": 164.0, "w": 331.0, "x": 844.0, "y": 1736.0}, "id": "0b9bd6e4-0dd8-4c22-90c4-91b4724d254d", "name": "Alternaria spp.", "slot_names": ["0"]}]}