{"version": "2.0", "schema_ref": "https://darwin-public.s3.eu-west-1.amazonaws.com/darwin_json_2_0.schema.json", "item": {"name": "7002_5fb07174-7723-40e4-9281-29bbd572c263_2022_01_29.jpeg", "path": "/", "source_info": {"dataset": {"name": "alternaria", "slug": "alternaria", "dataset_management_url": "https://darwin.v7labs.com/datasets/538883/dataset-management"}, "item_id": "0183d477-5681-0343-8c1d-bc46d8353d1c", "team": {"name": "BioScout", "slug": "bioscout"}, "workview_url": "https://darwin.v7labs.com/workview?dataset=538883&item=0183d477-5681-0343-8c1d-bc46d8353d1c"}, "slots": [{"type": "image", "slot_name": "0", "width": 4064, "height": 3040, "thumbnail_url": "https://darwin.v7labs.com/api/v2/teams/bioscout/files/09573ce4-7139-47a3-82bd-c6d311072c61/thumbnail", "source_files": [{"file_name": "7002_5fb07174-7723-40e4-9281-29bbd572c263_2022_01_29.jpeg", "url": "https://darwin.v7labs.com/api/v2/teams/bioscout/uploads/3c7dc69e-6d6d-4bc8-b91e-947628e59177"}]}]}, "annotations": [{"bounding_box": {"h": 261.0, "w": 185.0, "x": 595.0, "y": 1515.0}, "id": "3067810b-5643-497c-bf7e-70c78d120453", "name": "Alternaria spp.", "slot_names": ["0"]}]}