{"version": "2.0", "schema_ref": "https://darwin-public.s3.eu-west-1.amazonaws.com/darwin_json_2_0.schema.json", "item": {"name": "7002_d620ed39-9a5d-4732-9b18-441f195f1cdd_2022_01_17.jpeg", "path": "/", "source_info": {"dataset": {"name": "alternaria", "slug": "alternaria", "dataset_management_url": "https://darwin.v7labs.com/datasets/538883/dataset-management"}, "item_id": "0183d477-567c-5f9c-83af-ba221de4a596", "team": {"name": "BioScout", "slug": "bioscout"}, "workview_url": "https://darwin.v7labs.com/workview?dataset=538883&item=0183d477-567c-5f9c-83af-ba221de4a596"}, "slots": [{"type": "image", "slot_name": "0", "width": 4064, "height": 3040, "thumbnail_url": "https://darwin.v7labs.com/api/v2/teams/bioscout/files/750ac145-30db-4b02-a7ff-89832755202f/thumbnail", "source_files": [{"file_name": "7002_d620ed39-9a5d-4732-9b18-441f195f1cdd_2022_01_17.jpeg", "url": "https://darwin.v7labs.com/api/v2/teams/bioscout/uploads/5f813132-8b45-401a-ac8d-1955276829f1"}]}]}, "annotations": [{"bounding_box": {"h": 383.0, "w": 203.0, "x": 620.0, "y": 1878.0}, "id": "27b8ce6d-74b4-4028-8950-4e34eacebd45", "name": "Alternaria spp.", "slot_names": ["0"]}]}