{"version": "2.0", "schema_ref": "https://darwin-public.s3.eu-west-1.amazonaws.com/darwin_json_2_0.schema.json", "item": {"name": "7002_b6c05f6b-8da5-4e4d-a906-9dbe2e91c078_2022_01_28.jpeg", "path": "/", "source_info": {"dataset": {"name": "alternaria", "slug": "alternaria", "dataset_management_url": "https://darwin.v7labs.com/datasets/538883/dataset-management"}, "item_id": "0183d477-5688-0816-800f-ea39585f0cff", "team": {"name": "BioScout", "slug": "bioscout"}, "workview_url": "https://darwin.v7labs.com/workview?dataset=538883&item=0183d477-5688-0816-800f-ea39585f0cff"}, "slots": [{"type": "image", "slot_name": "0", "width": 4064, "height": 3040, "thumbnail_url": "https://darwin.v7labs.com/api/v2/teams/bioscout/files/46ac245e-22c5-4609-af29-ceac5f724195/thumbnail", "source_files": [{"file_name": "7002_b6c05f6b-8da5-4e4d-a906-9dbe2e91c078_2022_01_28.jpeg", "url": "https://darwin.v7labs.com/api/v2/teams/bioscout/uploads/a09ed177-5cf7-4409-b19b-f00238784160"}]}]}, "annotations": [{"bounding_box": {"h": 227.0, "w": 146.0, "x": 2380.0, "y": 2098.0}, "id": "053a17ec-1b81-47d5-a1e5-f5d953b96270", "name": "Alternaria spp.", "slot_names": ["0"]}, {"bounding_box": {"h": 106.0, "w": 239.0, "x": 2022.0, "y": 395.0}, "id": "bed656b0-ad6b-4f42-87f7-9c914b822b47", "name": "Alternaria spp.", "slot_names": ["0"]}]}