{"version": "2.0", "schema_ref": "https://darwin-public.s3.eu-west-1.amazonaws.com/darwin_json_2_0.schema.json", "item": {"name": "7002_410b17d1-cc39-4870-9fca-1642f1c97f0d_2022_01_09.jpeg", "path": "/", "source_info": {"dataset": {"name": "alternaria", "slug": "alternaria", "dataset_management_url": "https://darwin.v7labs.com/datasets/538883/dataset-management"}, "item_id": "0183d477-5683-8d52-305c-6a853beede2b", "team": {"name": "BioScout", "slug": "bioscout"}, "workview_url": "https://darwin.v7labs.com/workview?dataset=538883&item=0183d477-5683-8d52-305c-6a853beede2b"}, "slots": [{"type": "image", "slot_name": "0", "width": 4064, "height": 3040, "thumbnail_url": "https://darwin.v7labs.com/api/v2/teams/bioscout/files/92a27aa0-47ba-4502-860c-812b5ec5be39/thumbnail", "source_files": [{"file_name": "7002_410b17d1-cc39-4870-9fca-1642f1c97f0d_2022_01_09.jpeg", "url": "https://darwin.v7labs.com/api/v2/teams/bioscout/uploads/55d219f2-e12c-4631-a82b-842e7c2aacbf"}]}]}, "annotations": [{"bounding_box": {"h": 150.0, "w": 253.0, "x": 2088.0, "y": 2255.0}, "id": "af83e75b-7598-400c-8a7e-73d1a71efb97", "name": "Alternaria spp.", "slot_names": ["0"]}]}