{"version": "2.0", "schema_ref": "https://darwin-public.s3.eu-west-1.amazonaws.com/darwin_json_2_0.schema.json", "item": {"name": "7002_cbb33852-b4bb-407b-99e7-299fe712db5a_2022_01_06.jpeg", "path": "/", "source_info": {"dataset": {"name": "alternaria", "slug": "alternaria", "dataset_management_url": "https://darwin.v7labs.com/datasets/538883/dataset-management"}, "item_id": "0183d477-5675-cad2-beeb-975e6d41623d", "team": {"name": "BioScout", "slug": "bioscout"}, "workview_url": "https://darwin.v7labs.com/workview?dataset=538883&item=0183d477-5675-cad2-beeb-975e6d41623d"}, "slots": [{"type": "image", "slot_name": "0", "width": 4064, "height": 3040, "thumbnail_url": "https://darwin.v7labs.com/api/v2/teams/bioscout/files/3821b444-521d-4a0d-8362-29de8abf3bcd/thumbnail", "source_files": [{"file_name": "7002_cbb33852-b4bb-407b-99e7-299fe712db5a_2022_01_06.jpeg", "url": "https://darwin.v7labs.com/api/v2/teams/bioscout/uploads/e80ce13f-1b57-4d1d-a3cb-42f80b1cdb37"}]}]}, "annotations": [{"bounding_box": {"h": 328.0, "w": 152.0, "x": 2102.0, "y": 764.0}, "id": "7e8794de-1855-4481-9c5c-9d0f76a9cb3e", "name": "Alternaria spp.", "slot_names": ["0"]}]}