{"version": "2.0", "schema_ref": "https://darwin-public.s3.eu-west-1.amazonaws.com/darwin_json_2_0.schema.json", "item": {"name": "7002_8c20e17b-db34-425c-88a6-d2940c3dbb54_2022_01_15.jpeg", "path": "/", "source_info": {"dataset": {"name": "alternaria", "slug": "alternaria", "dataset_management_url": "https://darwin.v7labs.com/datasets/538883/dataset-management"}, "item_id": "0183d477-5682-70bc-6f19-8ae8619777be", "team": {"name": "BioScout", "slug": "bioscout"}, "workview_url": "https://darwin.v7labs.com/workview?dataset=538883&item=0183d477-5682-70bc-6f19-8ae8619777be"}, "slots": [{"type": "image", "slot_name": "0", "width": 4064, "height": 3040, "thumbnail_url": "https://darwin.v7labs.com/api/v2/teams/bioscout/files/40e23c5e-da53-4e7b-9c1c-c3a44c32dafc/thumbnail", "source_files": [{"file_name": "7002_8c20e17b-db34-425c-88a6-d2940c3dbb54_2022_01_15.jpeg", "url": "https://darwin.v7labs.com/api/v2/teams/bioscout/uploads/915eed29-21d3-4b28-8cd9-400643ce9933"}]}]}, "annotations": [{"bounding_box": {"h": 243.0, "w": 104.0, "x": 3042.0, "y": 2331.0}, "id": "2b999954-d155-42a1-ac8a-f711833d4060", "name": "Alternaria spp.", "slot_names": ["0"]}, {"bounding_box": {"h": 320.0, "w": 122.0, "x": 2993.0, "y": 2563.0}, "id": "04535a69-282c-4bd0-9cea-3fd1c11199f1", "name": "Alternaria spp.", "slot_names": ["0"]}]}