{"version": "2.0", "schema_ref": "https://darwin-public.s3.eu-west-1.amazonaws.com/darwin_json_2_0.schema.json", "item": {"name": "7002_f4178b8f-cee9-47d6-a15f-8100e2830a9a_2022_01_11.jpeg", "path": "/", "source_info": {"dataset": {"name": "alternaria", "slug": "alternaria", "dataset_management_url": "https://darwin.v7labs.com/datasets/538883/dataset-management"}, "item_id": "0183d477-568c-25db-94f4-2d68a4ed3252", "team": {"name": "BioScout", "slug": "bioscout"}, "workview_url": "https://darwin.v7labs.com/workview?dataset=538883&item=0183d477-568c-25db-94f4-2d68a4ed3252"}, "slots": [{"type": "image", "slot_name": "0", "width": 4064, "height": 3040, "thumbnail_url": "https://darwin.v7labs.com/api/v2/teams/bioscout/files/79d868c0-00b2-4fa1-869a-1d210777f95a/thumbnail", "source_files": [{"file_name": "7002_f4178b8f-cee9-47d6-a15f-8100e2830a9a_2022_01_11.jpeg", "url": "https://darwin.v7labs.com/api/v2/teams/bioscout/uploads/154875fc-d95e-4315-b130-131867a7f5cd"}]}]}, "annotations": [{"bounding_box": {"h": 211.0, "w": 322.0, "x": 3006.0, "y": 13.0}, "id": "c01e3804-1631-46d3-91bf-5c72aa4ef787", "name": "Alternaria spp.", "slot_names": ["0"]}, {"bounding_box": {"h": 125.0, "w": 344.0, "x": 3019.0, "y": 184.0}, "id": "b77af438-81de-428b-9319-3e78ba1d0f3f", "name": "Alternaria spp.", "slot_names": ["0"]}]}