{"version": "2.0", "schema_ref": "https://darwin-public.s3.eu-west-1.amazonaws.com/darwin_json_2_0.schema.json", "item": {"name": "7002_e6963079-e45c-4a88-9e2d-d074a0e1d874_2022_01_26.jpeg", "path": "/", "source_info": {"dataset": {"name": "alternaria", "slug": "alternaria", "dataset_management_url": "https://darwin.v7labs.com/datasets/538883/dataset-management"}, "item_id": "0183d477-5674-2629-1a9a-fc077fa681c6", "team": {"name": "BioScout", "slug": "bioscout"}, "workview_url": "https://darwin.v7labs.com/workview?dataset=538883&item=0183d477-5674-2629-1a9a-fc077fa681c6"}, "slots": [{"type": "image", "slot_name": "0", "width": 4064, "height": 3040, "thumbnail_url": "https://darwin.v7labs.com/api/v2/teams/bioscout/files/cab4aeed-da97-453c-a8b4-9bfab7f7d35c/thumbnail", "source_files": [{"file_name": "7002_e6963079-e45c-4a88-9e2d-d074a0e1d874_2022_01_26.jpeg", "url": "https://darwin.v7labs.com/api/v2/teams/bioscout/uploads/552a1d71-c3e0-4191-a9dd-718256e0682b"}]}]}, "annotations": [{"bounding_box": {"h": 237.0, "w": 197.0, "x": 944.0, "y": 1096.0}, "id": "5d4e0418-5fb2-4592-b40a-69200f891b3a", "name": "Alternaria spp.", "slot_names": ["0"]}]}