{"version": "2.0", "schema_ref": "https://darwin-public.s3.eu-west-1.amazonaws.com/darwin_json_2_0.schema.json", "item": {"name": "7002_160fcf7e-f6e0-4c50-b225-e58f96750a89_2022_01_11.jpeg", "path": "/", "source_info": {"dataset": {"name": "alternaria", "slug": "alternaria", "dataset_management_url": "https://darwin.v7labs.com/datasets/538883/dataset-management"}, "item_id": "0183d477-602d-ff5a-016c-4314cfff9847", "team": {"name": "BioScout", "slug": "bioscout"}, "workview_url": "https://darwin.v7labs.com/workview?dataset=538883&item=0183d477-602d-ff5a-016c-4314cfff9847"}, "slots": [{"type": "image", "slot_name": "0", "width": 4064, "height": 3040, "thumbnail_url": "https://darwin.v7labs.com/api/v2/teams/bioscout/files/2aa362a3-776e-4369-b343-dbf9a1ac7d91/thumbnail", "source_files": [{"file_name": "7002_160fcf7e-f6e0-4c50-b225-e58f96750a89_2022_01_11.jpeg", "url": "https://darwin.v7labs.com/api/v2/teams/bioscout/uploads/81c9976a-297a-49a6-bb07-0f560df5533d"}]}]}, "annotations": [{"bounding_box": {"h": 96.0, "w": 273.0, "x": 2893.0, "y": 692.0}, "id": "953b6685-8d60-43ae-8a94-1296c0fb530f", "name": "Alternaria spp.", "slot_names": ["0"]}]}