{"version": "2.0", "schema_ref": "https://darwin-public.s3.eu-west-1.amazonaws.com/darwin_json_2_0.schema.json", "item": {"name": "7002_41c8168e-40f2-4922-b37c-04c42e6abf8d_2022_01_27.jpeg", "path": "/", "source_info": {"dataset": {"name": "alternaria", "slug": "alternaria", "dataset_management_url": "https://darwin.v7labs.com/datasets/538883/dataset-management"}, "item_id": "0183d477-5685-83c5-a67f-5d34038984a0", "team": {"name": "BioScout", "slug": "bioscout"}, "workview_url": "https://darwin.v7labs.com/workview?dataset=538883&item=0183d477-5685-83c5-a67f-5d34038984a0"}, "slots": [{"type": "image", "slot_name": "0", "width": 4064, "height": 3040, "thumbnail_url": "https://darwin.v7labs.com/api/v2/teams/bioscout/files/0f648d22-0380-4a65-9e54-6ac5f8dbe4e9/thumbnail", "source_files": [{"file_name": "7002_41c8168e-40f2-4922-b37c-04c42e6abf8d_2022_01_27.jpeg", "url": "https://darwin.v7labs.com/api/v2/teams/bioscout/uploads/74eacfeb-dcee-468e-b7c7-dce5e4488a58"}]}]}, "annotations": [{"bounding_box": {"h": 109.0, "w": 323.0, "x": 3741.0, "y": 1037.0}, "id": "0399e3ff-3543-4bee-9168-118251fcdc7b", "name": "Alternaria spp.", "slot_names": ["0"]}]}