{"version": "2.0", "schema_ref": "https://darwin-public.s3.eu-west-1.amazonaws.com/darwin_json_2_0.schema.json", "item": {"name": "7002_7b3451e6-0c11-4319-b646-e4edfae9c0ae_2022_01_10.jpeg", "path": "/", "source_info": {"dataset": {"name": "alternaria", "slug": "alternaria", "dataset_management_url": "https://darwin.v7labs.com/datasets/538883/dataset-management"}, "item_id": "0183d477-568b-01af-dc31-666dace8a0df", "team": {"name": "BioScout", "slug": "bioscout"}, "workview_url": "https://darwin.v7labs.com/workview?dataset=538883&item=0183d477-568b-01af-dc31-666dace8a0df"}, "slots": [{"type": "image", "slot_name": "0", "width": 4064, "height": 3040, "thumbnail_url": "https://darwin.v7labs.com/api/v2/teams/bioscout/files/14328719-0753-4f4b-87a8-cd178c4a225b/thumbnail", "source_files": [{"file_name": "7002_7b3451e6-0c11-4319-b646-e4edfae9c0ae_2022_01_10.jpeg", "url": "https://darwin.v7labs.com/api/v2/teams/bioscout/uploads/7442daa6-fbdf-4be2-9f15-da6a2ad13e00"}]}]}, "annotations": [{"bounding_box": {"h": 168.0, "w": 295.0, "x": 2315.0, "y": 1428.0}, "id": "e6d19499-0111-4f01-aabb-7bbcac614d34", "name": "Alternaria spp.", "slot_names": ["0"]}, {"bounding_box": {"h": 94.0, "w": 242.0, "x": 2425.0, "y": 203.0}, "id": "4a07e124-0a0b-44a8-bb83-477707a454c4", "name": "Alternaria spp.", "slot_names": ["0"]}]}