{"version": "2.0", "schema_ref": "https://darwin-public.s3.eu-west-1.amazonaws.com/darwin_json_2_0.schema.json", "item": {"name": "7002_a34ea4a7-85a8-48b7-9f92-466dc809dd3b_2022_01_17.jpeg", "path": "/", "source_info": {"dataset": {"name": "alternaria", "slug": "alternaria", "dataset_management_url": "https://darwin.v7labs.com/datasets/538883/dataset-management"}, "item_id": "0183d477-5677-2b2f-3342-afe68b8ebfc7", "team": {"name": "BioScout", "slug": "bioscout"}, "workview_url": "https://darwin.v7labs.com/workview?dataset=538883&item=0183d477-5677-2b2f-3342-afe68b8ebfc7"}, "slots": [{"type": "image", "slot_name": "0", "width": 4064, "height": 3040, "thumbnail_url": "https://darwin.v7labs.com/api/v2/teams/bioscout/files/9f154285-9e78-49e5-9c75-147be5c51a70/thumbnail", "source_files": [{"file_name": "7002_a34ea4a7-85a8-48b7-9f92-466dc809dd3b_2022_01_17.jpeg", "url": "https://darwin.v7labs.com/api/v2/teams/bioscout/uploads/4aa0dbab-95b4-43e0-9608-9a6b749e7d5e"}]}]}, "annotations": [{"bounding_box": {"h": 203.0, "w": 251.0, "x": 238.0, "y": 855.0}, "id": "a08e705d-f6bd-4d2c-b9a1-02ee92470763", "name": "Alternaria spp.", "slot_names": ["0"]}]}