{"version": "2.0", "schema_ref": "https://darwin-public.s3.eu-west-1.amazonaws.com/darwin_json_2_0.schema.json", "item": {"name": "7002_ba67585b-8317-469c-b8eb-2f85b671fe53_2022_01_02.jpeg", "path": "/", "source_info": {"dataset": {"name": "alternaria", "slug": "alternaria", "dataset_management_url": "https://darwin.v7labs.com/datasets/538883/dataset-management"}, "item_id": "0183d477-567f-0e52-edd1-a663dec51257", "team": {"name": "BioScout", "slug": "bioscout"}, "workview_url": "https://darwin.v7labs.com/workview?dataset=538883&item=0183d477-567f-0e52-edd1-a663dec51257"}, "slots": [{"type": "image", "slot_name": "0", "width": 4064, "height": 3040, "thumbnail_url": "https://darwin.v7labs.com/api/v2/teams/bioscout/files/ed10b599-538a-4cb9-8aac-288aae7649bb/thumbnail", "source_files": [{"file_name": "7002_ba67585b-8317-469c-b8eb-2f85b671fe53_2022_01_02.jpeg", "url": "https://darwin.v7labs.com/api/v2/teams/bioscout/uploads/a6f68732-262a-4e2b-a234-f068ab021f1b"}]}]}, "annotations": [{"bounding_box": {"h": 331.0, "w": 143.0, "x": 3379.0, "y": 1620.0}, "id": "2b465de6-6b00-4bf0-a928-75c9c986ffb9", "name": "Alternaria spp.", "slot_names": ["0"]}]}