{"version": "2.0", "schema_ref": "https://darwin-public.s3.eu-west-1.amazonaws.com/darwin_json_2_0.schema.json", "item": {"name": "7002_0b836f0e-42ac-45dc-903a-91c3ad02ed7b_2022_01_15.jpeg", "path": "/", "source_info": {"dataset": {"name": "alternaria", "slug": "alternaria", "dataset_management_url": "https://darwin.v7labs.com/datasets/538883/dataset-management"}, "item_id": "0183d477-5678-3145-8538-10d93241eb96", "team": {"name": "BioScout", "slug": "bioscout"}, "workview_url": "https://darwin.v7labs.com/workview?dataset=538883&item=0183d477-5678-3145-8538-10d93241eb96"}, "slots": [{"type": "image", "slot_name": "0", "width": 4064, "height": 3040, "thumbnail_url": "https://darwin.v7labs.com/api/v2/teams/bioscout/files/0349dcab-f3f4-4ac4-b281-7234978b8a42/thumbnail", "source_files": [{"file_name": "7002_0b836f0e-42ac-45dc-903a-91c3ad02ed7b_2022_01_15.jpeg", "url": "https://darwin.v7labs.com/api/v2/teams/bioscout/uploads/8b9d872e-5563-465e-9503-946acc9a8723"}]}]}, "annotations": []}