{"version": "2.0", "schema_ref": "https://darwin-public.s3.eu-west-1.amazonaws.com/darwin_json_2_0.schema.json", "item": {"name": "7002_df65aac5-ee0e-4022-a880-2b419c1ac9de_2022_01_12.jpeg", "path": "/", "source_info": {"dataset": {"name": "alternaria", "slug": "alternaria", "dataset_management_url": "https://darwin.v7labs.com/datasets/538883/dataset-management"}, "item_id": "0183d477-5685-358e-b407-8f000a33a3c9", "team": {"name": "BioScout", "slug": "bioscout"}, "workview_url": "https://darwin.v7labs.com/workview?dataset=538883&item=0183d477-5685-358e-b407-8f000a33a3c9"}, "slots": [{"type": "image", "slot_name": "0", "width": 4064, "height": 3040, "thumbnail_url": "https://darwin.v7labs.com/api/v2/teams/bioscout/files/93ab4a85-ab45-474c-8e6f-964fcb4e1b64/thumbnail", "source_files": [{"file_name": "7002_df65aac5-ee0e-4022-a880-2b419c1ac9de_2022_01_12.jpeg", "url": "https://darwin.v7labs.com/api/v2/teams/bioscout/uploads/a0490b5a-a62d-4fea-8b5e-68ddafa88169"}]}]}, "annotations": [{"bounding_box": {"h": 85.0, "w": 254.0, "x": 1556.0, "y": 2960.0}, "id": "37de18f0-6474-4efd-ba46-005914996598", "name": "Alternaria spp.", "slot_names": ["0"]}, {"bounding_box": {"h": 148.0, "w": 341.0, "x": 2302.0, "y": 1024.0}, "id": "46d3e48b-8215-4ed3-a512-8ce5ce80f97c", "name": "Alternaria spp.", "slot_names": ["0"]}, {"bounding_box": {"h": 88.0, "w": 240.0, "x": 1644.0, "y": 2898.0}, "id": "bb1457c4-b104-4aad-b69d-34bb6ba4dc53", "name": "Alternaria spp.", "slot_names": ["0"]}]}