{"version": "2.0", "schema_ref": "https://darwin-public.s3.eu-west-1.amazonaws.com/darwin_json_2_0.schema.json", "item": {"name": "7002_9e164805-c70c-4083-8122-790a0749b6ce_2022_01_28.jpeg", "path": "/", "source_info": {"dataset": {"name": "alternaria", "slug": "alternaria", "dataset_management_url": "https://darwin.v7labs.com/datasets/538883/dataset-management"}, "item_id": "0183d477-5682-e700-6cf0-582c7d65401b", "team": {"name": "BioScout", "slug": "bioscout"}, "workview_url": "https://darwin.v7labs.com/workview?dataset=538883&item=0183d477-5682-e700-6cf0-582c7d65401b"}, "slots": [{"type": "image", "slot_name": "0", "width": 4064, "height": 3040, "thumbnail_url": "https://darwin.v7labs.com/api/v2/teams/bioscout/files/5f1561a5-4bdd-490e-bcd4-313600ed7109/thumbnail", "source_files": [{"file_name": "7002_9e164805-c70c-4083-8122-790a0749b6ce_2022_01_28.jpeg", "url": "https://darwin.v7labs.com/api/v2/teams/bioscout/uploads/b2a5cb49-7163-4469-ab80-bff779b4ef9c"}]}]}, "annotations": [{"bounding_box": {"h": 147.0, "w": 383.0, "x": 1617.0, "y": 319.0}, "id": "aa721511-d85f-458a-9069-4aa90540c813", "name": "Alternaria spp.", "slot_names": ["0"]}, {"bounding_box": {"h": 189.0, "w": 270.0, "x": 3138.0, "y": 1775.0}, "id": "bcb0c0e6-4c6b-4ba6-8733-e59c827d847b", "name": "Alternaria spp.", "slot_names": ["0"]}]}