{"version": "2.0", "schema_ref": "https://darwin-public.s3.eu-west-1.amazonaws.com/darwin_json_2_0.schema.json", "item": {"name": "7002_273b74cc-5c17-43ed-8145-6d6b431f43f9_2022_01_19.jpeg", "path": "/", "source_info": {"dataset": {"name": "alternaria", "slug": "alternaria", "dataset_management_url": "https://darwin.v7labs.com/datasets/538883/dataset-management"}, "item_id": "0183d477-602d-f4e7-b841-68e519a492f1", "team": {"name": "BioScout", "slug": "bioscout"}, "workview_url": "https://darwin.v7labs.com/workview?dataset=538883&item=0183d477-602d-f4e7-b841-68e519a492f1"}, "slots": [{"type": "image", "slot_name": "0", "width": 4064, "height": 3040, "thumbnail_url": "https://darwin.v7labs.com/api/v2/teams/bioscout/files/b1ad498e-ea60-41ad-9572-49ceab1a2efb/thumbnail", "source_files": [{"file_name": "7002_273b74cc-5c17-43ed-8145-6d6b431f43f9_2022_01_19.jpeg", "url": "https://darwin.v7labs.com/api/v2/teams/bioscout/uploads/9db04997-51b5-46c2-a82e-49f990b4cd5d"}]}]}, "annotations": [{"bounding_box": {"h": 84.0, "w": 270.0, "x": 3794.0, "y": 1563.0}, "id": "7aafa432-6360-4d64-bff3-756661aa3286", "name": "Alternaria spp.", "slot_names": ["0"]}]}