{"version": "2.0", "schema_ref": "https://darwin-public.s3.eu-west-1.amazonaws.com/darwin_json_2_0.schema.json", "item": {"name": "7002_a0e2a7d3-a434-461e-b864-533abceb6640_2022_01_19.jpeg", "path": "/", "source_info": {"dataset": {"name": "alternaria", "slug": "alternaria", "dataset_management_url": "https://darwin.v7labs.com/datasets/538883/dataset-management"}, "item_id": "0183d477-6030-28e0-5b56-6429b0499435", "team": {"name": "BioScout", "slug": "bioscout"}, "workview_url": "https://darwin.v7labs.com/workview?dataset=538883&item=0183d477-6030-28e0-5b56-6429b0499435"}, "slots": [{"type": "image", "slot_name": "0", "width": 4064, "height": 3040, "thumbnail_url": "https://darwin.v7labs.com/api/v2/teams/bioscout/files/9cdca731-63ee-4e62-ae2d-cf5ae522265c/thumbnail", "source_files": [{"file_name": "7002_a0e2a7d3-a434-461e-b864-533abceb6640_2022_01_19.jpeg", "url": "https://darwin.v7labs.com/api/v2/teams/bioscout/uploads/5acc6811-d682-41ca-8896-1095be8cada6"}]}]}, "annotations": []}