{"version": "2.0", "schema_ref": "https://darwin-public.s3.eu-west-1.amazonaws.com/darwin_json_2_0.schema.json", "item": {"name": "7002_9165daf6-9214-4776-9e26-f066fb1590cf_2022_01_22.jpeg", "path": "/", "source_info": {"dataset": {"name": "alternaria", "slug": "alternaria", "dataset_management_url": "https://darwin.v7labs.com/datasets/538883/dataset-management"}, "item_id": "0183d477-568b-4c0f-8661-bfa7285ac1ac", "team": {"name": "BioScout", "slug": "bioscout"}, "workview_url": "https://darwin.v7labs.com/workview?dataset=538883&item=0183d477-568b-4c0f-8661-bfa7285ac1ac"}, "slots": [{"type": "image", "slot_name": "0", "width": 4064, "height": 3040, "thumbnail_url": "https://darwin.v7labs.com/api/v2/teams/bioscout/files/9d3f3de7-4a04-453d-97af-65121dbcbcc1/thumbnail", "source_files": [{"file_name": "7002_9165daf6-9214-4776-9e26-f066fb1590cf_2022_01_22.jpeg", "url": "https://darwin.v7labs.com/api/v2/teams/bioscout/uploads/f0c28f96-e715-4f0f-a12b-e615bfd0d0d8"}]}]}, "annotations": [{"bounding_box": {"h": 185.0, "w": 206.0, "x": 338.0, "y": 1652.0}, "id": "8798388e-86d0-4bb7-83ad-41f52422d4ad", "name": "Alternaria spp.", "slot_names": ["0"]}, {"bounding_box": {"h": 207.0, "w": 109.0, "x": 490.0, "y": 1453.0}, "id": "d82c35b9-5e7d-4d24-af80-fdd895c22bc7", "name": "Alternaria spp.", "slot_names": ["0"]}, {"bounding_box": {"h": 238.0, "w": 134.0, "x": 463.0, "y": 1234.0}, "id": "558c3a56-731a-4721-8344-c810a1778f8c", "name": "Alternaria spp.", "slot_names": ["0"]}]}