{"version": "2.0", "schema_ref": "https://darwin-public.s3.eu-west-1.amazonaws.com/darwin_json_2_0.schema.json", "item": {"name": "7002_5d9a4688-65b6-4575-a795-93de8237f192_2022_01_11.jpeg", "path": "/", "source_info": {"dataset": {"name": "alternaria", "slug": "alternaria", "dataset_management_url": "https://darwin.v7labs.com/datasets/538883/dataset-management"}, "item_id": "0183d477-5680-62a9-b709-7240ec79a4d6", "team": {"name": "BioScout", "slug": "bioscout"}, "workview_url": "https://darwin.v7labs.com/workview?dataset=538883&item=0183d477-5680-62a9-b709-7240ec79a4d6"}, "slots": [{"type": "image", "slot_name": "0", "width": 4064, "height": 3040, "thumbnail_url": "https://darwin.v7labs.com/api/v2/teams/bioscout/files/e4473af8-c25a-4ce1-9e0d-b6e05e7a6a39/thumbnail", "source_files": [{"file_name": "7002_5d9a4688-65b6-4575-a795-93de8237f192_2022_01_11.jpeg", "url": "https://darwin.v7labs.com/api/v2/teams/bioscout/uploads/446c6ea7-2c42-4df2-84b2-141c1e9b7a80"}]}]}, "annotations": [{"bounding_box": {"h": 128.0, "w": 376.0, "x": 783.0, "y": 967.0}, "id": "423b28fb-47f7-43af-a2f6-0dfe70085494", "name": "Alternaria spp.", "slot_names": ["0"]}]}