{"version": "2.0", "schema_ref": "https://darwin-public.s3.eu-west-1.amazonaws.com/darwin_json_2_0.schema.json", "item": {"name": "7002_7b4d3882-6bc2-4490-8daf-e8b7abe6e201_2022_01_28.jpeg", "path": "/", "source_info": {"dataset": {"name": "alternaria", "slug": "alternaria", "dataset_management_url": "https://darwin.v7labs.com/datasets/538883/dataset-management"}, "item_id": "0183d477-6027-bf8d-1177-407d5b857775", "team": {"name": "BioScout", "slug": "bioscout"}, "workview_url": "https://darwin.v7labs.com/workview?dataset=538883&item=0183d477-6027-bf8d-1177-407d5b857775"}, "slots": [{"type": "image", "slot_name": "0", "width": 4064, "height": 3040, "thumbnail_url": "https://darwin.v7labs.com/api/v2/teams/bioscout/files/6d7ddc55-071f-44f8-9b5f-3c179daf82b5/thumbnail", "source_files": [{"file_name": "7002_7b4d3882-6bc2-4490-8daf-e8b7abe6e201_2022_01_28.jpeg", "url": "https://darwin.v7labs.com/api/v2/teams/bioscout/uploads/6e4cda26-5c97-433e-9d7b-d40bdbf527d5"}]}]}, "annotations": [{"bounding_box": {"h": 321.0, "w": 205.0, "x": 3262.0, "y": 635.0}, "id": "ebb411dc-d134-4c6c-910b-8bbee2f492c7", "name": "Alternaria spp.", "slot_names": ["0"]}, {"bounding_box": {"h": 222.0, "w": 349.0, "x": 3486.0, "y": 2410.0}, "id": "35934c35-ae32-4305-b2ab-20f38d74da40", "name": "Alternaria spp.", "slot_names": ["0"]}, {"bounding_box": {"h": 170.0, "w": 197.0, "x": 3326.0, "y": 106.0}, "id": "22661123-50ac-4faf-9473-ae43437dfe46", "name": "Alternaria spp.", "slot_names": ["0"]}, {"bounding_box": {"h": 240.0, "w": 165.0, "x": 3128.0, "y": 432.0}, "id": "cf2fa118-4eaa-412b-88f1-bb3e468ab640", "name": "Alternaria spp.", "slot_names": ["0"]}, {"bounding_box": {"h": 291.0, "w": 104.0, "x": 1026.0, "y": 1289.0}, "id": "e8758b45-80cc-4625-8251-ee02130cece6", "name": "Alternaria spp.", "slot_names": ["0"]}, {"bounding_box": {"h": 255.0, "w": 167.0, "x": 859.0, "y": 1590.0}, "id": "3dbc50fc-8e5d-442c-b8d1-522ab029fdd7", "name": "Alternaria spp.", "slot_names": ["0"]}, {"bounding_box": {"h": 271.0, "w": 203.0, "x": 1236.0, "y": 747.0}, "id": "cf39b524-adb4-465b-a38d-2f396d70fdb0", "name": "Alternaria spp.", "slot_names": ["0"]}]}