{"version": "2.0", "schema_ref": "https://darwin-public.s3.eu-west-1.amazonaws.com/darwin_json_2_0.schema.json", "item": {"name": "7002_e39272b7-4724-4e4b-9c39-8e29af83c2d5_2022_01_12.jpeg", "path": "/", "source_info": {"dataset": {"name": "alternaria", "slug": "alternaria", "dataset_management_url": "https://darwin.v7labs.com/datasets/538883/dataset-management"}, "item_id": "0183d477-567f-b87e-b11e-db0a0f41cc2d", "team": {"name": "BioScout", "slug": "bioscout"}, "workview_url": "https://darwin.v7labs.com/workview?dataset=538883&item=0183d477-567f-b87e-b11e-db0a0f41cc2d"}, "slots": [{"type": "image", "slot_name": "0", "width": 4064, "height": 3040, "thumbnail_url": "https://darwin.v7labs.com/api/v2/teams/bioscout/files/50d5f637-ffbd-431c-b624-604b0c9b032e/thumbnail", "source_files": [{"file_name": "7002_e39272b7-4724-4e4b-9c39-8e29af83c2d5_2022_01_12.jpeg", "url": "https://darwin.v7labs.com/api/v2/teams/bioscout/uploads/aac529de-f392-451c-9bb6-5f1702332d84"}]}]}, "annotations": [{"bounding_box": {"h": 149.0, "w": 404.0, "x": 1446.0, "y": 1329.0}, "id": "9ab3706a-6063-4c05-ab66-f473d980e3e0", "name": "Alternaria spp.", "slot_names": ["0"]}]}