{"version": "2.0", "schema_ref": "https://darwin-public.s3.eu-west-1.amazonaws.com/darwin_json_2_0.schema.json", "item": {"name": "7002_8613191d-45e7-49b5-8062-08ad01cf15d6_2022_01_12.jpeg", "path": "/", "source_info": {"dataset": {"name": "alternaria", "slug": "alternaria", "dataset_management_url": "https://darwin.v7labs.com/datasets/538883/dataset-management"}, "item_id": "0183d477-5677-2e2c-d1f5-6b66c48b0eab", "team": {"name": "BioScout", "slug": "bioscout"}, "workview_url": "https://darwin.v7labs.com/workview?dataset=538883&item=0183d477-5677-2e2c-d1f5-6b66c48b0eab"}, "slots": [{"type": "image", "slot_name": "0", "width": 4064, "height": 3040, "thumbnail_url": "https://darwin.v7labs.com/api/v2/teams/bioscout/files/6574333d-34b6-4414-9cb0-cffc4936d9f8/thumbnail", "source_files": [{"file_name": "7002_8613191d-45e7-49b5-8062-08ad01cf15d6_2022_01_12.jpeg", "url": "https://darwin.v7labs.com/api/v2/teams/bioscout/uploads/2f81192a-8732-493e-a6f2-7ca5cef61a6d"}]}]}, "annotations": [{"bounding_box": {"h": 201.0, "w": 201.0, "x": 1061.0, "y": 2404.0}, "id": "e3f9c406-415a-486a-9e46-622cddbef94f", "name": "Alternaria spp.", "slot_names": ["0"]}, {"bounding_box": {"h": 169.0, "w": 61.0, "x": 1435.0, "y": 1559.0}, "id": "0e69a4c9-920c-4840-aac9-7ef69a1e73f2", "name": "Alternaria spp.", "slot_names": ["0"]}]}