{"version": "2.0", "schema_ref": "https://darwin-public.s3.eu-west-1.amazonaws.com/darwin_json_2_0.schema.json", "item": {"name": "7002_14323c17-7c20-4396-817d-798f4b125ae0_2022_01_09.jpeg", "path": "/", "source_info": {"dataset": {"name": "alternaria", "slug": "alternaria", "dataset_management_url": "https://darwin.v7labs.com/datasets/538883/dataset-management"}, "item_id": "0183d477-6030-63f1-cb9c-9347c688c185", "team": {"name": "BioScout", "slug": "bioscout"}, "workview_url": "https://darwin.v7labs.com/workview?dataset=538883&item=0183d477-6030-63f1-cb9c-9347c688c185"}, "slots": [{"type": "image", "slot_name": "0", "width": 4064, "height": 3040, "thumbnail_url": "https://darwin.v7labs.com/api/v2/teams/bioscout/files/76ed28fd-26b4-4cfe-a003-c6166e3402a9/thumbnail", "source_files": [{"file_name": "7002_14323c17-7c20-4396-817d-798f4b125ae0_2022_01_09.jpeg", "url": "https://darwin.v7labs.com/api/v2/teams/bioscout/uploads/4946bd0a-4254-42c5-bf78-dd5e8f5ed2e9"}]}]}, "annotations": [{"bounding_box": {"h": 323.0, "w": 138.0, "x": 1399.0, "y": 515.0}, "id": "7c045a3c-3c83-4d76-adc4-882df32fad73", "name": "Alternaria spp.", "slot_names": ["0"]}]}