{"version": "2.0", "schema_ref": "https://darwin-public.s3.eu-west-1.amazonaws.com/darwin_json_2_0.schema.json", "item": {"name": "7002_6eff834d-2a17-409b-91ac-96606d16c724_2022_01_17.jpeg", "path": "/", "source_info": {"dataset": {"name": "alternaria", "slug": "alternaria", "dataset_management_url": "https://darwin.v7labs.com/datasets/538883/dataset-management"}, "item_id": "0183d477-567a-c14c-1774-9fb80a978af8", "team": {"name": "BioScout", "slug": "bioscout"}, "workview_url": "https://darwin.v7labs.com/workview?dataset=538883&item=0183d477-567a-c14c-1774-9fb80a978af8"}, "slots": [{"type": "image", "slot_name": "0", "width": 4064, "height": 3040, "thumbnail_url": "https://darwin.v7labs.com/api/v2/teams/bioscout/files/0fbe5c72-79a3-4f59-830c-32f4c74b60c5/thumbnail", "source_files": [{"file_name": "7002_6eff834d-2a17-409b-91ac-96606d16c724_2022_01_17.jpeg", "url": "https://darwin.v7labs.com/api/v2/teams/bioscout/uploads/d6446e8b-e798-4036-8bd5-95971b15abfd"}]}]}, "annotations": [{"bounding_box": {"h": 154.0, "w": 357.0, "x": 111.0, "y": 2048.0}, "id": "2122c774-9884-4301-889b-1f76d9dac6d6", "name": "Alternaria spp.", "slot_names": ["0"]}]}