{"version": "2.0", "schema_ref": "https://darwin-public.s3.eu-west-1.amazonaws.com/darwin_json_2_0.schema.json", "item": {"name": "7002_32559e29-cac4-4c28-9014-f07c1bd767b3_2022_01_11.jpeg", "path": "/", "source_info": {"dataset": {"name": "alternaria", "slug": "alternaria", "dataset_management_url": "https://darwin.v7labs.com/datasets/538883/dataset-management"}, "item_id": "0183d477-5678-3b5c-a4ef-699ed1572130", "team": {"name": "BioScout", "slug": "bioscout"}, "workview_url": "https://darwin.v7labs.com/workview?dataset=538883&item=0183d477-5678-3b5c-a4ef-699ed1572130"}, "slots": [{"type": "image", "slot_name": "0", "width": 4064, "height": 3040, "thumbnail_url": "https://darwin.v7labs.com/api/v2/teams/bioscout/files/63e56863-4e3a-43c3-99f2-a1e847436a04/thumbnail", "source_files": [{"file_name": "7002_32559e29-cac4-4c28-9014-f07c1bd767b3_2022_01_11.jpeg", "url": "https://darwin.v7labs.com/api/v2/teams/bioscout/uploads/c4e44992-d5cd-4eaf-a83f-72624b0ad700"}]}]}, "annotations": [{"bounding_box": {"h": 128.0, "w": 406.0, "x": 2412.0, "y": 1182.0}, "id": "1cb3cc34-d027-4628-b4b7-1021082b9763", "name": "Alternaria spp.", "slot_names": ["0"]}]}