{"version": "2.0", "schema_ref": "https://darwin-public.s3.eu-west-1.amazonaws.com/darwin_json_2_0.schema.json", "item": {"name": "7002_f811af0e-b368-412e-a5dd-ba6df6dedaae_2022_01_11.jpeg", "path": "/", "source_info": {"dataset": {"name": "alternaria", "slug": "alternaria", "dataset_management_url": "https://darwin.v7labs.com/datasets/538883/dataset-management"}, "item_id": "0183d477-567e-b61e-d0fa-add75ccaae2e", "team": {"name": "BioScout", "slug": "bioscout"}, "workview_url": "https://darwin.v7labs.com/workview?dataset=538883&item=0183d477-567e-b61e-d0fa-add75ccaae2e"}, "slots": [{"type": "image", "slot_name": "0", "width": 4064, "height": 3040, "thumbnail_url": "https://darwin.v7labs.com/api/v2/teams/bioscout/files/08180d8d-ba55-4101-89b1-2ece63f6000f/thumbnail", "source_files": [{"file_name": "7002_f811af0e-b368-412e-a5dd-ba6df6dedaae_2022_01_11.jpeg", "url": "https://darwin.v7labs.com/api/v2/teams/bioscout/uploads/15f4aee8-ccd2-4d66-81ec-d5e7cac280cd"}]}]}, "annotations": [{"bounding_box": {"h": 119.0, "w": 369.0, "x": 3688.0, "y": 1201.0}, "id": "ff95bcb9-b6d1-4f3a-900a-c931b9b2563a", "name": "Alternaria spp.", "slot_names": ["0"]}]}