{"version": "2.0", "schema_ref": "https://darwin-public.s3.eu-west-1.amazonaws.com/darwin_json_2_0.schema.json", "item": {"name": "7002_db914bb3-5326-4795-a116-ab266901a2a7_2022_01_09.jpeg", "path": "/", "source_info": {"dataset": {"name": "alternaria", "slug": "alternaria", "dataset_management_url": "https://darwin.v7labs.com/datasets/538883/dataset-management"}, "item_id": "0183d477-5676-7b30-40da-c899385ba0d1", "team": {"name": "BioScout", "slug": "bioscout"}, "workview_url": "https://darwin.v7labs.com/workview?dataset=538883&item=0183d477-5676-7b30-40da-c899385ba0d1"}, "slots": [{"type": "image", "slot_name": "0", "width": 4064, "height": 3040, "thumbnail_url": "https://darwin.v7labs.com/api/v2/teams/bioscout/files/1fd87949-5bc8-4387-936c-1dcce3e84ce6/thumbnail", "source_files": [{"file_name": "7002_db914bb3-5326-4795-a116-ab266901a2a7_2022_01_09.jpeg", "url": "https://darwin.v7labs.com/api/v2/teams/bioscout/uploads/4ce30a2e-5aff-46a3-8d99-36edaf3dff09"}]}]}, "annotations": [{"bounding_box": {"h": 171.0, "w": 142.0, "x": 755.0, "y": 199.0}, "id": "cfd41978-c552-4cb7-aa87-c884f0569f75", "name": "Alternaria spp.", "slot_names": ["0"]}]}