{"version": "2.0", "schema_ref": "https://darwin-public.s3.eu-west-1.amazonaws.com/darwin_json_2_0.schema.json", "item": {"name": "7002_295fc719-cbf4-41d9-a15a-1daaf3b64b41_2022_01_21.jpeg", "path": "/", "source_info": {"dataset": {"name": "alternaria", "slug": "alternaria", "dataset_management_url": "https://darwin.v7labs.com/datasets/538883/dataset-management"}, "item_id": "0183d477-6031-f881-cc66-2aed42380cad", "team": {"name": "BioScout", "slug": "bioscout"}, "workview_url": "https://darwin.v7labs.com/workview?dataset=538883&item=0183d477-6031-f881-cc66-2aed42380cad"}, "slots": [{"type": "image", "slot_name": "0", "width": 4064, "height": 3040, "thumbnail_url": "https://darwin.v7labs.com/api/v2/teams/bioscout/files/a03b0325-8d23-4731-accd-5c52fa8a37ad/thumbnail", "source_files": [{"file_name": "7002_295fc719-cbf4-41d9-a15a-1daaf3b64b41_2022_01_21.jpeg", "url": "https://darwin.v7labs.com/api/v2/teams/bioscout/uploads/ca2a66ba-bc7e-4586-9f61-faaeb9ea441b"}]}]}, "annotations": [{"bounding_box": {"h": 102.0, "w": 184.0, "x": 2178.0, "y": 429.0}, "id": "317f5263-a23d-48cd-a654-521518a06581", "name": "Alternaria spp.", "slot_names": ["0"]}, {"bounding_box": {"h": 185.0, "w": 393.0, "x": 466.0, "y": 1662.0}, "id": "9249e071-eeb5-4603-b491-72d62418204a", "name": "Alternaria spp.", "slot_names": ["0"]}]}