{"version": "2.0", "schema_ref": "https://darwin-public.s3.eu-west-1.amazonaws.com/darwin_json_2_0.schema.json", "item": {"name": "7002_a7cc28b7-50c0-4308-8cce-ce17fc7f195f_2022_01_28.jpeg", "path": "/", "source_info": {"dataset": {"name": "alternaria", "slug": "alternaria", "dataset_management_url": "https://darwin.v7labs.com/datasets/538883/dataset-management"}, "item_id": "0183d477-567a-9d5f-b6ed-b4e9fab033db", "team": {"name": "BioScout", "slug": "bioscout"}, "workview_url": "https://darwin.v7labs.com/workview?dataset=538883&item=0183d477-567a-9d5f-b6ed-b4e9fab033db"}, "slots": [{"type": "image", "slot_name": "0", "width": 4064, "height": 3040, "thumbnail_url": "https://darwin.v7labs.com/api/v2/teams/bioscout/files/ec1690c2-ecd7-4424-8f4b-cbb1adc1eb58/thumbnail", "source_files": [{"file_name": "7002_a7cc28b7-50c0-4308-8cce-ce17fc7f195f_2022_01_28.jpeg", "url": "https://darwin.v7labs.com/api/v2/teams/bioscout/uploads/8a66c642-2217-4bb9-86aa-9e61667b1917"}]}]}, "annotations": [{"bounding_box": {"h": 101.0, "w": 219.0, "x": 920.0, "y": 270.0}, "id": "7e893eb5-b67d-486f-9b94-6a7cb8e5f5e5", "name": "Alternaria spp.", "slot_names": ["0"]}, {"bounding_box": {"h": 90.0, "w": 282.0, "x": 3182.0, "y": 1416.0}, "id": "bdbb1062-09fb-4e4e-a840-59718a0721d5", "name": "Alternaria spp.", "slot_names": ["0"]}]}