{"version": "2.0", "schema_ref": "https://darwin-public.s3.eu-west-1.amazonaws.com/darwin_json_2_0.schema.json", "item": {"name": "7002_8774850f-7f1c-45bc-9b88-ae8f7d6c388f_2022_01_20.jpeg", "path": "/", "source_info": {"dataset": {"name": "alternaria", "slug": "alternaria", "dataset_management_url": "https://darwin.v7labs.com/datasets/538883/dataset-management"}, "item_id": "0183d477-6024-8da8-d8d3-13eae6b55f05", "team": {"name": "BioScout", "slug": "bioscout"}, "workview_url": "https://darwin.v7labs.com/workview?dataset=538883&item=0183d477-6024-8da8-d8d3-13eae6b55f05"}, "slots": [{"type": "image", "slot_name": "0", "width": 4064, "height": 3040, "thumbnail_url": "https://darwin.v7labs.com/api/v2/teams/bioscout/files/30481f22-b4a6-4970-908b-16157e2aa277/thumbnail", "source_files": [{"file_name": "7002_8774850f-7f1c-45bc-9b88-ae8f7d6c388f_2022_01_20.jpeg", "url": "https://darwin.v7labs.com/api/v2/teams/bioscout/uploads/4eb2ced1-663d-42ee-bf1f-483bd5373eda"}]}]}, "annotations": [{"bounding_box": {"h": 249.0, "w": 274.0, "x": 3614.0, "y": 310.0}, "id": "f063de42-11f6-4665-aa6f-b6ea9fcdf476", "name": "Alternaria spp.", "slot_names": ["0"]}, {"bounding_box": {"h": 77.0, "w": 235.0, "x": 1248.0, "y": 726.0}, "id": "dcd3b544-425e-48c7-b8ca-3ca492e8f3e1", "name": "Alternaria spp.", "slot_names": ["0"]}]}