{"version": "2.0", "schema_ref": "https://darwin-public.s3.eu-west-1.amazonaws.com/darwin_json_2_0.schema.json", "item": {"name": "7002_cdc73c28-1393-4481-aa34-07530c1fb8ba_2022_01_14.jpeg", "path": "/", "source_info": {"dataset": {"name": "alternaria", "slug": "alternaria", "dataset_management_url": "https://darwin.v7labs.com/datasets/538883/dataset-management"}, "item_id": "0183d477-5683-bab0-19b3-5191f1418616", "team": {"name": "BioScout", "slug": "bioscout"}, "workview_url": "https://darwin.v7labs.com/workview?dataset=538883&item=0183d477-5683-bab0-19b3-5191f1418616"}, "slots": [{"type": "image", "slot_name": "0", "width": 4064, "height": 3040, "thumbnail_url": "https://darwin.v7labs.com/api/v2/teams/bioscout/files/dcd2b68f-267b-4ebd-8fd1-97c445d666ed/thumbnail", "source_files": [{"file_name": "7002_cdc73c28-1393-4481-aa34-07530c1fb8ba_2022_01_14.jpeg", "url": "https://darwin.v7labs.com/api/v2/teams/bioscout/uploads/a8cf24f2-3ce1-45a4-ba06-fd354dc0d3c8"}]}]}, "annotations": []}