{"version": "2.0", "schema_ref": "https://darwin-public.s3.eu-west-1.amazonaws.com/darwin_json_2_0.schema.json", "item": {"name": "7002_3086addc-55dd-479f-9a84-26996978885c_2022_01_21.jpeg", "path": "/", "source_info": {"dataset": {"name": "alternaria", "slug": "alternaria", "dataset_management_url": "https://darwin.v7labs.com/datasets/538883/dataset-management"}, "item_id": "0183d477-5689-6db7-60e0-f3286f6cd623", "team": {"name": "BioScout", "slug": "bioscout"}, "workview_url": "https://darwin.v7labs.com/workview?dataset=538883&item=0183d477-5689-6db7-60e0-f3286f6cd623"}, "slots": [{"type": "image", "slot_name": "0", "width": 4064, "height": 3040, "thumbnail_url": "https://darwin.v7labs.com/api/v2/teams/bioscout/files/b9f7afce-7990-45e6-a86f-6124977d95f6/thumbnail", "source_files": [{"file_name": "7002_3086addc-55dd-479f-9a84-26996978885c_2022_01_21.jpeg", "url": "https://darwin.v7labs.com/api/v2/teams/bioscout/uploads/d97820d5-663e-487e-b058-55a5841d8118"}]}]}, "annotations": [{"bounding_box": {"h": 196.0, "w": 334.0, "x": 340.0, "y": 2595.0}, "id": "3dd0b3d7-3469-46b3-9653-e5b59ee7bbc7", "name": "Alternaria spp.", "slot_names": ["0"]}]}