{"version": "2.0", "schema_ref": "https://darwin-public.s3.eu-west-1.amazonaws.com/darwin_json_2_0.schema.json", "item": {"name": "7002_009f2b3a-775b-44da-83dc-d48edd46ef24_2022_01_28.jpeg", "path": "/", "source_info": {"dataset": {"name": "alternaria", "slug": "alternaria", "dataset_management_url": "https://darwin.v7labs.com/datasets/538883/dataset-management"}, "item_id": "0183d477-6026-c413-d5c2-d189dae8bb22", "team": {"name": "BioScout", "slug": "bioscout"}, "workview_url": "https://darwin.v7labs.com/workview?dataset=538883&item=0183d477-6026-c413-d5c2-d189dae8bb22"}, "slots": [{"type": "image", "slot_name": "0", "width": 4064, "height": 3040, "thumbnail_url": "https://darwin.v7labs.com/api/v2/teams/bioscout/files/8427db06-8159-4f32-a28e-c59ad4e024fd/thumbnail", "source_files": [{"file_name": "7002_009f2b3a-775b-44da-83dc-d48edd46ef24_2022_01_28.jpeg", "url": "https://darwin.v7labs.com/api/v2/teams/bioscout/uploads/95f97c31-7065-445e-8275-4bbb7936974b"}]}]}, "annotations": [{"bounding_box": {"h": 119.0, "w": 245.0, "x": 2980.0, "y": 1759.0}, "id": "3a3e520e-3e2c-42c0-8ad5-080e8ce7b937", "name": "Alternaria spp.", "slot_names": ["0"]}]}