{"version": "2.0", "schema_ref": "https://darwin-public.s3.eu-west-1.amazonaws.com/darwin_json_2_0.schema.json", "item": {"name": "7002_854c89cf-a44b-4140-aac2-62cb6328583f_2022_01_14.jpeg", "path": "/", "source_info": {"dataset": {"name": "alternaria", "slug": "alternaria", "dataset_management_url": "https://darwin.v7labs.com/datasets/538883/dataset-management"}, "item_id": "0183d477-5677-477a-7f9b-c99deb70ccf1", "team": {"name": "BioScout", "slug": "bioscout"}, "workview_url": "https://darwin.v7labs.com/workview?dataset=538883&item=0183d477-5677-477a-7f9b-c99deb70ccf1"}, "slots": [{"type": "image", "slot_name": "0", "width": 4064, "height": 3040, "thumbnail_url": "https://darwin.v7labs.com/api/v2/teams/bioscout/files/b3bb1d12-f172-4c71-9f44-176a5473251a/thumbnail", "source_files": [{"file_name": "7002_854c89cf-a44b-4140-aac2-62cb6328583f_2022_01_14.jpeg", "url": "https://darwin.v7labs.com/api/v2/teams/bioscout/uploads/85278ea9-0a6d-487f-9e8b-9f5bee349407"}]}]}, "annotations": []}