{"version": "2.0", "schema_ref": "https://darwin-public.s3.eu-west-1.amazonaws.com/darwin_json_2_0.schema.json", "item": {"name": "7002_6f53efa4-ff64-492a-af9d-bdee3bc10495_2022_01_30.jpeg", "path": "/", "source_info": {"dataset": {"name": "alternaria", "slug": "alternaria", "dataset_management_url": "https://darwin.v7labs.com/datasets/538883/dataset-management"}, "item_id": "0183d477-5675-ee71-0052-c73b0e307d1d", "team": {"name": "BioScout", "slug": "bioscout"}, "workview_url": "https://darwin.v7labs.com/workview?dataset=538883&item=0183d477-5675-ee71-0052-c73b0e307d1d"}, "slots": [{"type": "image", "slot_name": "0", "width": 4064, "height": 3040, "thumbnail_url": "https://darwin.v7labs.com/api/v2/teams/bioscout/files/4fd46601-c7aa-4abd-88fd-162ae689adc7/thumbnail", "source_files": [{"file_name": "7002_6f53efa4-ff64-492a-af9d-bdee3bc10495_2022_01_30.jpeg", "url": "https://darwin.v7labs.com/api/v2/teams/bioscout/uploads/43ba57ba-b47e-4e96-8bd9-e82c9705052b"}]}]}, "annotations": [{"bounding_box": {"h": 88.0, "w": 201.0, "x": 2398.0, "y": 2181.0}, "id": "58357012-9b3f-4643-bcf2-e6f1d6b4f40b", "name": "Alternaria spp.", "slot_names": ["0"]}]}