{"version": "2.0", "schema_ref": "https://darwin-public.s3.eu-west-1.amazonaws.com/darwin_json_2_0.schema.json", "item": {"name": "7002_049856e6-c6ce-41a8-8d8b-5b7917681118_2022_01_02.jpeg", "path": "/", "source_info": {"dataset": {"name": "alternaria", "slug": "alternaria", "dataset_management_url": "https://darwin.v7labs.com/datasets/538883/dataset-management"}, "item_id": "0183d477-568c-5530-2002-d839f71f8b2c", "team": {"name": "BioScout", "slug": "bioscout"}, "workview_url": "https://darwin.v7labs.com/workview?dataset=538883&item=0183d477-568c-5530-2002-d839f71f8b2c"}, "slots": [{"type": "image", "slot_name": "0", "width": 4064, "height": 3040, "thumbnail_url": "https://darwin.v7labs.com/api/v2/teams/bioscout/files/3748a968-f2d7-47ad-b3e4-32550b9f4b4f/thumbnail", "source_files": [{"file_name": "7002_049856e6-c6ce-41a8-8d8b-5b7917681118_2022_01_02.jpeg", "url": "https://darwin.v7labs.com/api/v2/teams/bioscout/uploads/6f182ca1-ece8-4c75-84f1-837ecb8850cc"}]}]}, "annotations": [{"bounding_box": {"h": 93.0, "w": 298.0, "x": 2518.0, "y": 1153.0}, "id": "e273b40d-7c16-4b1b-898f-d771da571af1", "name": "Alternaria spp.", "slot_names": ["0"]}]}