{"version": "2.0", "schema_ref": "https://darwin-public.s3.eu-west-1.amazonaws.com/darwin_json_2_0.schema.json", "item": {"name": "7002_44f7ae6c-27ff-4ea9-8ebf-7cf068161f69_2022_01_11.jpeg", "path": "/", "source_info": {"dataset": {"name": "alternaria", "slug": "alternaria", "dataset_management_url": "https://darwin.v7labs.com/datasets/538883/dataset-management"}, "item_id": "0183d477-5681-ec26-2f3e-00a3eb8e3042", "team": {"name": "BioScout", "slug": "bioscout"}, "workview_url": "https://darwin.v7labs.com/workview?dataset=538883&item=0183d477-5681-ec26-2f3e-00a3eb8e3042"}, "slots": [{"type": "image", "slot_name": "0", "width": 4064, "height": 3040, "thumbnail_url": "https://darwin.v7labs.com/api/v2/teams/bioscout/files/82870d8e-41a1-4ed7-ba9e-defda6deb051/thumbnail", "source_files": [{"file_name": "7002_44f7ae6c-27ff-4ea9-8ebf-7cf068161f69_2022_01_11.jpeg", "url": "https://darwin.v7labs.com/api/v2/teams/bioscout/uploads/8d29b71e-1e1a-499a-90ea-747e999fb52f"}]}]}, "annotations": [{"bounding_box": {"h": 200.0, "w": 174.0, "x": 43.0, "y": 1772.0}, "id": "eb73bf48-974b-4173-815b-d82e27c42af4", "name": "Alternaria spp.", "slot_names": ["0"]}]}