{"version": "2.0", "schema_ref": "https://darwin-public.s3.eu-west-1.amazonaws.com/darwin_json_2_0.schema.json", "item": {"name": "7002_9543f000-7926-4b01-b9fb-59f41e785d84_2022_01_28.jpeg", "path": "/", "source_info": {"dataset": {"name": "alternaria", "slug": "alternaria", "dataset_management_url": "https://darwin.v7labs.com/datasets/538883/dataset-management"}, "item_id": "0183d477-602e-e76d-6dfd-30f4c21d2649", "team": {"name": "BioScout", "slug": "bioscout"}, "workview_url": "https://darwin.v7labs.com/workview?dataset=538883&item=0183d477-602e-e76d-6dfd-30f4c21d2649"}, "slots": [{"type": "image", "slot_name": "0", "width": 4064, "height": 3040, "thumbnail_url": "https://darwin.v7labs.com/api/v2/teams/bioscout/files/2315cb7a-7c8a-4ec4-b785-08870251755f/thumbnail", "source_files": [{"file_name": "7002_9543f000-7926-4b01-b9fb-59f41e785d84_2022_01_28.jpeg", "url": "https://darwin.v7labs.com/api/v2/teams/bioscout/uploads/2db6f35f-ae34-4c4a-8791-9bb56db3ab1b"}]}]}, "annotations": [{"bounding_box": {"h": 252.0, "w": 233.0, "x": 1563.0, "y": 1149.0}, "id": "80ca1334-d4c4-4522-8ba6-40f3d3df9dda", "name": "Alternaria spp.", "slot_names": ["0"]}, {"bounding_box": {"h": 197.0, "w": 271.0, "x": 2636.0, "y": 2381.0}, "id": "cf8219d8-678d-45b0-b26d-4f6cd5b2f711", "name": "Alternaria spp.", "slot_names": ["0"]}]}