{"version": "2.0", "schema_ref": "https://darwin-public.s3.eu-west-1.amazonaws.com/darwin_json_2_0.schema.json", "item": {"name": "7002_54f634c5-c233-49ef-bb07-d7ec5f8ee5b9_2022_01_17.jpeg", "path": "/", "source_info": {"dataset": {"name": "alternaria", "slug": "alternaria", "dataset_management_url": "https://darwin.v7labs.com/datasets/538883/dataset-management"}, "item_id": "0183d477-568c-ceb6-2fbe-e80c3a012d0f", "team": {"name": "BioScout", "slug": "bioscout"}, "workview_url": "https://darwin.v7labs.com/workview?dataset=538883&item=0183d477-568c-ceb6-2fbe-e80c3a012d0f"}, "slots": [{"type": "image", "slot_name": "0", "width": 4064, "height": 3040, "thumbnail_url": "https://darwin.v7labs.com/api/v2/teams/bioscout/files/07517c7f-254f-4f4b-a1a2-fa9217bfb463/thumbnail", "source_files": [{"file_name": "7002_54f634c5-c233-49ef-bb07-d7ec5f8ee5b9_2022_01_17.jpeg", "url": "https://darwin.v7labs.com/api/v2/teams/bioscout/uploads/1944765e-3871-4e97-95d7-154e67536d18"}]}]}, "annotations": [{"bounding_box": {"h": 207.0, "w": 336.0, "x": 3185.0, "y": 2361.0}, "id": "3cc92892-8856-4c1f-8f80-5edea3ce3b19", "name": "Alternaria spp.", "slot_names": ["0"]}]}