{"version": "2.0", "schema_ref": "https://darwin-public.s3.eu-west-1.amazonaws.com/darwin_json_2_0.schema.json", "item": {"name": "7002_68173ef3-f3ed-4c7a-b99c-73f1fe53f8af_2022_01_20.jpeg", "path": "/", "source_info": {"dataset": {"name": "alternaria", "slug": "alternaria", "dataset_management_url": "https://darwin.v7labs.com/datasets/538883/dataset-management"}, "item_id": "0183d477-6023-6400-8b63-0cc6c22a5ff2", "team": {"name": "BioScout", "slug": "bioscout"}, "workview_url": "https://darwin.v7labs.com/workview?dataset=538883&item=0183d477-6023-6400-8b63-0cc6c22a5ff2"}, "slots": [{"type": "image", "slot_name": "0", "width": 4064, "height": 3040, "thumbnail_url": "https://darwin.v7labs.com/api/v2/teams/bioscout/files/401a9464-371c-4ce9-be23-759342b9ab03/thumbnail", "source_files": [{"file_name": "7002_68173ef3-f3ed-4c7a-b99c-73f1fe53f8af_2022_01_20.jpeg", "url": "https://darwin.v7labs.com/api/v2/teams/bioscout/uploads/022e90b6-c24b-432b-a629-c7fdd5fb331c"}]}]}, "annotations": []}