{"version": "2.0", "schema_ref": "https://darwin-public.s3.eu-west-1.amazonaws.com/darwin_json_2_0.schema.json", "item": {"name": "7002_da8f33ba-3ebd-4560-b46b-b933bd92cc6a_2022_01_20.jpeg", "path": "/", "source_info": {"dataset": {"name": "alternaria", "slug": "alternaria", "dataset_management_url": "https://darwin.v7labs.com/datasets/538883/dataset-management"}, "item_id": "0183d477-567e-e142-36b1-c02ab3027e5d", "team": {"name": "BioScout", "slug": "bioscout"}, "workview_url": "https://darwin.v7labs.com/workview?dataset=538883&item=0183d477-567e-e142-36b1-c02ab3027e5d"}, "slots": [{"type": "image", "slot_name": "0", "width": 4064, "height": 3040, "thumbnail_url": "https://darwin.v7labs.com/api/v2/teams/bioscout/files/dfe844d4-92a6-428b-8ca0-eebf29b1deae/thumbnail", "source_files": [{"file_name": "7002_da8f33ba-3ebd-4560-b46b-b933bd92cc6a_2022_01_20.jpeg", "url": "https://darwin.v7labs.com/api/v2/teams/bioscout/uploads/205b4458-af3e-4657-99c6-08d91f2efb23"}]}]}, "annotations": [{"bounding_box": {"h": 148.0, "w": 249.0, "x": 2113.0, "y": 2248.0}, "id": "34dcf9b4-c597-4f91-b183-aad7f2eaea8b", "name": "Alternaria spp.", "slot_names": ["0"]}, {"bounding_box": {"h": 118.0, "w": 229.0, "x": 3553.0, "y": 1531.0}, "id": "e58d3778-4fd5-4d56-9a77-b025cde22400", "name": "Alternaria spp.", "slot_names": ["0"]}]}