{"version": "2.0", "schema_ref": "https://darwin-public.s3.eu-west-1.amazonaws.com/darwin_json_2_0.schema.json", "item": {"name": "7002_48de2ce5-c437-4ac9-991d-f5f09b9de8ea_2022_01_17.jpeg", "path": "/", "source_info": {"dataset": {"name": "alternaria", "slug": "alternaria", "dataset_management_url": "https://darwin.v7labs.com/datasets/538883/dataset-management"}, "item_id": "0183d477-602b-5270-7bc8-ec7c26089478", "team": {"name": "BioScout", "slug": "bioscout"}, "workview_url": "https://darwin.v7labs.com/workview?dataset=538883&item=0183d477-602b-5270-7bc8-ec7c26089478"}, "slots": [{"type": "image", "slot_name": "0", "width": 4064, "height": 3040, "thumbnail_url": "https://darwin.v7labs.com/api/v2/teams/bioscout/files/b5f2e85f-dcf1-46b1-a005-bc2ee0efbf64/thumbnail", "source_files": [{"file_name": "7002_48de2ce5-c437-4ac9-991d-f5f09b9de8ea_2022_01_17.jpeg", "url": "https://darwin.v7labs.com/api/v2/teams/bioscout/uploads/a6567ed3-2d25-401c-8ecc-35c56371b420"}]}]}, "annotations": [{"bounding_box": {"h": 125.0, "w": 267.0, "x": 1963.0, "y": 2498.0}, "id": "acacebf9-4320-48b3-8d62-34ae527b9a12", "name": "Alternaria spp.", "slot_names": ["0"]}]}