{"version": "2.0", "schema_ref": "https://darwin-public.s3.eu-west-1.amazonaws.com/darwin_json_2_0.schema.json", "item": {"name": "7002_700b160f-71bc-4bbc-b03f-2f2b6c802462_2022_01_06.jpeg", "path": "/", "source_info": {"dataset": {"name": "alternaria", "slug": "alternaria", "dataset_management_url": "https://darwin.v7labs.com/datasets/538883/dataset-management"}, "item_id": "0183d477-568b-dad3-3858-4dbb8e536e32", "team": {"name": "BioScout", "slug": "bioscout"}, "workview_url": "https://darwin.v7labs.com/workview?dataset=538883&item=0183d477-568b-dad3-3858-4dbb8e536e32"}, "slots": [{"type": "image", "slot_name": "0", "width": 4064, "height": 3040, "thumbnail_url": "https://darwin.v7labs.com/api/v2/teams/bioscout/files/bc6853f1-37fa-452f-bc00-fe43ba9d3c5e/thumbnail", "source_files": [{"file_name": "7002_700b160f-71bc-4bbc-b03f-2f2b6c802462_2022_01_06.jpeg", "url": "https://darwin.v7labs.com/api/v2/teams/bioscout/uploads/950c5ae6-f030-44a4-a1a5-9f8970f84177"}]}]}, "annotations": [{"bounding_box": {"h": 220.0, "w": 335.0, "x": 3729.0, "y": 2545.0}, "id": "0b7e08b8-5c46-469b-9472-954f83273d30", "name": "Alternaria spp.", "slot_names": ["0"]}]}