{"version": "2.0", "schema_ref": "https://darwin-public.s3.eu-west-1.amazonaws.com/darwin_json_2_0.schema.json", "item": {"name": "7002_dc78705c-d27f-4be5-914d-a44434a5a8bc_2022_01_11.jpeg", "path": "/", "source_info": {"dataset": {"name": "alternaria", "slug": "alternaria", "dataset_management_url": "https://darwin.v7labs.com/datasets/538883/dataset-management"}, "item_id": "0183d477-5678-d476-97d2-262db58167f7", "team": {"name": "BioScout", "slug": "bioscout"}, "workview_url": "https://darwin.v7labs.com/workview?dataset=538883&item=0183d477-5678-d476-97d2-262db58167f7"}, "slots": [{"type": "image", "slot_name": "0", "width": 4064, "height": 3040, "thumbnail_url": "https://darwin.v7labs.com/api/v2/teams/bioscout/files/743e86a4-d545-4efd-8356-7cc5d1f5511a/thumbnail", "source_files": [{"file_name": "7002_dc78705c-d27f-4be5-914d-a44434a5a8bc_2022_01_11.jpeg", "url": "https://darwin.v7labs.com/api/v2/teams/bioscout/uploads/290d7a5f-801e-484b-94c3-9ff0df82db8f"}]}]}, "annotations": [{"bounding_box": {"h": 76.0, "w": 168.0, "x": 2278.0, "y": 206.0}, "id": "2c2ffc63-c86f-4ba7-9a1f-a5e58291eade", "name": "Alternaria spp.", "slot_names": ["0"]}]}