{"version": "2.0", "schema_ref": "https://darwin-public.s3.eu-west-1.amazonaws.com/darwin_json_2_0.schema.json", "item": {"name": "7002_e499d119-0370-45e3-9be8-220be21975e9_2022_01_12.jpeg", "path": "/", "source_info": {"dataset": {"name": "alternaria", "slug": "alternaria", "dataset_management_url": "https://darwin.v7labs.com/datasets/538883/dataset-management"}, "item_id": "0183d477-602c-1ea8-e201-7c73c10b357c", "team": {"name": "BioScout", "slug": "bioscout"}, "workview_url": "https://darwin.v7labs.com/workview?dataset=538883&item=0183d477-602c-1ea8-e201-7c73c10b357c"}, "slots": [{"type": "image", "slot_name": "0", "width": 4064, "height": 3040, "thumbnail_url": "https://darwin.v7labs.com/api/v2/teams/bioscout/files/0aeefeda-c855-4be4-9699-bef17773c6ee/thumbnail", "source_files": [{"file_name": "7002_e499d119-0370-45e3-9be8-220be21975e9_2022_01_12.jpeg", "url": "https://darwin.v7labs.com/api/v2/teams/bioscout/uploads/cd491021-e86f-47eb-8df7-9df03a874b98"}]}]}, "annotations": [{"bounding_box": {"h": 97.0, "w": 232.0, "x": 2681.0, "y": 1236.0}, "id": "f08813b2-bd15-4532-b596-09d6385632f0", "name": "Alternaria spp.", "slot_names": ["0"]}]}