{"version": "2.0", "schema_ref": "https://darwin-public.s3.eu-west-1.amazonaws.com/darwin_json_2_0.schema.json", "item": {"name": "7002_cdd4bebd-d7ec-4772-a697-b7f687e0efa9_2022_01_20.jpeg", "path": "/", "source_info": {"dataset": {"name": "alternaria", "slug": "alternaria", "dataset_management_url": "https://darwin.v7labs.com/datasets/538883/dataset-management"}, "item_id": "0183d477-568b-01a9-e6ea-d16af92923d2", "team": {"name": "BioScout", "slug": "bioscout"}, "workview_url": "https://darwin.v7labs.com/workview?dataset=538883&item=0183d477-568b-01a9-e6ea-d16af92923d2"}, "slots": [{"type": "image", "slot_name": "0", "width": 4064, "height": 3040, "thumbnail_url": "https://darwin.v7labs.com/api/v2/teams/bioscout/files/150b8344-c8ff-407e-9c2e-ca51df293d8a/thumbnail", "source_files": [{"file_name": "7002_cdd4bebd-d7ec-4772-a697-b7f687e0efa9_2022_01_20.jpeg", "url": "https://darwin.v7labs.com/api/v2/teams/bioscout/uploads/9d150ed2-d4e3-4de3-b6b9-1b212b3e7970"}]}]}, "annotations": [{"bounding_box": {"h": 145.0, "w": 253.0, "x": 868.0, "y": 1909.0}, "id": "2846624f-e9c7-4a94-a992-743f0cfe507f", "name": "Alternaria spp.", "slot_names": ["0"]}]}