{"version": "2.0", "schema_ref": "https://darwin-public.s3.eu-west-1.amazonaws.com/darwin_json_2_0.schema.json", "item": {"name": "7002_24ac5afc-c4e3-4745-8b4f-650d5d9e1190_2022_01_30.jpeg", "path": "/", "source_info": {"dataset": {"name": "alternaria", "slug": "alternaria", "dataset_management_url": "https://darwin.v7labs.com/datasets/538883/dataset-management"}, "item_id": "0183d477-5678-b44a-8e33-82670a78ed7d", "team": {"name": "BioScout", "slug": "bioscout"}, "workview_url": "https://darwin.v7labs.com/workview?dataset=538883&item=0183d477-5678-b44a-8e33-82670a78ed7d"}, "slots": [{"type": "image", "slot_name": "0", "width": 4064, "height": 3040, "thumbnail_url": "https://darwin.v7labs.com/api/v2/teams/bioscout/files/4443d1ff-1f70-4a98-8f84-003cb5f23057/thumbnail", "source_files": [{"file_name": "7002_24ac5afc-c4e3-4745-8b4f-650d5d9e1190_2022_01_30.jpeg", "url": "https://darwin.v7labs.com/api/v2/teams/bioscout/uploads/c9ec0c61-e238-4ee3-b4f5-1f1ad0524c6a"}]}]}, "annotations": [{"bounding_box": {"h": 120.0, "w": 173.0, "x": 3335.0, "y": 388.0}, "id": "2c6475b4-297f-4271-abe9-48f1b794b85e", "name": "Alternaria spp.", "slot_names": ["0"]}]}