{"version": "2.0", "schema_ref": "https://darwin-public.s3.eu-west-1.amazonaws.com/darwin_json_2_0.schema.json", "item": {"name": "7002_872e8775-0c11-4888-a580-c28739e65cb2_2022_01_11.jpeg", "path": "/", "source_info": {"dataset": {"name": "alternaria", "slug": "alternaria", "dataset_management_url": "https://darwin.v7labs.com/datasets/538883/dataset-management"}, "item_id": "0183d477-602f-8d44-3875-2cf34079ea75", "team": {"name": "BioScout", "slug": "bioscout"}, "workview_url": "https://darwin.v7labs.com/workview?dataset=538883&item=0183d477-602f-8d44-3875-2cf34079ea75"}, "slots": [{"type": "image", "slot_name": "0", "width": 4064, "height": 3040, "thumbnail_url": "https://darwin.v7labs.com/api/v2/teams/bioscout/files/e6a21428-7bee-411f-b98e-084a2fe571b6/thumbnail", "source_files": [{"file_name": "7002_872e8775-0c11-4888-a580-c28739e65cb2_2022_01_11.jpeg", "url": "https://darwin.v7labs.com/api/v2/teams/bioscout/uploads/dc61af75-762b-4f21-8475-749761cadbac"}]}]}, "annotations": [{"bounding_box": {"h": 124.0, "w": 214.0, "x": 1620.0, "y": 228.0}, "id": "fa28031f-ee42-4de7-ad0f-f33d8c245e2d", "name": "Alternaria spp.", "slot_names": ["0"]}, {"bounding_box": {"h": 96.0, "w": 238.0, "x": 1390.0, "y": 294.0}, "id": "18ed696c-3bad-46b6-b2ea-cf087e4e55cf", "name": "Alternaria spp.", "slot_names": ["0"]}]}