{"version": "2.0", "schema_ref": "https://darwin-public.s3.eu-west-1.amazonaws.com/darwin_json_2_0.schema.json", "item": {"name": "7002_32a99d60-d7b8-4651-9460-f46726fcb7c4_2022_01_15.jpeg", "path": "/", "source_info": {"dataset": {"name": "alternaria", "slug": "alternaria", "dataset_management_url": "https://darwin.v7labs.com/datasets/538883/dataset-management"}, "item_id": "0183d477-5680-b5a4-7606-1da0f26345b5", "team": {"name": "BioScout", "slug": "bioscout"}, "workview_url": "https://darwin.v7labs.com/workview?dataset=538883&item=0183d477-5680-b5a4-7606-1da0f26345b5"}, "slots": [{"type": "image", "slot_name": "0", "width": 4064, "height": 3040, "thumbnail_url": "https://darwin.v7labs.com/api/v2/teams/bioscout/files/24cfa16f-6fe0-4e90-9baf-8567c786545b/thumbnail", "source_files": [{"file_name": "7002_32a99d60-d7b8-4651-9460-f46726fcb7c4_2022_01_15.jpeg", "url": "https://darwin.v7labs.com/api/v2/teams/bioscout/uploads/bc454eda-9cd3-43d2-9e6f-27420822e0b1"}]}]}, "annotations": [{"bounding_box": {"h": 133.0, "w": 313.0, "x": 2222.0, "y": 924.0}, "id": "1e35d401-619f-47fa-a3d8-f56c056dc9eb", "name": "Alternaria spp.", "slot_names": ["0"]}]}