{"version": "2.0", "schema_ref": "https://darwin-public.s3.eu-west-1.amazonaws.com/darwin_json_2_0.schema.json", "item": {"name": "7002_66f314e2-9a3e-4efc-9b51-f86be8f37a7d_2022_01_17.jpeg", "path": "/", "source_info": {"dataset": {"name": "alternaria", "slug": "alternaria", "dataset_management_url": "https://darwin.v7labs.com/datasets/538883/dataset-management"}, "item_id": "0183d477-6026-a4d5-aded-1f49faa0278a", "team": {"name": "BioScout", "slug": "bioscout"}, "workview_url": "https://darwin.v7labs.com/workview?dataset=538883&item=0183d477-6026-a4d5-aded-1f49faa0278a"}, "slots": [{"type": "image", "slot_name": "0", "width": 4064, "height": 3040, "thumbnail_url": "https://darwin.v7labs.com/api/v2/teams/bioscout/files/310d56a5-c0b0-45ec-87dd-e5e756f617fc/thumbnail", "source_files": [{"file_name": "7002_66f314e2-9a3e-4efc-9b51-f86be8f37a7d_2022_01_17.jpeg", "url": "https://darwin.v7labs.com/api/v2/teams/bioscout/uploads/68131f73-d216-41c8-96cd-38ec3c6a88fa"}]}]}, "annotations": [{"bounding_box": {"h": 119.0, "w": 208.0, "x": 1043.0, "y": 2817.0}, "id": "2bcbc9a2-3bd1-4ddb-b30d-29083156667e", "name": "Alternaria spp.", "slot_names": ["0"]}]}