{"version": "2.0", "schema_ref": "https://darwin-public.s3.eu-west-1.amazonaws.com/darwin_json_2_0.schema.json", "item": {"name": "7002_f0bf5a4a-7049-4d4d-b25c-9ffd140a72ac_2022_01_27.jpeg", "path": "/", "source_info": {"dataset": {"name": "alternaria", "slug": "alternaria", "dataset_management_url": "https://darwin.v7labs.com/datasets/538883/dataset-management"}, "item_id": "0183d477-5682-5cd5-6c58-a58faef19561", "team": {"name": "BioScout", "slug": "bioscout"}, "workview_url": "https://darwin.v7labs.com/workview?dataset=538883&item=0183d477-5682-5cd5-6c58-a58faef19561"}, "slots": [{"type": "image", "slot_name": "0", "width": 4064, "height": 3040, "thumbnail_url": "https://darwin.v7labs.com/api/v2/teams/bioscout/files/fd3d2180-b56a-41f4-8044-2c3a103342cf/thumbnail", "source_files": [{"file_name": "7002_f0bf5a4a-7049-4d4d-b25c-9ffd140a72ac_2022_01_27.jpeg", "url": "https://darwin.v7labs.com/api/v2/teams/bioscout/uploads/65eec7dd-4c6d-4b2b-8f44-d50267dcb6bf"}]}]}, "annotations": [{"bounding_box": {"h": 277.0, "w": 124.0, "x": 2878.0, "y": 2579.0}, "id": "383fe4dc-d45f-42d0-a532-05ab75cb8b03", "name": "Alternaria spp.", "slot_names": ["0"]}]}