{"version": "2.0", "schema_ref": "https://darwin-public.s3.eu-west-1.amazonaws.com/darwin_json_2_0.schema.json", "item": {"name": "7002_1bf2019b-84c5-4dec-91e0-947d19fd8481_2022_01_23.jpeg", "path": "/", "source_info": {"dataset": {"name": "alternaria", "slug": "alternaria", "dataset_management_url": "https://darwin.v7labs.com/datasets/538883/dataset-management"}, "item_id": "0183d477-567c-b57e-f5ff-537fc608ecb0", "team": {"name": "BioScout", "slug": "bioscout"}, "workview_url": "https://darwin.v7labs.com/workview?dataset=538883&item=0183d477-567c-b57e-f5ff-537fc608ecb0"}, "slots": [{"type": "image", "slot_name": "0", "width": 4064, "height": 3040, "thumbnail_url": "https://darwin.v7labs.com/api/v2/teams/bioscout/files/f6cf0dbb-2550-44be-be5d-0a639ff58872/thumbnail", "source_files": [{"file_name": "7002_1bf2019b-84c5-4dec-91e0-947d19fd8481_2022_01_23.jpeg", "url": "https://darwin.v7labs.com/api/v2/teams/bioscout/uploads/4e7aad0b-15df-4b3a-8e38-e542305b897a"}]}]}, "annotations": [{"bounding_box": {"h": 219.0, "w": 162.0, "x": 2686.0, "y": 16.0}, "id": "cc1148e0-9918-47f7-8fbd-1c853b7063c4", "name": "Alternaria spp.", "slot_names": ["0"]}, {"bounding_box": {"h": 204.0, "w": 126.0, "x": 2841.0, "y": 483.0}, "id": "a9b5df34-2982-44f5-b082-7cec25871502", "name": "Alternaria spp.", "slot_names": ["0"]}, {"bounding_box": {"h": 263.0, "w": 114.0, "x": 2802.0, "y": 231.0}, "id": "8d3c1e19-a2c8-4810-979d-016824da826f", "name": "Alternaria spp.", "slot_names": ["0"]}]}