{"version": "2.0", "schema_ref": "https://darwin-public.s3.eu-west-1.amazonaws.com/darwin_json_2_0.schema.json", "item": {"name": "7002_e68ba499-4004-424a-a8b3-2c9fa0f51387_2022_01_28.jpeg", "path": "/", "source_info": {"dataset": {"name": "alternaria", "slug": "alternaria", "dataset_management_url": "https://darwin.v7labs.com/datasets/538883/dataset-management"}, "item_id": "0183d477-568c-7546-c247-e9ee5031536b", "team": {"name": "BioScout", "slug": "bioscout"}, "workview_url": "https://darwin.v7labs.com/workview?dataset=538883&item=0183d477-568c-7546-c247-e9ee5031536b"}, "slots": [{"type": "image", "slot_name": "0", "width": 4064, "height": 3040, "thumbnail_url": "https://darwin.v7labs.com/api/v2/teams/bioscout/files/1cb813a2-c79f-4211-b1ea-1bd9cbef0009/thumbnail", "source_files": [{"file_name": "7002_e68ba499-4004-424a-a8b3-2c9fa0f51387_2022_01_28.jpeg", "url": "https://darwin.v7labs.com/api/v2/teams/bioscout/uploads/a2ff8a91-350a-4339-9abd-493da11bb676"}]}]}, "annotations": [{"bounding_box": {"h": 72.0, "w": 213.0, "x": 368.0, "y": 2532.0}, "id": "5bfe4356-0a84-4f67-8726-77c7e5797c3c", "name": "Alternaria spp.", "slot_names": ["0"]}, {"bounding_box": {"h": 297.0, "w": 107.0, "x": 146.0, "y": 2587.0}, "id": "23a0de84-30aa-47c0-b872-966c407a7533", "name": "Alternaria spp.", "slot_names": ["0"]}]}