{"version": "2.0", "schema_ref": "https://darwin-public.s3.eu-west-1.amazonaws.com/darwin_json_2_0.schema.json", "item": {"name": "7002_670dae47-b9d7-4c2d-afac-965d16c76950_2022_01_07.jpeg", "path": "/", "source_info": {"dataset": {"name": "alternaria", "slug": "alternaria", "dataset_management_url": "https://darwin.v7labs.com/datasets/538883/dataset-management"}, "item_id": "0183d477-5677-2d50-5736-836164e3aa4f", "team": {"name": "BioScout", "slug": "bioscout"}, "workview_url": "https://darwin.v7labs.com/workview?dataset=538883&item=0183d477-5677-2d50-5736-836164e3aa4f"}, "slots": [{"type": "image", "slot_name": "0", "width": 4064, "height": 3040, "thumbnail_url": "https://darwin.v7labs.com/api/v2/teams/bioscout/files/10813cf8-156e-431b-b22e-d9f996303a25/thumbnail", "source_files": [{"file_name": "7002_670dae47-b9d7-4c2d-afac-965d16c76950_2022_01_07.jpeg", "url": "https://darwin.v7labs.com/api/v2/teams/bioscout/uploads/04560e0b-e6be-4f2a-b9e3-7ad212217a53"}]}]}, "annotations": [{"bounding_box": {"h": 268.0, "w": 321.0, "x": 444.0, "y": 2772.0}, "id": "880e1148-887d-45c9-bd7e-1042acfe7c0b", "name": "Alternaria spp.", "slot_names": ["0"]}]}