{"version": "2.0", "schema_ref": "https://darwin-public.s3.eu-west-1.amazonaws.com/darwin_json_2_0.schema.json", "item": {"name": "7002_de9424b9-231c-4b73-b25e-c55fa11df6c1_2022_01_19.jpeg", "path": "/", "source_info": {"dataset": {"name": "alternaria", "slug": "alternaria", "dataset_management_url": "https://darwin.v7labs.com/datasets/538883/dataset-management"}, "item_id": "0183d477-5687-917b-19e0-c86268b5194f", "team": {"name": "BioScout", "slug": "bioscout"}, "workview_url": "https://darwin.v7labs.com/workview?dataset=538883&item=0183d477-5687-917b-19e0-c86268b5194f"}, "slots": [{"type": "image", "slot_name": "0", "width": 4064, "height": 3040, "thumbnail_url": "https://darwin.v7labs.com/api/v2/teams/bioscout/files/2ba5d0a7-fa8b-4476-bcf6-a5efc9ec9075/thumbnail", "source_files": [{"file_name": "7002_de9424b9-231c-4b73-b25e-c55fa11df6c1_2022_01_19.jpeg", "url": "https://darwin.v7labs.com/api/v2/teams/bioscout/uploads/aa91e97a-7b7a-462c-bc45-1966be4dc6e8"}]}]}, "annotations": [{"bounding_box": {"h": 81.0, "w": 192.0, "x": 2135.0, "y": 2482.0}, "id": "b5116415-b8d8-4704-a69b-7f45e1c0a28b", "name": "Alternaria spp.", "slot_names": ["0"]}, {"bounding_box": {"h": 95.0, "w": 350.0, "x": 1532.0, "y": 862.0}, "id": "be63ab0c-b6b9-40e2-a0f4-8dfcd7130c27", "name": "Alternaria spp.", "slot_names": ["0"]}, {"bounding_box": {"h": 126.0, "w": 337.0, "x": 1949.0, "y": 831.0}, "id": "db969e71-ef14-478c-bb51-bb8dad4b9e35", "name": "Alternaria spp.", "slot_names": ["0"]}, {"bounding_box": {"h": 168.0, "w": 282.0, "x": 3296.0, "y": 525.0}, "id": "05387f19-3d72-461a-afa4-14780f1a68bf", "name": "Alternaria spp.", "slot_names": ["0"]}]}