{"version": "2.0", "schema_ref": "https://darwin-public.s3.eu-west-1.amazonaws.com/darwin_json_2_0.schema.json", "item": {"name": "7002_178a41ef-301e-421e-aa8c-26bf2ace91af_2022_01_11.jpeg", "path": "/", "source_info": {"dataset": {"name": "alternaria", "slug": "alternaria", "dataset_management_url": "https://darwin.v7labs.com/datasets/538883/dataset-management"}, "item_id": "0183d477-602c-f4cc-2e38-b44d1b06522b", "team": {"name": "BioScout", "slug": "bioscout"}, "workview_url": "https://darwin.v7labs.com/workview?dataset=538883&item=0183d477-602c-f4cc-2e38-b44d1b06522b"}, "slots": [{"type": "image", "slot_name": "0", "width": 4064, "height": 3040, "thumbnail_url": "https://darwin.v7labs.com/api/v2/teams/bioscout/files/6c302475-f9fd-4114-bb15-aa302895424c/thumbnail", "source_files": [{"file_name": "7002_178a41ef-301e-421e-aa8c-26bf2ace91af_2022_01_11.jpeg", "url": "https://darwin.v7labs.com/api/v2/teams/bioscout/uploads/89ce049b-1c88-4975-a497-311eaca89996"}]}]}, "annotations": [{"bounding_box": {"h": 112.0, "w": 288.0, "x": 2346.0, "y": 202.0}, "id": "8acff22e-2658-4b4b-a736-50dc061403f2", "name": "Alternaria spp.", "slot_names": ["0"]}]}