{"version": "2.0", "schema_ref": "https://darwin-public.s3.eu-west-1.amazonaws.com/darwin_json_2_0.schema.json", "item": {"name": "7002_75db5e08-cf30-42f5-be28-26cc72eaf40a_2022_01_11.jpeg", "path": "/", "source_info": {"dataset": {"name": "alternaria", "slug": "alternaria", "dataset_management_url": "https://darwin.v7labs.com/datasets/538883/dataset-management"}, "item_id": "0183d477-5677-07e4-b197-366051c476c9", "team": {"name": "BioScout", "slug": "bioscout"}, "workview_url": "https://darwin.v7labs.com/workview?dataset=538883&item=0183d477-5677-07e4-b197-366051c476c9"}, "slots": [{"type": "image", "slot_name": "0", "width": 4064, "height": 3040, "thumbnail_url": "https://darwin.v7labs.com/api/v2/teams/bioscout/files/8d93ed7d-c095-4cf9-9dee-e0d188993c4b/thumbnail", "source_files": [{"file_name": "7002_75db5e08-cf30-42f5-be28-26cc72eaf40a_2022_01_11.jpeg", "url": "https://darwin.v7labs.com/api/v2/teams/bioscout/uploads/849658d7-8e78-4bd7-b80e-18659f08449a"}]}]}, "annotations": [{"bounding_box": {"h": 152.0, "w": 368.0, "x": 1924.0, "y": 1041.0}, "id": "3e9f3e82-8b87-41ec-882b-93d95fbe7a07", "name": "Alternaria spp.", "slot_names": ["0"]}]}