{"version": "2.0", "schema_ref": "https://darwin-public.s3.eu-west-1.amazonaws.com/darwin_json_2_0.schema.json", "item": {"name": "7002_7570ec05-7f7f-4a5d-b451-6acf2244f414_2022_01_29.jpeg", "path": "/", "source_info": {"dataset": {"name": "alternaria", "slug": "alternaria", "dataset_management_url": "https://darwin.v7labs.com/datasets/538883/dataset-management"}, "item_id": "0183d477-568d-0fc7-69e9-29e682e63dc5", "team": {"name": "BioScout", "slug": "bioscout"}, "workview_url": "https://darwin.v7labs.com/workview?dataset=538883&item=0183d477-568d-0fc7-69e9-29e682e63dc5"}, "slots": [{"type": "image", "slot_name": "0", "width": 4064, "height": 3040, "thumbnail_url": "https://darwin.v7labs.com/api/v2/teams/bioscout/files/9294b6d5-f708-415c-930e-dcf578e944d4/thumbnail", "source_files": [{"file_name": "7002_7570ec05-7f7f-4a5d-b451-6acf2244f414_2022_01_29.jpeg", "url": "https://darwin.v7labs.com/api/v2/teams/bioscout/uploads/03e46202-3544-4b52-9c37-16cceb3d0c00"}]}]}, "annotations": [{"bounding_box": {"h": 96.0, "w": 287.0, "x": 3055.0, "y": 43.0}, "id": "f7768415-aee0-425b-80d9-e35d898fe1fe", "name": "Alternaria spp.", "slot_names": ["0"]}]}