{"version": "2.0", "schema_ref": "https://darwin-public.s3.eu-west-1.amazonaws.com/darwin_json_2_0.schema.json", "item": {"name": "7002_98af6c3b-36f3-4afe-a886-e81c9acae8c3_2022_01_10.jpeg", "path": "/", "source_info": {"dataset": {"name": "alternaria", "slug": "alternaria", "dataset_management_url": "https://darwin.v7labs.com/datasets/538883/dataset-management"}, "item_id": "0183d477-5687-911f-067b-2acf6d67b28a", "team": {"name": "BioScout", "slug": "bioscout"}, "workview_url": "https://darwin.v7labs.com/workview?dataset=538883&item=0183d477-5687-911f-067b-2acf6d67b28a"}, "slots": [{"type": "image", "slot_name": "0", "width": 4064, "height": 3040, "thumbnail_url": "https://darwin.v7labs.com/api/v2/teams/bioscout/files/e73270c9-56c6-48dc-99b2-22109f83a008/thumbnail", "source_files": [{"file_name": "7002_98af6c3b-36f3-4afe-a886-e81c9acae8c3_2022_01_10.jpeg", "url": "https://darwin.v7labs.com/api/v2/teams/bioscout/uploads/ebb42d68-a889-4499-9362-5a18e5dfd688"}]}]}, "annotations": [{"bounding_box": {"h": 110.0, "w": 241.0, "x": 0.0, "y": 558.0}, "id": "ce5df723-f6d5-4835-bdc3-78035dc47aed", "name": "Alternaria spp.", "slot_names": ["0"]}]}