{"version": "2.0", "schema_ref": "https://darwin-public.s3.eu-west-1.amazonaws.com/darwin_json_2_0.schema.json", "item": {"name": "7002_69e87b52-2312-475b-80e2-02fe2d9c8f4e_2022_01_09.jpeg", "path": "/", "source_info": {"dataset": {"name": "alternaria", "slug": "alternaria", "dataset_management_url": "https://darwin.v7labs.com/datasets/538883/dataset-management"}, "item_id": "0183d477-5678-f4fe-83d8-491e8550b815", "team": {"name": "BioScout", "slug": "bioscout"}, "workview_url": "https://darwin.v7labs.com/workview?dataset=538883&item=0183d477-5678-f4fe-83d8-491e8550b815"}, "slots": [{"type": "image", "slot_name": "0", "width": 4064, "height": 3040, "thumbnail_url": "https://darwin.v7labs.com/api/v2/teams/bioscout/files/848ead75-6ae4-48a4-b1c8-e4b092887d4b/thumbnail", "source_files": [{"file_name": "7002_69e87b52-2312-475b-80e2-02fe2d9c8f4e_2022_01_09.jpeg", "url": "https://darwin.v7labs.com/api/v2/teams/bioscout/uploads/aa14f624-c399-41f6-8748-6bbf78904089"}]}]}, "annotations": [{"bounding_box": {"h": 144.0, "w": 326.0, "x": 604.0, "y": 2127.0}, "id": "57d3e373-7b43-4060-b026-f7a9c95d1143", "name": "Alternaria spp.", "slot_names": ["0"]}, {"bounding_box": {"h": 217.0, "w": 229.0, "x": 763.0, "y": 2027.0}, "id": "f4ed554b-3085-43a2-924e-d38324e27a1d", "name": "Alternaria spp.", "slot_names": ["0"]}]}