{"version": "2.0", "schema_ref": "https://darwin-public.s3.eu-west-1.amazonaws.com/darwin_json_2_0.schema.json", "item": {"name": "7002_eb224ab7-2cb1-4d3e-883f-f4ac72a84429_2022_01_21.jpeg", "path": "/", "source_info": {"dataset": {"name": "alternaria", "slug": "alternaria", "dataset_management_url": "https://darwin.v7labs.com/datasets/538883/dataset-management"}, "item_id": "0183d477-567d-5bfa-a42e-afa2e25a8875", "team": {"name": "BioScout", "slug": "bioscout"}, "workview_url": "https://darwin.v7labs.com/workview?dataset=538883&item=0183d477-567d-5bfa-a42e-afa2e25a8875"}, "slots": [{"type": "image", "slot_name": "0", "width": 4064, "height": 3040, "thumbnail_url": "https://darwin.v7labs.com/api/v2/teams/bioscout/files/300df7af-0ee8-4c99-b52c-76d83c58d561/thumbnail", "source_files": [{"file_name": "7002_eb224ab7-2cb1-4d3e-883f-f4ac72a84429_2022_01_21.jpeg", "url": "https://darwin.v7labs.com/api/v2/teams/bioscout/uploads/365994ff-aa1f-41b2-afe0-9a6099b0ac5c"}]}]}, "annotations": [{"bounding_box": {"h": 150.0, "w": 194.0, "x": 370.0, "y": 1127.0}, "id": "b1a56600-f525-429d-a01b-2da1880aa54f", "name": "Alternaria spp.", "slot_names": ["0"]}]}