{"version": "2.0", "schema_ref": "https://darwin-public.s3.eu-west-1.amazonaws.com/darwin_json_2_0.schema.json", "item": {"name": "7002_b5f5669a-322e-4fbb-a5f9-bdae2a55299f_2022_01_17.jpeg", "path": "/", "source_info": {"dataset": {"name": "alternaria", "slug": "alternaria", "dataset_management_url": "https://darwin.v7labs.com/datasets/538883/dataset-management"}, "item_id": "0183d477-5686-8e54-c404-6b4f14f59f23", "team": {"name": "BioScout", "slug": "bioscout"}, "workview_url": "https://darwin.v7labs.com/workview?dataset=538883&item=0183d477-5686-8e54-c404-6b4f14f59f23"}, "slots": [{"type": "image", "slot_name": "0", "width": 4064, "height": 3040, "thumbnail_url": "https://darwin.v7labs.com/api/v2/teams/bioscout/files/df4d87f9-1b2c-4185-a56c-481f6fe8e807/thumbnail", "source_files": [{"file_name": "7002_b5f5669a-322e-4fbb-a5f9-bdae2a55299f_2022_01_17.jpeg", "url": "https://darwin.v7labs.com/api/v2/teams/bioscout/uploads/7819058b-ed20-4dc9-88bb-ca0e5b5cf019"}]}]}, "annotations": [{"bounding_box": {"h": 142.0, "w": 326.0, "x": 1151.0, "y": 1622.0}, "id": "2ce1739f-3866-4a26-b330-2f71839a8a36", "name": "Alternaria spp.", "slot_names": ["0"]}]}