{"version": "2.0", "schema_ref": "https://darwin-public.s3.eu-west-1.amazonaws.com/darwin_json_2_0.schema.json", "item": {"name": "7002_8ff07b34-d10a-44f5-b48a-62e150ee266e_2022_01_28.jpeg", "path": "/", "source_info": {"dataset": {"name": "alternaria", "slug": "alternaria", "dataset_management_url": "https://darwin.v7labs.com/datasets/538883/dataset-management"}, "item_id": "0183d477-5683-8aec-5121-6b0e7ff7cd3f", "team": {"name": "BioScout", "slug": "bioscout"}, "workview_url": "https://darwin.v7labs.com/workview?dataset=538883&item=0183d477-5683-8aec-5121-6b0e7ff7cd3f"}, "slots": [{"type": "image", "slot_name": "0", "width": 4064, "height": 3040, "thumbnail_url": "https://darwin.v7labs.com/api/v2/teams/bioscout/files/744fab19-24a2-4dbc-8b0e-0eb0f19e4776/thumbnail", "source_files": [{"file_name": "7002_8ff07b34-d10a-44f5-b48a-62e150ee266e_2022_01_28.jpeg", "url": "https://darwin.v7labs.com/api/v2/teams/bioscout/uploads/3637b15f-b01e-48ed-b1ab-2b94ef7306b6"}]}]}, "annotations": [{"bounding_box": {"h": 331.0, "w": 186.0, "x": 6.0, "y": 1927.0}, "id": "1abcce29-e181-40de-8b23-7eb255d28a65", "name": "Alternaria spp.", "slot_names": ["0"]}, {"bounding_box": {"h": 224.0, "w": 177.0, "x": 2859.0, "y": 2816.0}, "id": "5325f652-70ac-4e18-b0fc-0b336380573b", "name": "Alternaria spp.", "slot_names": ["0"]}, {"bounding_box": {"h": 184.0, "w": 261.0, "x": 3329.0, "y": 190.0}, "id": "0cbf1592-1e4e-4234-8565-589325f01cbb", "name": "Alternaria spp.", "slot_names": ["0"]}]}