{"version": "2.0", "schema_ref": "https://darwin-public.s3.eu-west-1.amazonaws.com/darwin_json_2_0.schema.json", "item": {"name": "7002_93bed383-d653-45e4-815f-84b5068c3371_2022_01_21.jpeg", "path": "/", "source_info": {"dataset": {"name": "alternaria", "slug": "alternaria", "dataset_management_url": "https://darwin.v7labs.com/datasets/538883/dataset-management"}, "item_id": "0183d477-5687-c82c-203d-09d9781d7471", "team": {"name": "BioScout", "slug": "bioscout"}, "workview_url": "https://darwin.v7labs.com/workview?dataset=538883&item=0183d477-5687-c82c-203d-09d9781d7471"}, "slots": [{"type": "image", "slot_name": "0", "width": 4064, "height": 3040, "thumbnail_url": "https://darwin.v7labs.com/api/v2/teams/bioscout/files/7268909d-2266-4487-9896-2a8791d7a3ef/thumbnail", "source_files": [{"file_name": "7002_93bed383-d653-45e4-815f-84b5068c3371_2022_01_21.jpeg", "url": "https://darwin.v7labs.com/api/v2/teams/bioscout/uploads/74f127cf-ba74-4250-96df-a2069faf5c90"}]}]}, "annotations": [{"bounding_box": {"h": 185.0, "w": 179.0, "x": 834.0, "y": 2244.0}, "id": "20640009-2248-4e60-a00c-2a7b00ee8ab1", "name": "Alternaria spp.", "slot_names": ["0"]}]}