{"version": "2.0", "schema_ref": "https://darwin-public.s3.eu-west-1.amazonaws.com/darwin_json_2_0.schema.json", "item": {"name": "7002_334ff2b7-1a44-462d-8be3-a12cd9d051a6_2022_01_28.jpeg", "path": "/", "source_info": {"dataset": {"name": "alternaria", "slug": "alternaria", "dataset_management_url": "https://darwin.v7labs.com/datasets/538883/dataset-management"}, "item_id": "0183d477-5675-937c-8ce1-08b314ad13cb", "team": {"name": "BioScout", "slug": "bioscout"}, "workview_url": "https://darwin.v7labs.com/workview?dataset=538883&item=0183d477-5675-937c-8ce1-08b314ad13cb"}, "slots": [{"type": "image", "slot_name": "0", "width": 4064, "height": 3040, "thumbnail_url": "https://darwin.v7labs.com/api/v2/teams/bioscout/files/c743323a-6c59-4ffc-b020-ccb045a0cebd/thumbnail", "source_files": [{"file_name": "7002_334ff2b7-1a44-462d-8be3-a12cd9d051a6_2022_01_28.jpeg", "url": "https://darwin.v7labs.com/api/v2/teams/bioscout/uploads/6d299f73-1211-4466-bc9e-688d099836db"}]}]}, "annotations": [{"bounding_box": {"h": 98.0, "w": 269.0, "x": 2097.0, "y": 65.0}, "id": "63eeea93-f64b-4f62-b0c3-14d8531c1d9b", "name": "Alternaria spp.", "slot_names": ["0"]}, {"bounding_box": {"h": 201.0, "w": 211.0, "x": 2251.0, "y": 1970.0}, "id": "f78a6dc6-fae3-487e-b72b-c315d46a6505", "name": "Alternaria spp.", "slot_names": ["0"]}]}