{"version": "2.0", "schema_ref": "https://darwin-public.s3.eu-west-1.amazonaws.com/darwin_json_2_0.schema.json", "item": {"name": "7002_6aa69551-64e5-4c6a-8f74-f38516d57b1f_2022_01_21.jpeg", "path": "/", "source_info": {"dataset": {"name": "alternaria", "slug": "alternaria", "dataset_management_url": "https://darwin.v7labs.com/datasets/538883/dataset-management"}, "item_id": "0183d477-5684-eda6-cd0b-edd7a63897e6", "team": {"name": "BioScout", "slug": "bioscout"}, "workview_url": "https://darwin.v7labs.com/workview?dataset=538883&item=0183d477-5684-eda6-cd0b-edd7a63897e6"}, "slots": [{"type": "image", "slot_name": "0", "width": 4064, "height": 3040, "thumbnail_url": "https://darwin.v7labs.com/api/v2/teams/bioscout/files/e90277cf-8ad4-4c2d-abef-1d66938fd73e/thumbnail", "source_files": [{"file_name": "7002_6aa69551-64e5-4c6a-8f74-f38516d57b1f_2022_01_21.jpeg", "url": "https://darwin.v7labs.com/api/v2/teams/bioscout/uploads/e8f3a64c-e5c9-4876-ade8-af00b1d42deb"}]}]}, "annotations": [{"bounding_box": {"h": 158.0, "w": 160.0, "x": 1195.0, "y": 1588.0}, "id": "2b504002-4927-49f6-8296-7cd7633eebfe", "name": "Alternaria spp.", "slot_names": ["0"]}]}