{"version": "2.0", "schema_ref": "https://darwin-public.s3.eu-west-1.amazonaws.com/darwin_json_2_0.schema.json", "item": {"name": "7002_02939e58-ffb5-4be8-998c-0bdd3bfadd21_2022_01_12.jpeg", "path": "/", "source_info": {"dataset": {"name": "alternaria", "slug": "alternaria", "dataset_management_url": "https://darwin.v7labs.com/datasets/538883/dataset-management"}, "item_id": "0183d477-567b-9e87-4186-ef5d38a5dcf0", "team": {"name": "BioScout", "slug": "bioscout"}, "workview_url": "https://darwin.v7labs.com/workview?dataset=538883&item=0183d477-567b-9e87-4186-ef5d38a5dcf0"}, "slots": [{"type": "image", "slot_name": "0", "width": 4064, "height": 3040, "thumbnail_url": "https://darwin.v7labs.com/api/v2/teams/bioscout/files/5e68ce94-689e-4a0a-8c41-8e765b32e78a/thumbnail", "source_files": [{"file_name": "7002_02939e58-ffb5-4be8-998c-0bdd3bfadd21_2022_01_12.jpeg", "url": "https://darwin.v7labs.com/api/v2/teams/bioscout/uploads/a9b74fb3-92a8-40a5-a248-eac7c7f28ebc"}]}]}, "annotations": [{"bounding_box": {"h": 106.0, "w": 384.0, "x": 3622.0, "y": 1968.0}, "id": "14b12cfb-1876-4933-a0dc-83eebd74d2ef", "name": "Alternaria spp.", "slot_names": ["0"]}]}