{"version": "2.0", "schema_ref": "https://darwin-public.s3.eu-west-1.amazonaws.com/darwin_json_2_0.schema.json", "item": {"name": "7002_c19f507b-6d14-4607-b5d1-d1ad557a8c6d_2022_01_29.jpeg", "path": "/", "source_info": {"dataset": {"name": "alternaria", "slug": "alternaria", "dataset_management_url": "https://darwin.v7labs.com/datasets/538883/dataset-management"}, "item_id": "0183d477-602f-f21d-b30f-92cb840dd11d", "team": {"name": "BioScout", "slug": "bioscout"}, "workview_url": "https://darwin.v7labs.com/workview?dataset=538883&item=0183d477-602f-f21d-b30f-92cb840dd11d"}, "slots": [{"type": "image", "slot_name": "0", "width": 4064, "height": 3040, "thumbnail_url": "https://darwin.v7labs.com/api/v2/teams/bioscout/files/4ea551ca-9293-4c64-bcee-1ca8fc3cc276/thumbnail", "source_files": [{"file_name": "7002_c19f507b-6d14-4607-b5d1-d1ad557a8c6d_2022_01_29.jpeg", "url": "https://darwin.v7labs.com/api/v2/teams/bioscout/uploads/72569f21-dc78-43f5-bf03-0f46ad74b7d8"}]}]}, "annotations": [{"bounding_box": {"h": 155.0, "w": 196.0, "x": 1266.0, "y": 611.0}, "id": "e5fdb55d-aeff-411e-831a-23824e3f964b", "name": "Alternaria spp.", "slot_names": ["0"]}]}