{"version": "2.0", "schema_ref": "https://darwin-public.s3.eu-west-1.amazonaws.com/darwin_json_2_0.schema.json", "item": {"name": "7002_34ee1f9c-3bc2-4f19-ac7a-85c8af63fc73_2022_01_30.jpeg", "path": "/", "source_info": {"dataset": {"name": "alternaria", "slug": "alternaria", "dataset_management_url": "https://darwin.v7labs.com/datasets/538883/dataset-management"}, "item_id": "0183d477-5675-bcbf-dd94-a8d7006905e4", "team": {"name": "BioScout", "slug": "bioscout"}, "workview_url": "https://darwin.v7labs.com/workview?dataset=538883&item=0183d477-5675-bcbf-dd94-a8d7006905e4"}, "slots": [{"type": "image", "slot_name": "0", "width": 4064, "height": 3040, "thumbnail_url": "https://darwin.v7labs.com/api/v2/teams/bioscout/files/45e5cb59-88db-40d5-9996-3e93030d32d3/thumbnail", "source_files": [{"file_name": "7002_34ee1f9c-3bc2-4f19-ac7a-85c8af63fc73_2022_01_30.jpeg", "url": "https://darwin.v7labs.com/api/v2/teams/bioscout/uploads/eb18350e-2c17-46b7-924e-900f0d1a6422"}]}]}, "annotations": [{"bounding_box": {"h": 78.0, "w": 202.0, "x": 1721.0, "y": 2549.0}, "id": "fd11aa51-acad-4b82-a286-51cb181cdf5f", "name": "Alternaria spp.", "slot_names": ["0"]}]}