{"version": "2.0", "schema_ref": "https://darwin-public.s3.eu-west-1.amazonaws.com/darwin_json_2_0.schema.json", "item": {"name": "7002_a05c7d98-51f2-47e9-a00f-86b8f66b292b_2022_01_17.jpeg", "path": "/", "source_info": {"dataset": {"name": "alternaria", "slug": "alternaria", "dataset_management_url": "https://darwin.v7labs.com/datasets/538883/dataset-management"}, "item_id": "0183d477-5685-d7d7-87e0-8c75fd190f25", "team": {"name": "BioScout", "slug": "bioscout"}, "workview_url": "https://darwin.v7labs.com/workview?dataset=538883&item=0183d477-5685-d7d7-87e0-8c75fd190f25"}, "slots": [{"type": "image", "slot_name": "0", "width": 4064, "height": 3040, "thumbnail_url": "https://darwin.v7labs.com/api/v2/teams/bioscout/files/4ed70776-aa95-4d17-a91f-a4a0d9f05412/thumbnail", "source_files": [{"file_name": "7002_a05c7d98-51f2-47e9-a00f-86b8f66b292b_2022_01_17.jpeg", "url": "https://darwin.v7labs.com/api/v2/teams/bioscout/uploads/25f547ae-4432-4b92-bc4d-a2a9e924d126"}]}]}, "annotations": [{"bounding_box": {"h": 203.0, "w": 205.0, "x": 2873.0, "y": 329.0}, "id": "d11218ec-f201-49f3-a50d-863796858495", "name": "Alternaria spp.", "slot_names": ["0"]}]}