{"version": "2.0", "schema_ref": "https://darwin-public.s3.eu-west-1.amazonaws.com/darwin_json_2_0.schema.json", "item": {"name": "7002_fbe82fdc-ff9e-4ab8-a19d-90080f05dac4_2022_01_17.jpeg", "path": "/", "source_info": {"dataset": {"name": "alternaria", "slug": "alternaria", "dataset_management_url": "https://darwin.v7labs.com/datasets/538883/dataset-management"}, "item_id": "0183d477-5675-9bc6-285b-bbfa93ba680c", "team": {"name": "BioScout", "slug": "bioscout"}, "workview_url": "https://darwin.v7labs.com/workview?dataset=538883&item=0183d477-5675-9bc6-285b-bbfa93ba680c"}, "slots": [{"type": "image", "slot_name": "0", "width": 4064, "height": 3040, "thumbnail_url": "https://darwin.v7labs.com/api/v2/teams/bioscout/files/8fde273f-75dc-4800-8960-27f8aa413eea/thumbnail", "source_files": [{"file_name": "7002_fbe82fdc-ff9e-4ab8-a19d-90080f05dac4_2022_01_17.jpeg", "url": "https://darwin.v7labs.com/api/v2/teams/bioscout/uploads/c737e15a-f2a8-49b9-b9b0-adeef1a49494"}]}]}, "annotations": [{"bounding_box": {"h": 328.0, "w": 200.0, "x": 189.0, "y": 2542.0}, "id": "7fbd1fe9-4ea0-4ed3-a296-84d6a0493acd", "name": "Alternaria spp.", "slot_names": ["0"]}]}