{"version": "2.0", "schema_ref": "https://darwin-public.s3.eu-west-1.amazonaws.com/darwin_json_2_0.schema.json", "item": {"name": "7002_11c086bb-c379-4568-8935-9aee019c66bc_2022_01_30.jpeg", "path": "/", "source_info": {"dataset": {"name": "alternaria", "slug": "alternaria", "dataset_management_url": "https://darwin.v7labs.com/datasets/538883/dataset-management"}, "item_id": "0183d477-5686-6c8c-bead-7e8dc6e94637", "team": {"name": "BioScout", "slug": "bioscout"}, "workview_url": "https://darwin.v7labs.com/workview?dataset=538883&item=0183d477-5686-6c8c-bead-7e8dc6e94637"}, "slots": [{"type": "image", "slot_name": "0", "width": 4064, "height": 3040, "thumbnail_url": "https://darwin.v7labs.com/api/v2/teams/bioscout/files/68c5911c-7041-4597-b4e4-577d71c2748e/thumbnail", "source_files": [{"file_name": "7002_11c086bb-c379-4568-8935-9aee019c66bc_2022_01_30.jpeg", "url": "https://darwin.v7labs.com/api/v2/teams/bioscout/uploads/5cdf7b1c-ef57-446e-b620-c84810c2c6da"}]}]}, "annotations": [{"bounding_box": {"h": 45.0, "w": 40.0, "x": 400.0, "y": 1170.0}, "id": "0117eee7-f146-4b79-97df-74be3cac60b5", "name": "Alternaria spp.", "slot_names": ["0"]}, {"bounding_box": {"h": 45.0, "w": 40.0, "x": 400.0, "y": 1170.0}, "id": "2c88bdc3-2110-4191-af39-fd80ef83e2b1", "name": "Alternaria spp.", "slot_names": ["0"]}]}