{"version": "2.0", "schema_ref": "https://darwin-public.s3.eu-west-1.amazonaws.com/darwin_json_2_0.schema.json", "item": {"name": "7002_3196b84a-1a60-4904-a116-e370bc4d188a_2022_01_15.jpeg", "path": "/", "source_info": {"dataset": {"name": "alternaria", "slug": "alternaria", "dataset_management_url": "https://darwin.v7labs.com/datasets/538883/dataset-management"}, "item_id": "0183d477-567e-42d9-7b92-34926bc09424", "team": {"name": "BioScout", "slug": "bioscout"}, "workview_url": "https://darwin.v7labs.com/workview?dataset=538883&item=0183d477-567e-42d9-7b92-34926bc09424"}, "slots": [{"type": "image", "slot_name": "0", "width": 4064, "height": 3040, "thumbnail_url": "https://darwin.v7labs.com/api/v2/teams/bioscout/files/1aac2cbd-b109-429e-814a-568043127007/thumbnail", "source_files": [{"file_name": "7002_3196b84a-1a60-4904-a116-e370bc4d188a_2022_01_15.jpeg", "url": "https://darwin.v7labs.com/api/v2/teams/bioscout/uploads/0773843b-9b3d-4614-ad00-67be0818b994"}]}]}, "annotations": [{"bounding_box": {"h": 170.0, "w": 364.0, "x": 564.0, "y": 2870.0}, "id": "5998bef3-1464-4ac1-a808-d18930ad8f4b", "name": "Alternaria spp.", "slot_names": ["0"]}]}