{"version": "2.0", "schema_ref": "https://darwin-public.s3.eu-west-1.amazonaws.com/darwin_json_2_0.schema.json", "item": {"name": "7002_6bd0e3fd-f207-45f7-82d7-1efde9728e78_2022_01_30.jpeg", "path": "/", "source_info": {"dataset": {"name": "alternaria", "slug": "alternaria", "dataset_management_url": "https://darwin.v7labs.com/datasets/538883/dataset-management"}, "item_id": "0183d477-5682-8bc5-b2f4-18037fd19834", "team": {"name": "BioScout", "slug": "bioscout"}, "workview_url": "https://darwin.v7labs.com/workview?dataset=538883&item=0183d477-5682-8bc5-b2f4-18037fd19834"}, "slots": [{"type": "image", "slot_name": "0", "width": 4064, "height": 3040, "thumbnail_url": "https://darwin.v7labs.com/api/v2/teams/bioscout/files/c11186fb-bd7c-4eb4-b323-6bcd4f9d4277/thumbnail", "source_files": [{"file_name": "7002_6bd0e3fd-f207-45f7-82d7-1efde9728e78_2022_01_30.jpeg", "url": "https://darwin.v7labs.com/api/v2/teams/bioscout/uploads/996c1f39-683f-4f7a-8305-e4511696eafa"}]}]}, "annotations": []}