{"version": "2.0", "schema_ref": "https://darwin-public.s3.eu-west-1.amazonaws.com/darwin_json_2_0.schema.json", "item": {"name": "7002_de70a642-8464-4215-ae3b-9a6e9fd813c2_2022_01_06.jpeg", "path": "/", "source_info": {"dataset": {"name": "alternaria", "slug": "alternaria", "dataset_management_url": "https://darwin.v7labs.com/datasets/538883/dataset-management"}, "item_id": "0183d477-6031-9714-effe-c3af1703836c", "team": {"name": "BioScout", "slug": "bioscout"}, "workview_url": "https://darwin.v7labs.com/workview?dataset=538883&item=0183d477-6031-9714-effe-c3af1703836c"}, "slots": [{"type": "image", "slot_name": "0", "width": 4064, "height": 3040, "thumbnail_url": "https://darwin.v7labs.com/api/v2/teams/bioscout/files/ec3d12cf-22cb-418e-839f-0207695f0b54/thumbnail", "source_files": [{"file_name": "7002_de70a642-8464-4215-ae3b-9a6e9fd813c2_2022_01_06.jpeg", "url": "https://darwin.v7labs.com/api/v2/teams/bioscout/uploads/127ed3cf-f5f1-4e89-8fc9-7358c67b7e50"}]}]}, "annotations": [{"bounding_box": {"h": 183.0, "w": 263.0, "x": 2042.0, "y": 2857.0}, "id": "0787355e-666e-460a-8328-c53348abbcbf", "name": "Alternaria spp.", "slot_names": ["0"]}]}