{"version": "2.0", "schema_ref": "https://darwin-public.s3.eu-west-1.amazonaws.com/darwin_json_2_0.schema.json", "item": {"name": "7002_b1991e0b-9633-44cc-bfc8-3ed803488d23_2022_01_14.jpeg", "path": "/", "source_info": {"dataset": {"name": "alternaria", "slug": "alternaria", "dataset_management_url": "https://darwin.v7labs.com/datasets/538883/dataset-management"}, "item_id": "0183d477-5677-b334-30f2-1e5f455bf376", "team": {"name": "BioScout", "slug": "bioscout"}, "workview_url": "https://darwin.v7labs.com/workview?dataset=538883&item=0183d477-5677-b334-30f2-1e5f455bf376"}, "slots": [{"type": "image", "slot_name": "0", "width": 4064, "height": 3040, "thumbnail_url": "https://darwin.v7labs.com/api/v2/teams/bioscout/files/c8c703bf-b8b4-424f-9186-050b7fede870/thumbnail", "source_files": [{"file_name": "7002_b1991e0b-9633-44cc-bfc8-3ed803488d23_2022_01_14.jpeg", "url": "https://darwin.v7labs.com/api/v2/teams/bioscout/uploads/7a7d024e-b23e-4b07-b927-05a181c47363"}]}]}, "annotations": [{"bounding_box": {"h": 305.0, "w": 143.0, "x": 1553.0, "y": 2735.0}, "id": "9427ce77-3fba-40d4-a0da-55f96f1532a5", "name": "Alternaria spp.", "slot_names": ["0"]}]}