{"version": "2.0", "schema_ref": "https://darwin-public.s3.eu-west-1.amazonaws.com/darwin_json_2_0.schema.json", "item": {"name": "7002_3ce1102c-0734-4657-8c22-46185b05f861_2022_01_21.jpeg", "path": "/", "source_info": {"dataset": {"name": "alternaria", "slug": "alternaria", "dataset_management_url": "https://darwin.v7labs.com/datasets/538883/dataset-management"}, "item_id": "0183d477-5676-9383-a32a-0f29050c92fd", "team": {"name": "BioScout", "slug": "bioscout"}, "workview_url": "https://darwin.v7labs.com/workview?dataset=538883&item=0183d477-5676-9383-a32a-0f29050c92fd"}, "slots": [{"type": "image", "slot_name": "0", "width": 4064, "height": 3040, "thumbnail_url": "https://darwin.v7labs.com/api/v2/teams/bioscout/files/527ad184-bec9-4765-94df-2478303d2af3/thumbnail", "source_files": [{"file_name": "7002_3ce1102c-0734-4657-8c22-46185b05f861_2022_01_21.jpeg", "url": "https://darwin.v7labs.com/api/v2/teams/bioscout/uploads/089ba321-0fb3-45e1-9ef0-90b1059d637e"}]}]}, "annotations": []}