{"version": "2.0", "schema_ref": "https://darwin-public.s3.eu-west-1.amazonaws.com/darwin_json_2_0.schema.json", "item": {"name": "7002_f514795f-5ae5-4e89-8f5e-f84a8cadf8cc_2022_01_19.jpeg", "path": "/", "source_info": {"dataset": {"name": "alternaria", "slug": "alternaria", "dataset_management_url": "https://darwin.v7labs.com/datasets/538883/dataset-management"}, "item_id": "0183d477-5682-9c80-1863-8c6ad6c956e6", "team": {"name": "BioScout", "slug": "bioscout"}, "workview_url": "https://darwin.v7labs.com/workview?dataset=538883&item=0183d477-5682-9c80-1863-8c6ad6c956e6"}, "slots": [{"type": "image", "slot_name": "0", "width": 4064, "height": 3040, "thumbnail_url": "https://darwin.v7labs.com/api/v2/teams/bioscout/files/34bcf794-01cc-4ea0-acfc-6b5693b12906/thumbnail", "source_files": [{"file_name": "7002_f514795f-5ae5-4e89-8f5e-f84a8cadf8cc_2022_01_19.jpeg", "url": "https://darwin.v7labs.com/api/v2/teams/bioscout/uploads/7c021009-1000-4cba-abf8-bc066626d1da"}]}]}, "annotations": [{"bounding_box": {"h": 226.0, "w": 331.0, "x": 1003.0, "y": 2612.0}, "id": "0371b733-d287-4f87-a888-fda3d3b369a4", "name": "Alternaria spp.", "slot_names": ["0"]}]}