{"version": "2.0", "schema_ref": "https://darwin-public.s3.eu-west-1.amazonaws.com/darwin_json_2_0.schema.json", "item": {"name": "7002_d9c62c77-7e4d-4ac4-ae9f-8e2ab4727517_2022_01_17.jpeg", "path": "/", "source_info": {"dataset": {"name": "alternaria", "slug": "alternaria", "dataset_management_url": "https://darwin.v7labs.com/datasets/538883/dataset-management"}, "item_id": "0183d477-6030-0690-a73d-baa19c8d3064", "team": {"name": "BioScout", "slug": "bioscout"}, "workview_url": "https://darwin.v7labs.com/workview?dataset=538883&item=0183d477-6030-0690-a73d-baa19c8d3064"}, "slots": [{"type": "image", "slot_name": "0", "width": 4064, "height": 3040, "thumbnail_url": "https://darwin.v7labs.com/api/v2/teams/bioscout/files/aa07044f-e84e-4864-bbf9-938f41794551/thumbnail", "source_files": [{"file_name": "7002_d9c62c77-7e4d-4ac4-ae9f-8e2ab4727517_2022_01_17.jpeg", "url": "https://darwin.v7labs.com/api/v2/teams/bioscout/uploads/404850a1-638a-4670-8664-64fc756e9244"}]}]}, "annotations": [{"bounding_box": {"h": 124.0, "w": 329.0, "x": 1123.0, "y": 2458.0}, "id": "c0043704-158b-4ed3-8e95-fe9ce308a363", "name": "Alternaria spp.", "slot_names": ["0"]}]}