{"version": "2.0", "schema_ref": "https://darwin-public.s3.eu-west-1.amazonaws.com/darwin_json_2_0.schema.json", "item": {"name": "7002_cebcf836-f3ff-4e9b-b581-c0082863b901_2022_01_19.jpeg", "path": "/", "source_info": {"dataset": {"name": "alternaria", "slug": "alternaria", "dataset_management_url": "https://darwin.v7labs.com/datasets/538883/dataset-management"}, "item_id": "0183d477-602b-688b-ea47-9d021cf4b27e", "team": {"name": "BioScout", "slug": "bioscout"}, "workview_url": "https://darwin.v7labs.com/workview?dataset=538883&item=0183d477-602b-688b-ea47-9d021cf4b27e"}, "slots": [{"type": "image", "slot_name": "0", "width": 4064, "height": 3040, "thumbnail_url": "https://darwin.v7labs.com/api/v2/teams/bioscout/files/c8112b67-ab60-49af-9c45-b199948f3180/thumbnail", "source_files": [{"file_name": "7002_cebcf836-f3ff-4e9b-b581-c0082863b901_2022_01_19.jpeg", "url": "https://darwin.v7labs.com/api/v2/teams/bioscout/uploads/d5eecae5-052d-485c-b759-b996c13b8b16"}]}]}, "annotations": [{"bounding_box": {"h": 216.0, "w": 161.0, "x": 1012.0, "y": 526.0}, "id": "d8ca20da-a3d3-4e14-88db-952f5e24392e", "name": "Alternaria spp.", "slot_names": ["0"]}]}