{"version": "2.0", "schema_ref": "https://darwin-public.s3.eu-west-1.amazonaws.com/darwin_json_2_0.schema.json", "item": {"name": "7002_b17851c5-071d-44c6-ad2c-402cac2a25fc_2022_01_11.jpeg", "path": "/", "source_info": {"dataset": {"name": "alternaria", "slug": "alternaria", "dataset_management_url": "https://darwin.v7labs.com/datasets/538883/dataset-management"}, "item_id": "0183d477-6031-12a4-838a-c87dcf7887d9", "team": {"name": "BioScout", "slug": "bioscout"}, "workview_url": "https://darwin.v7labs.com/workview?dataset=538883&item=0183d477-6031-12a4-838a-c87dcf7887d9"}, "slots": [{"type": "image", "slot_name": "0", "width": 4064, "height": 3040, "thumbnail_url": "https://darwin.v7labs.com/api/v2/teams/bioscout/files/2a316b2a-5fae-4e91-91ab-4a0fcc2c0d2d/thumbnail", "source_files": [{"file_name": "7002_b17851c5-071d-44c6-ad2c-402cac2a25fc_2022_01_11.jpeg", "url": "https://darwin.v7labs.com/api/v2/teams/bioscout/uploads/cee6d51f-7303-4c6c-900d-4925f1dadd8d"}]}]}, "annotations": [{"bounding_box": {"h": 133.0, "w": 165.0, "x": 423.0, "y": 1943.0}, "id": "c634cbee-6796-409f-a795-30833b6f9895", "name": "Alternaria spp.", "slot_names": ["0"]}]}