{"version": "2.0", "schema_ref": "https://darwin-public.s3.eu-west-1.amazonaws.com/darwin_json_2_0.schema.json", "item": {"name": "7002_6a052207-8fdd-4f14-b57c-db168e654754_2022_01_17.jpeg", "path": "/", "source_info": {"dataset": {"name": "alternaria", "slug": "alternaria", "dataset_management_url": "https://darwin.v7labs.com/datasets/538883/dataset-management"}, "item_id": "0183d477-5682-cc93-43dc-477d02f2c10a", "team": {"name": "BioScout", "slug": "bioscout"}, "workview_url": "https://darwin.v7labs.com/workview?dataset=538883&item=0183d477-5682-cc93-43dc-477d02f2c10a"}, "slots": [{"type": "image", "slot_name": "0", "width": 4064, "height": 3040, "thumbnail_url": "https://darwin.v7labs.com/api/v2/teams/bioscout/files/5850dd2a-d1db-4749-bcdc-e7f69038a6fd/thumbnail", "source_files": [{"file_name": "7002_6a052207-8fdd-4f14-b57c-db168e654754_2022_01_17.jpeg", "url": "https://darwin.v7labs.com/api/v2/teams/bioscout/uploads/267dbf37-9e15-4e33-91e9-2d516181531a"}]}]}, "annotations": [{"bounding_box": {"h": 159.0, "w": 241.0, "x": 783.0, "y": 2420.0}, "id": "26e34ba7-af07-4742-ab04-879a2aa86bc5", "name": "Alternaria spp.", "slot_names": ["0"]}]}