{"version": "2.0", "schema_ref": "https://darwin-public.s3.eu-west-1.amazonaws.com/darwin_json_2_0.schema.json", "item": {"name": "7002_43a1d675-a830-47a5-9fbe-e12d38a6ddeb_2022_01_12.jpeg", "path": "/", "source_info": {"dataset": {"name": "alternaria", "slug": "alternaria", "dataset_management_url": "https://darwin.v7labs.com/datasets/538883/dataset-management"}, "item_id": "0183d477-5687-72f9-2650-cff40449d29c", "team": {"name": "BioScout", "slug": "bioscout"}, "workview_url": "https://darwin.v7labs.com/workview?dataset=538883&item=0183d477-5687-72f9-2650-cff40449d29c"}, "slots": [{"type": "image", "slot_name": "0", "width": 4064, "height": 3040, "thumbnail_url": "https://darwin.v7labs.com/api/v2/teams/bioscout/files/6d33ded9-fc64-409a-887c-66ccccd04144/thumbnail", "source_files": [{"file_name": "7002_43a1d675-a830-47a5-9fbe-e12d38a6ddeb_2022_01_12.jpeg", "url": "https://darwin.v7labs.com/api/v2/teams/bioscout/uploads/ef348652-418a-4d5c-b5c9-2e0224314d3a"}]}]}, "annotations": [{"bounding_box": {"h": 221.0, "w": 128.0, "x": 2439.0, "y": 1696.0}, "id": "d70bf11e-ca83-466e-9c99-c524ac2fc04f", "name": "Alternaria spp.", "slot_names": ["0"]}, {"bounding_box": {"h": 214.0, "w": 278.0, "x": 3043.0, "y": 2131.0}, "id": "25081292-4625-4b86-ab35-3afc71543f27", "name": "Alternaria spp.", "slot_names": ["0"]}, {"bounding_box": {"h": 151.0, "w": 207.0, "x": 3314.0, "y": 2010.0}, "id": "f00c5d28-e9d2-491f-8a8c-395c1b585407", "name": "Alternaria spp.", "slot_names": ["0"]}]}