{"version": "2.0", "schema_ref": "https://darwin-public.s3.eu-west-1.amazonaws.com/darwin_json_2_0.schema.json", "item": {"name": "7002_cc685321-cbd5-49e4-83f7-b8bc110217a6_2022_01_09.jpeg", "path": "/", "source_info": {"dataset": {"name": "alternaria", "slug": "alternaria", "dataset_management_url": "https://darwin.v7labs.com/datasets/538883/dataset-management"}, "item_id": "0183d477-5684-c8b5-1009-430d510884d2", "team": {"name": "BioScout", "slug": "bioscout"}, "workview_url": "https://darwin.v7labs.com/workview?dataset=538883&item=0183d477-5684-c8b5-1009-430d510884d2"}, "slots": [{"type": "image", "slot_name": "0", "width": 4064, "height": 3040, "thumbnail_url": "https://darwin.v7labs.com/api/v2/teams/bioscout/files/fe7930a7-c333-4622-b21f-54e603250116/thumbnail", "source_files": [{"file_name": "7002_cc685321-cbd5-49e4-83f7-b8bc110217a6_2022_01_09.jpeg", "url": "https://darwin.v7labs.com/api/v2/teams/bioscout/uploads/b0341b78-c3c8-4c61-86e8-4a023b210d31"}]}]}, "annotations": [{"bounding_box": {"h": 89.0, "w": 328.0, "x": 2237.0, "y": 1539.0}, "id": "ddb98d79-f55c-4aa5-87af-181d1bbcd1ad", "name": "Alternaria spp.", "slot_names": ["0"]}]}