{"version": "2.0", "schema_ref": "https://darwin-public.s3.eu-west-1.amazonaws.com/darwin_json_2_0.schema.json", "item": {"name": "7002_898f3ef9-7e06-4f1b-8a89-011a64e78f41_2022_01_09.jpeg", "path": "/", "source_info": {"dataset": {"name": "alternaria", "slug": "alternaria", "dataset_management_url": "https://darwin.v7labs.com/datasets/538883/dataset-management"}, "item_id": "0183d477-5677-d326-dbcd-df17e7ab6738", "team": {"name": "BioScout", "slug": "bioscout"}, "workview_url": "https://darwin.v7labs.com/workview?dataset=538883&item=0183d477-5677-d326-dbcd-df17e7ab6738"}, "slots": [{"type": "image", "slot_name": "0", "width": 4064, "height": 3040, "thumbnail_url": "https://darwin.v7labs.com/api/v2/teams/bioscout/files/d598c904-de89-407a-ad7c-4b261cbf7326/thumbnail", "source_files": [{"file_name": "7002_898f3ef9-7e06-4f1b-8a89-011a64e78f41_2022_01_09.jpeg", "url": "https://darwin.v7labs.com/api/v2/teams/bioscout/uploads/d3831346-ab52-46a6-91c0-8b5d910ab4a4"}]}]}, "annotations": [{"bounding_box": {"h": 119.0, "w": 452.0, "x": 2927.0, "y": 1363.0}, "id": "8862e544-f51e-4399-a9ba-4c2f53e3fad3", "name": "Alternaria spp.", "slot_names": ["0"]}]}