{"version": "2.0", "schema_ref": "https://darwin-public.s3.eu-west-1.amazonaws.com/darwin_json_2_0.schema.json", "item": {"name": "7002_305dfe88-4f0a-46dc-b26f-532a374377d5_2022_01_29.jpeg", "path": "/", "source_info": {"dataset": {"name": "alternaria", "slug": "alternaria", "dataset_management_url": "https://darwin.v7labs.com/datasets/538883/dataset-management"}, "item_id": "0183d477-602e-9717-07e5-eb5c32470c97", "team": {"name": "BioScout", "slug": "bioscout"}, "workview_url": "https://darwin.v7labs.com/workview?dataset=538883&item=0183d477-602e-9717-07e5-eb5c32470c97"}, "slots": [{"type": "image", "slot_name": "0", "width": 4064, "height": 3040, "thumbnail_url": "https://darwin.v7labs.com/api/v2/teams/bioscout/files/12832664-2dba-43b7-8e96-9fdcb580ce31/thumbnail", "source_files": [{"file_name": "7002_305dfe88-4f0a-46dc-b26f-532a374377d5_2022_01_29.jpeg", "url": "https://darwin.v7labs.com/api/v2/teams/bioscout/uploads/492df855-6e73-409f-95a5-5d24c924b340"}]}]}, "annotations": [{"bounding_box": {"h": 72.0, "w": 128.0, "x": 3358.0, "y": 2258.0}, "id": "340325b3-c6af-4575-a7e8-cc98bc6d9434", "name": "Alternaria spp.", "slot_names": ["0"]}, {"bounding_box": {"h": 126.0, "w": 124.0, "x": 2500, "y": 2402.0}, "id": "ef974d4d-7c2e-48b7-b16d-fa6f10dce9fd", "name": "Alternaria spp.", "slot_names": ["0"]}]}