{"version": "2.0", "schema_ref": "https://darwin-public.s3.eu-west-1.amazonaws.com/darwin_json_2_0.schema.json", "item": {"name": "7002_fbca9605-b75f-4228-b0d7-47aead2ecd93_2022_01_10.jpeg", "path": "/", "source_info": {"dataset": {"name": "alternaria", "slug": "alternaria", "dataset_management_url": "https://darwin.v7labs.com/datasets/538883/dataset-management"}, "item_id": "0183d477-5688-e3ca-8ddf-192848b62543", "team": {"name": "BioScout", "slug": "bioscout"}, "workview_url": "https://darwin.v7labs.com/workview?dataset=538883&item=0183d477-5688-e3ca-8ddf-192848b62543"}, "slots": [{"type": "image", "slot_name": "0", "width": 4064, "height": 3040, "thumbnail_url": "https://darwin.v7labs.com/api/v2/teams/bioscout/files/df65440c-c0c6-4eaa-a8c5-bb0a70a71d7e/thumbnail", "source_files": [{"file_name": "7002_fbca9605-b75f-4228-b0d7-47aead2ecd93_2022_01_10.jpeg", "url": "https://darwin.v7labs.com/api/v2/teams/bioscout/uploads/e8616827-6d6d-4882-919f-8386c3d3f686"}]}]}, "annotations": [{"bounding_box": {"h": 101.0, "w": 344.0, "x": 278.0, "y": 1249.0}, "id": "fcdfb966-f33d-47ae-849d-b10bea7d16d3", "name": "Alternaria spp.", "slot_names": ["0"]}]}