{"version": "2.0", "schema_ref": "https://darwin-public.s3.eu-west-1.amazonaws.com/darwin_json_2_0.schema.json", "item": {"name": "7002_7fba6770-f78d-4054-9643-45277523d7cd_2022_01_26.jpeg", "path": "/", "source_info": {"dataset": {"name": "alternaria", "slug": "alternaria", "dataset_management_url": "https://darwin.v7labs.com/datasets/538883/dataset-management"}, "item_id": "0183d477-6026-efde-02e9-0209d1eeca3d", "team": {"name": "BioScout", "slug": "bioscout"}, "workview_url": "https://darwin.v7labs.com/workview?dataset=538883&item=0183d477-6026-efde-02e9-0209d1eeca3d"}, "slots": [{"type": "image", "slot_name": "0", "width": 4064, "height": 3040, "thumbnail_url": "https://darwin.v7labs.com/api/v2/teams/bioscout/files/ffa165b5-74fd-4225-929c-82684b5564db/thumbnail", "source_files": [{"file_name": "7002_7fba6770-f78d-4054-9643-45277523d7cd_2022_01_26.jpeg", "url": "https://darwin.v7labs.com/api/v2/teams/bioscout/uploads/6e44ff81-4b51-422b-a439-a472dd44155c"}]}]}, "annotations": [{"bounding_box": {"h": 83.0, "w": 225.0, "x": 2124.0, "y": 1092.0}, "id": "e9e2f6f7-60cb-427c-8180-c741d9b55fc1", "name": "Alternaria spp.", "slot_names": ["0"]}]}