{"version": "2.0", "schema_ref": "https://darwin-public.s3.eu-west-1.amazonaws.com/darwin_json_2_0.schema.json", "item": {"name": "7002_5db90232-a107-434c-a136-c939a8d0ebc7_2022_01_15.jpeg", "path": "/", "source_info": {"dataset": {"name": "alternaria", "slug": "alternaria", "dataset_management_url": "https://darwin.v7labs.com/datasets/538883/dataset-management"}, "item_id": "0183d477-6030-895a-75b9-a8fe55303a7a", "team": {"name": "BioScout", "slug": "bioscout"}, "workview_url": "https://darwin.v7labs.com/workview?dataset=538883&item=0183d477-6030-895a-75b9-a8fe55303a7a"}, "slots": [{"type": "image", "slot_name": "0", "width": 4064, "height": 3040, "thumbnail_url": "https://darwin.v7labs.com/api/v2/teams/bioscout/files/b4e622d4-e789-4440-a70d-b186c432e469/thumbnail", "source_files": [{"file_name": "7002_5db90232-a107-434c-a136-c939a8d0ebc7_2022_01_15.jpeg", "url": "https://darwin.v7labs.com/api/v2/teams/bioscout/uploads/37e50541-7218-4417-889a-d6aed240c4d6"}]}]}, "annotations": [{"bounding_box": {"h": 277.0, "w": 374.0, "x": 321.0, "y": 1929.0}, "id": "8fb8bcbf-8aeb-4b64-b105-87aa5130f5b2", "name": "Alternaria spp.", "slot_names": ["0"]}]}