{"version": "2.0", "schema_ref": "https://darwin-public.s3.eu-west-1.amazonaws.com/darwin_json_2_0.schema.json", "item": {"name": "7002_90b960aa-72c6-4180-9017-c15df1ed5810_2022_01_12.jpeg", "path": "/", "source_info": {"dataset": {"name": "alternaria", "slug": "alternaria", "dataset_management_url": "https://darwin.v7labs.com/datasets/538883/dataset-management"}, "item_id": "0183d477-568b-9001-1db1-02131a3a3738", "team": {"name": "BioScout", "slug": "bioscout"}, "workview_url": "https://darwin.v7labs.com/workview?dataset=538883&item=0183d477-568b-9001-1db1-02131a3a3738"}, "slots": [{"type": "image", "slot_name": "0", "width": 4064, "height": 3040, "thumbnail_url": "https://darwin.v7labs.com/api/v2/teams/bioscout/files/1fc4604a-6a55-4bda-b8b1-7befdf1df0d7/thumbnail", "source_files": [{"file_name": "7002_90b960aa-72c6-4180-9017-c15df1ed5810_2022_01_12.jpeg", "url": "https://darwin.v7labs.com/api/v2/teams/bioscout/uploads/64307e61-2cc2-42c6-84df-3a108b9c388c"}]}]}, "annotations": [{"bounding_box": {"h": 162.0, "w": 217.0, "x": 1421.0, "y": 1511.0}, "id": "ec36d92f-215a-4b46-be20-7cb799968cfa", "name": "Alternaria spp.", "slot_names": ["0"]}]}