{"version": "2.0", "schema_ref": "https://darwin-public.s3.eu-west-1.amazonaws.com/darwin_json_2_0.schema.json", "item": {"name": "7002_fc86c121-864e-4468-815a-b81e8e9e59b1_2022_01_11.jpeg", "path": "/", "source_info": {"dataset": {"name": "alternaria", "slug": "alternaria", "dataset_management_url": "https://darwin.v7labs.com/datasets/538883/dataset-management"}, "item_id": "0183d477-5680-5d18-6099-049ab7378033", "team": {"name": "BioScout", "slug": "bioscout"}, "workview_url": "https://darwin.v7labs.com/workview?dataset=538883&item=0183d477-5680-5d18-6099-049ab7378033"}, "slots": [{"type": "image", "slot_name": "0", "width": 4064, "height": 3040, "thumbnail_url": "https://darwin.v7labs.com/api/v2/teams/bioscout/files/c1abd49e-4780-4707-86db-cf143597b875/thumbnail", "source_files": [{"file_name": "7002_fc86c121-864e-4468-815a-b81e8e9e59b1_2022_01_11.jpeg", "url": "https://darwin.v7labs.com/api/v2/teams/bioscout/uploads/867b92a4-88eb-42c7-b2cc-0ce700b15a26"}]}]}, "annotations": [{"bounding_box": {"h": 333.0, "w": 308.0, "x": 2314.0, "y": 586.0}, "id": "fb88b42b-90dc-4640-ab86-d21536db2b29", "name": "Alternaria spp.", "slot_names": ["0"]}]}