{"version": "2.0", "schema_ref": "https://darwin-public.s3.eu-west-1.amazonaws.com/darwin_json_2_0.schema.json", "item": {"name": "7002_2fe8a10c-5ffa-4eae-91d6-fe8e06f1e5e4_2022_01_20.jpeg", "path": "/", "source_info": {"dataset": {"name": "alternaria", "slug": "alternaria", "dataset_management_url": "https://darwin.v7labs.com/datasets/538883/dataset-management"}, "item_id": "0183d477-602f-7441-a699-ef97906d1c71", "team": {"name": "BioScout", "slug": "bioscout"}, "workview_url": "https://darwin.v7labs.com/workview?dataset=538883&item=0183d477-602f-7441-a699-ef97906d1c71"}, "slots": [{"type": "image", "slot_name": "0", "width": 4064, "height": 3040, "thumbnail_url": "https://darwin.v7labs.com/api/v2/teams/bioscout/files/00f5d702-3632-491d-a714-4d56de929f3c/thumbnail", "source_files": [{"file_name": "7002_2fe8a10c-5ffa-4eae-91d6-fe8e06f1e5e4_2022_01_20.jpeg", "url": "https://darwin.v7labs.com/api/v2/teams/bioscout/uploads/d09799c0-6ac0-46a8-9cba-76e57cb90987"}]}]}, "annotations": [{"bounding_box": {"h": 207.0, "w": 267.0, "x": 1046.0, "y": 918.0}, "id": "8b034aae-9f8f-4d66-adee-0126791b4b8d", "name": "Alternaria spp.", "slot_names": ["0"]}]}