{"version": "2.0", "schema_ref": "https://darwin-public.s3.eu-west-1.amazonaws.com/darwin_json_2_0.schema.json", "item": {"name": "7002_c1718b1c-1163-4ac6-80c2-5e952e881694_2022_01_10.jpeg", "path": "/", "source_info": {"dataset": {"name": "alternaria", "slug": "alternaria", "dataset_management_url": "https://darwin.v7labs.com/datasets/538883/dataset-management"}, "item_id": "0183d477-5678-21f2-85bb-ab8f7c75561a", "team": {"name": "BioScout", "slug": "bioscout"}, "workview_url": "https://darwin.v7labs.com/workview?dataset=538883&item=0183d477-5678-21f2-85bb-ab8f7c75561a"}, "slots": [{"type": "image", "slot_name": "0", "width": 4064, "height": 3040, "thumbnail_url": "https://darwin.v7labs.com/api/v2/teams/bioscout/files/b1e1ff4f-d920-457f-a79b-986222d37349/thumbnail", "source_files": [{"file_name": "7002_c1718b1c-1163-4ac6-80c2-5e952e881694_2022_01_10.jpeg", "url": "https://darwin.v7labs.com/api/v2/teams/bioscout/uploads/653c085e-8eca-496b-83fb-4712774f5d5e"}]}]}, "annotations": [{"bounding_box": {"h": 421.0, "w": 124.0, "x": 1099.0, "y": 1943.0}, "id": "1abe38a6-d904-4b6b-97be-d3acf8fe8dd2", "name": "Alternaria spp.", "slot_names": ["0"]}]}