{"version": "2.0", "schema_ref": "https://darwin-public.s3.eu-west-1.amazonaws.com/darwin_json_2_0.schema.json", "item": {"name": "7002_dc048783-b079-4230-9353-a7a65b6e3c05_2022_01_19.jpeg", "path": "/", "source_info": {"dataset": {"name": "alternaria", "slug": "alternaria", "dataset_management_url": "https://darwin.v7labs.com/datasets/538883/dataset-management"}, "item_id": "0183d477-568c-ef68-00e4-32ae1ccfa34d", "team": {"name": "BioScout", "slug": "bioscout"}, "workview_url": "https://darwin.v7labs.com/workview?dataset=538883&item=0183d477-568c-ef68-00e4-32ae1ccfa34d"}, "slots": [{"type": "image", "slot_name": "0", "width": 4064, "height": 3040, "thumbnail_url": "https://darwin.v7labs.com/api/v2/teams/bioscout/files/e4259e32-4ffa-449a-8386-88726cd45d9a/thumbnail", "source_files": [{"file_name": "7002_dc048783-b079-4230-9353-a7a65b6e3c05_2022_01_19.jpeg", "url": "https://darwin.v7labs.com/api/v2/teams/bioscout/uploads/35b2224e-2a09-42cb-a866-99981a4586d3"}]}]}, "annotations": [{"bounding_box": {"h": 244.0, "w": 83.0, "x": 3608.0, "y": 496.0}, "id": "13440daf-1f77-4e98-81ce-881d8d4dcdfe", "name": "Alternaria spp.", "slot_names": ["0"]}, {"bounding_box": {"h": 114.0, "w": 350.0, "x": 2372.0, "y": 117.0}, "id": "6cba2bda-c0d8-4a32-9d2d-a2b6e87a47de", "name": "Alternaria spp.", "slot_names": ["0"]}, {"bounding_box": {"h": 492.0, "w": 178.0, "x": 2127.0, "y": 192.0}, "id": "30fb5d95-4c59-4523-85a2-5fb89e9f0f27", "name": "Alternaria spp.", "slot_names": ["0"]}]}