{"version": "2.0", "schema_ref": "https://darwin-public.s3.eu-west-1.amazonaws.com/darwin_json_2_0.schema.json", "item": {"name": "7002_2fdffcd0-2cf9-4e8e-9ad7-7429d8aaaf36_2022_01_17.jpeg", "path": "/", "source_info": {"dataset": {"name": "alternaria", "slug": "alternaria", "dataset_management_url": "https://darwin.v7labs.com/datasets/538883/dataset-management"}, "item_id": "0183d477-568c-4edb-48a8-2fdf0cd97827", "team": {"name": "BioScout", "slug": "bioscout"}, "workview_url": "https://darwin.v7labs.com/workview?dataset=538883&item=0183d477-568c-4edb-48a8-2fdf0cd97827"}, "slots": [{"type": "image", "slot_name": "0", "width": 4064, "height": 3040, "thumbnail_url": "https://darwin.v7labs.com/api/v2/teams/bioscout/files/a3ecbd35-c5b1-49c4-aa24-c3792aa97a56/thumbnail", "source_files": [{"file_name": "7002_2fdffcd0-2cf9-4e8e-9ad7-7429d8aaaf36_2022_01_17.jpeg", "url": "https://darwin.v7labs.com/api/v2/teams/bioscout/uploads/3ea1b579-3c53-4237-a015-4b5c5919a19a"}]}]}, "annotations": [{"bounding_box": {"h": 336.0, "w": 142.0, "x": 2191.0, "y": 10.0}, "id": "ee8f6e35-63b1-44be-9533-e19e2a8b20ae", "name": "Alternaria spp.", "slot_names": ["0"]}]}