{"version": "2.0", "schema_ref": "https://darwin-public.s3.eu-west-1.amazonaws.com/darwin_json_2_0.schema.json", "item": {"name": "7002_e779dbdc-5ea9-4b6f-8dce-f20178b3c391_2022_01_28.jpeg", "path": "/", "source_info": {"dataset": {"name": "alternaria", "slug": "alternaria", "dataset_management_url": "https://darwin.v7labs.com/datasets/538883/dataset-management"}, "item_id": "0183d477-568a-5685-3cd0-7c68218bd107", "team": {"name": "BioScout", "slug": "bioscout"}, "workview_url": "https://darwin.v7labs.com/workview?dataset=538883&item=0183d477-568a-5685-3cd0-7c68218bd107"}, "slots": [{"type": "image", "slot_name": "0", "width": 4064, "height": 3040, "thumbnail_url": "https://darwin.v7labs.com/api/v2/teams/bioscout/files/ac6ec7f5-19f2-4d08-875c-701ad4065e02/thumbnail", "source_files": [{"file_name": "7002_e779dbdc-5ea9-4b6f-8dce-f20178b3c391_2022_01_28.jpeg", "url": "https://darwin.v7labs.com/api/v2/teams/bioscout/uploads/b01fa884-8f54-4eaf-9770-9bb9cfd83f7c"}]}]}, "annotations": [{"bounding_box": {"h": 91.0, "w": 281.0, "x": 3613.0, "y": 385.0}, "id": "f5055fca-bba7-4303-b0ee-11d7bcf4270f", "name": "Alternaria spp.", "slot_names": ["0"]}, {"bounding_box": {"h": 115.0, "w": 365.0, "x": 2562.0, "y": 1606.0}, "id": "c58ac57c-ecf9-43e9-b9bf-c2287c104328", "name": "Alternaria spp.", "slot_names": ["0"]}]}