{"version": "2.0", "schema_ref": "https://darwin-public.s3.eu-west-1.amazonaws.com/darwin_json_2_0.schema.json", "item": {"name": "7002_a0289399-3fba-4b96-ab17-d1e04a333082_2022_01_28.jpeg", "path": "/", "source_info": {"dataset": {"name": "alternaria", "slug": "alternaria", "dataset_management_url": "https://darwin.v7labs.com/datasets/538883/dataset-management"}, "item_id": "0183d477-602d-ed66-ad58-4ad0ac2a74a9", "team": {"name": "BioScout", "slug": "bioscout"}, "workview_url": "https://darwin.v7labs.com/workview?dataset=538883&item=0183d477-602d-ed66-ad58-4ad0ac2a74a9"}, "slots": [{"type": "image", "slot_name": "0", "width": 4064, "height": 3040, "thumbnail_url": "https://darwin.v7labs.com/api/v2/teams/bioscout/files/9f6e7376-6f26-4b1d-ab87-c3054226e1a3/thumbnail", "source_files": [{"file_name": "7002_a0289399-3fba-4b96-ab17-d1e04a333082_2022_01_28.jpeg", "url": "https://darwin.v7labs.com/api/v2/teams/bioscout/uploads/6e08f5fe-c18c-480f-aaa8-cc37fe5e9b29"}]}]}, "annotations": [{"bounding_box": {"h": 169.0, "w": 205.0, "x": 2836.0, "y": 2492.0}, "id": "3884e50b-5524-4375-8ae1-9d7d454dab86", "name": "Alternaria spp.", "slot_names": ["0"]}]}