{"version": "2.0", "schema_ref": "https://darwin-public.s3.eu-west-1.amazonaws.com/darwin_json_2_0.schema.json", "item": {"name": "7002_cc26f1dc-fed1-4788-aeca-e5fdf643f05b_2022_01_17.jpeg", "path": "/", "source_info": {"dataset": {"name": "alternaria", "slug": "alternaria", "dataset_management_url": "https://darwin.v7labs.com/datasets/538883/dataset-management"}, "item_id": "0183d477-6026-e198-c373-30aaa0399660", "team": {"name": "BioScout", "slug": "bioscout"}, "workview_url": "https://darwin.v7labs.com/workview?dataset=538883&item=0183d477-6026-e198-c373-30aaa0399660"}, "slots": [{"type": "image", "slot_name": "0", "width": 4064, "height": 3040, "thumbnail_url": "https://darwin.v7labs.com/api/v2/teams/bioscout/files/a50ca0aa-de91-4121-9d4d-d9d0465bd5e7/thumbnail", "source_files": [{"file_name": "7002_cc26f1dc-fed1-4788-aeca-e5fdf643f05b_2022_01_17.jpeg", "url": "https://darwin.v7labs.com/api/v2/teams/bioscout/uploads/5d3cdec3-d83c-42dc-aa18-74f3a5f531c0"}]}]}, "annotations": [{"bounding_box": {"h": 162.0, "w": 201.0, "x": 643.0, "y": 1408.0}, "id": "75f06c36-b05a-4abd-b997-df152f4243fc", "name": "Alternaria spp.", "slot_names": ["0"]}]}