{"version": "2.0", "schema_ref": "https://darwin-public.s3.eu-west-1.amazonaws.com/darwin_json_2_0.schema.json", "item": {"name": "7002_05337c56-9842-4a1d-9c17-b058d9fd3337_2022_01_10.jpeg", "path": "/", "source_info": {"dataset": {"name": "alternaria", "slug": "alternaria", "dataset_management_url": "https://darwin.v7labs.com/datasets/538883/dataset-management"}, "item_id": "0183d477-5675-57fc-24d9-df0a2827f7ac", "team": {"name": "BioScout", "slug": "bioscout"}, "workview_url": "https://darwin.v7labs.com/workview?dataset=538883&item=0183d477-5675-57fc-24d9-df0a2827f7ac"}, "slots": [{"type": "image", "slot_name": "0", "width": 4064, "height": 3040, "thumbnail_url": "https://darwin.v7labs.com/api/v2/teams/bioscout/files/20e048c9-cfd0-4994-8729-2907e3a38ee9/thumbnail", "source_files": [{"file_name": "7002_05337c56-9842-4a1d-9c17-b058d9fd3337_2022_01_10.jpeg", "url": "https://darwin.v7labs.com/api/v2/teams/bioscout/uploads/1b71a03d-ca78-474a-ae41-b0998bf37385"}]}]}, "annotations": [{"bounding_box": {"h": 95.0, "w": 241.0, "x": 72.0, "y": 2807.0}, "id": "2db128f6-e830-4b3a-9cf3-ae85150f851d", "name": "Alternaria spp.", "slot_names": ["0"]}]}