{"version": "2.0", "schema_ref": "https://darwin-public.s3.eu-west-1.amazonaws.com/darwin_json_2_0.schema.json", "item": {"name": "7002_6bb570cd-dcc8-47ec-a648-6a4a7669e3dc_2022_01_28.jpeg", "path": "/", "source_info": {"dataset": {"name": "alternaria", "slug": "alternaria", "dataset_management_url": "https://darwin.v7labs.com/datasets/538883/dataset-management"}, "item_id": "0183d477-5684-a856-a6ac-0658352bf66c", "team": {"name": "BioScout", "slug": "bioscout"}, "workview_url": "https://darwin.v7labs.com/workview?dataset=538883&item=0183d477-5684-a856-a6ac-0658352bf66c"}, "slots": [{"type": "image", "slot_name": "0", "width": 4064, "height": 3040, "thumbnail_url": "https://darwin.v7labs.com/api/v2/teams/bioscout/files/e4e332a5-95d8-4d0d-bc50-ed326312af14/thumbnail", "source_files": [{"file_name": "7002_6bb570cd-dcc8-47ec-a648-6a4a7669e3dc_2022_01_28.jpeg", "url": "https://darwin.v7labs.com/api/v2/teams/bioscout/uploads/d17eb164-45a9-4d07-a8f5-34c379a29224"}]}]}, "annotations": [{"bounding_box": {"h": 356.0, "w": 178.0, "x": 3133.0, "y": 2361.0}, "id": "9525fb60-6fbc-479e-8ca4-2af84ff74e36", "name": "Alternaria spp.", "slot_names": ["0"]}, {"bounding_box": {"h": 296.0, "w": 202.0, "x": 1029.0, "y": 2714.0}, "id": "d2d04196-599d-4f6f-9527-57a741ee3315", "name": "Alternaria spp.", "slot_names": ["0"]}, {"bounding_box": {"h": 263.0, "w": 123.0, "x": 1480.0, "y": 245.0}, "id": "b8c59dad-dbf7-41ce-b896-5461ce99faf3", "name": "Alternaria spp.", "slot_names": ["0"]}]}