{"version": "2.0", "schema_ref": "https://darwin-public.s3.eu-west-1.amazonaws.com/darwin_json_2_0.schema.json", "item": {"name": "7002_2d03e5c4-ab81-42a7-9eff-ddf4ba3de8ae_2022_01_12.jpeg", "path": "/", "source_info": {"dataset": {"name": "alternaria", "slug": "alternaria", "dataset_management_url": "https://darwin.v7labs.com/datasets/538883/dataset-management"}, "item_id": "0183d477-567a-1acf-a14e-2615030ac922", "team": {"name": "BioScout", "slug": "bioscout"}, "workview_url": "https://darwin.v7labs.com/workview?dataset=538883&item=0183d477-567a-1acf-a14e-2615030ac922"}, "slots": [{"type": "image", "slot_name": "0", "width": 4064, "height": 3040, "thumbnail_url": "https://darwin.v7labs.com/api/v2/teams/bioscout/files/2b65b73b-bbf8-447f-84de-8041433fff49/thumbnail", "source_files": [{"file_name": "7002_2d03e5c4-ab81-42a7-9eff-ddf4ba3de8ae_2022_01_12.jpeg", "url": "https://darwin.v7labs.com/api/v2/teams/bioscout/uploads/cf60d387-e80d-4bf7-87b2-7dd9360b11f9"}]}]}, "annotations": [{"bounding_box": {"h": 262.0, "w": 150.0, "x": 3231.0, "y": 602.0}, "id": "544eb469-f181-48c3-99ca-7a478dee09a2", "name": "Alternaria spp.", "slot_names": ["0"]}]}