{"version": "2.0", "schema_ref": "https://darwin-public.s3.eu-west-1.amazonaws.com/darwin_json_2_0.schema.json", "item": {"name": "7002_0242b670-2f46-4ffa-bc96-c78ce61add12_2022_01_20.jpeg", "path": "/", "source_info": {"dataset": {"name": "alternaria", "slug": "alternaria", "dataset_management_url": "https://darwin.v7labs.com/datasets/538883/dataset-management"}, "item_id": "0183d477-6027-4efd-85a7-9cfdbe16d2a4", "team": {"name": "BioScout", "slug": "bioscout"}, "workview_url": "https://darwin.v7labs.com/workview?dataset=538883&item=0183d477-6027-4efd-85a7-9cfdbe16d2a4"}, "slots": [{"type": "image", "slot_name": "0", "width": 4064, "height": 3040, "thumbnail_url": "https://darwin.v7labs.com/api/v2/teams/bioscout/files/f98ff3d7-0a1e-448a-859d-a2262e663fd2/thumbnail", "source_files": [{"file_name": "7002_0242b670-2f46-4ffa-bc96-c78ce61add12_2022_01_20.jpeg", "url": "https://darwin.v7labs.com/api/v2/teams/bioscout/uploads/8bad16ac-c111-4c6d-8c98-4639508d69b7"}]}]}, "annotations": [{"bounding_box": {"h": 118.0, "w": 279.0, "x": 599.0, "y": 441.0}, "id": "1e48b62b-b052-4c84-ba6e-c2e464471c89", "name": "Alternaria spp.", "slot_names": ["0"]}, {"bounding_box": {"h": 202.0, "w": 337.0, "x": 868.0, "y": 481.0}, "id": "b3577abb-392a-48ae-98f3-885669cc4a7e", "name": "Alternaria spp.", "slot_names": ["0"]}]}