{"version": "2.0", "schema_ref": "https://darwin-public.s3.eu-west-1.amazonaws.com/darwin_json_2_0.schema.json", "item": {"name": "7002_2dea1b7f-3fca-4856-b47a-b04cf86bf344_2022_01_26.jpeg", "path": "/", "source_info": {"dataset": {"name": "alternaria", "slug": "alternaria", "dataset_management_url": "https://darwin.v7labs.com/datasets/538883/dataset-management"}, "item_id": "0183d477-5684-4481-557d-446820bae9fd", "team": {"name": "BioScout", "slug": "bioscout"}, "workview_url": "https://darwin.v7labs.com/workview?dataset=538883&item=0183d477-5684-4481-557d-446820bae9fd"}, "slots": [{"type": "image", "slot_name": "0", "width": 4064, "height": 3040, "thumbnail_url": "https://darwin.v7labs.com/api/v2/teams/bioscout/files/7bb018be-bc9d-4ddb-8290-a0126e6d8df4/thumbnail", "source_files": [{"file_name": "7002_2dea1b7f-3fca-4856-b47a-b04cf86bf344_2022_01_26.jpeg", "url": "https://darwin.v7labs.com/api/v2/teams/bioscout/uploads/f5f93f81-96f9-4209-89ac-990f655aed2f"}]}]}, "annotations": [{"bounding_box": {"h": 42.0, "w": 44.0, "x": 2388.0, "y": 1976.0}, "id": "6704ea69-cc6f-4e28-973f-ff0d83e6a94e", "name": "Alternaria spp.", "slot_names": ["0"]}]}