{"version": "2.0", "schema_ref": "https://darwin-public.s3.eu-west-1.amazonaws.com/darwin_json_2_0.schema.json", "item": {"name": "7002_fa68da46-039e-4eb5-801d-fea190d3787f_2022_01_11.jpeg", "path": "/", "source_info": {"dataset": {"name": "alternaria", "slug": "alternaria", "dataset_management_url": "https://darwin.v7labs.com/datasets/538883/dataset-management"}, "item_id": "0183d477-6026-5b94-e1d2-2c5d306befcb", "team": {"name": "BioScout", "slug": "bioscout"}, "workview_url": "https://darwin.v7labs.com/workview?dataset=538883&item=0183d477-6026-5b94-e1d2-2c5d306befcb"}, "slots": [{"type": "image", "slot_name": "0", "width": 4064, "height": 3040, "thumbnail_url": "https://darwin.v7labs.com/api/v2/teams/bioscout/files/0316429e-b3dd-4c0f-8c36-ebd63b05908a/thumbnail", "source_files": [{"file_name": "7002_fa68da46-039e-4eb5-801d-fea190d3787f_2022_01_11.jpeg", "url": "https://darwin.v7labs.com/api/v2/teams/bioscout/uploads/fdd3139a-6b30-4a38-8326-05ae9eba0803"}]}]}, "annotations": [{"bounding_box": {"h": 217.0, "w": 157.0, "x": 261.0, "y": 2039.0}, "id": "85d21885-f299-43f5-aba1-c1f474678f00", "name": "Alternaria spp.", "slot_names": ["0"]}]}