{"version": "2.0", "schema_ref": "https://darwin-public.s3.eu-west-1.amazonaws.com/darwin_json_2_0.schema.json", "item": {"name": "7002_d8c71f90-ddd5-42ac-b7cf-ab81d24f9916_2022_01_11.jpeg", "path": "/", "source_info": {"dataset": {"name": "alternaria", "slug": "alternaria", "dataset_management_url": "https://darwin.v7labs.com/datasets/538883/dataset-management"}, "item_id": "0183d477-568d-97e4-347a-3c8f4877164d", "team": {"name": "BioScout", "slug": "bioscout"}, "workview_url": "https://darwin.v7labs.com/workview?dataset=538883&item=0183d477-568d-97e4-347a-3c8f4877164d"}, "slots": [{"type": "image", "slot_name": "0", "width": 4064, "height": 3040, "thumbnail_url": "https://darwin.v7labs.com/api/v2/teams/bioscout/files/7ea70217-846e-4cf8-a96e-e33545bc5417/thumbnail", "source_files": [{"file_name": "7002_d8c71f90-ddd5-42ac-b7cf-ab81d24f9916_2022_01_11.jpeg", "url": "https://darwin.v7labs.com/api/v2/teams/bioscout/uploads/4c3b2cdb-bced-4b2f-957e-b0a87fff4d9e"}]}]}, "annotations": [{"bounding_box": {"h": 117.0, "w": 303.0, "x": 608.0, "y": 1245.0}, "id": "68f23834-e36f-490e-9cb9-7993e5abb808", "name": "Alternaria spp.", "slot_names": ["0"]}, {"bounding_box": {"h": 226.0, "w": 123.0, "x": 849.0, "y": 1850.0}, "id": "c810531b-b46b-43b8-bdef-89a901305aae", "name": "Alternaria spp.", "slot_names": ["0"]}]}