{"version": "2.0", "schema_ref": "https://darwin-public.s3.eu-west-1.amazonaws.com/darwin_json_2_0.schema.json", "item": {"name": "7002_70a39b42-7d17-4435-8d0e-875bdf7d68d6_2022_01_21.jpeg", "path": "/", "source_info": {"dataset": {"name": "alternaria", "slug": "alternaria", "dataset_management_url": "https://darwin.v7labs.com/datasets/538883/dataset-management"}, "item_id": "0183d477-5684-fdd1-632a-edb7f28c1723", "team": {"name": "BioScout", "slug": "bioscout"}, "workview_url": "https://darwin.v7labs.com/workview?dataset=538883&item=0183d477-5684-fdd1-632a-edb7f28c1723"}, "slots": [{"type": "image", "slot_name": "0", "width": 4064, "height": 3040, "thumbnail_url": "https://darwin.v7labs.com/api/v2/teams/bioscout/files/affc57d3-40c6-4226-a517-d7b77ec87cc7/thumbnail", "source_files": [{"file_name": "7002_70a39b42-7d17-4435-8d0e-875bdf7d68d6_2022_01_21.jpeg", "url": "https://darwin.v7labs.com/api/v2/teams/bioscout/uploads/5c6c288a-209b-4bc2-b945-236793ca956e"}]}]}, "annotations": [{"bounding_box": {"h": 261.0, "w": 204.0, "x": 839.0, "y": 2271.0}, "id": "5f72af2c-2bba-41a4-815f-170630f83c17", "name": "Alternaria spp.", "slot_names": ["0"]}, {"bounding_box": {"h": 167.0, "w": 232.0, "x": 1595.0, "y": 2537.0}, "id": "98f9cdd3-e74a-4141-ba52-0048cb46cac5", "name": "Alternaria spp.", "slot_names": ["0"]}]}