{"version": "2.0", "schema_ref": "https://darwin-public.s3.eu-west-1.amazonaws.com/darwin_json_2_0.schema.json", "item": {"name": "7002_b283bb5a-8c2a-4498-a87b-64d1fa1298b2_2022_01_11.jpeg", "path": "/", "source_info": {"dataset": {"name": "alternaria", "slug": "alternaria", "dataset_management_url": "https://darwin.v7labs.com/datasets/538883/dataset-management"}, "item_id": "0183d477-5689-4bd9-d649-e3bfe216b0e6", "team": {"name": "BioScout", "slug": "bioscout"}, "workview_url": "https://darwin.v7labs.com/workview?dataset=538883&item=0183d477-5689-4bd9-d649-e3bfe216b0e6"}, "slots": [{"type": "image", "slot_name": "0", "width": 4064, "height": 3040, "thumbnail_url": "https://darwin.v7labs.com/api/v2/teams/bioscout/files/c11ee139-6586-4abd-bb2c-956db5539408/thumbnail", "source_files": [{"file_name": "7002_b283bb5a-8c2a-4498-a87b-64d1fa1298b2_2022_01_11.jpeg", "url": "https://darwin.v7labs.com/api/v2/teams/bioscout/uploads/191d8e66-1a10-4604-9f78-3f41e3998a3e"}]}]}, "annotations": [{"bounding_box": {"h": 172.0, "w": 334.0, "x": 2743.0, "y": 662.0}, "id": "b156971f-bf88-42f3-b0f9-e672d484a6f7", "name": "Alternaria spp.", "slot_names": ["0"]}, {"bounding_box": {"h": 115.0, "w": 345.0, "x": 3019.0, "y": 2492.0}, "id": "d20f893c-3014-4df3-81fd-2500c5bea459", "name": "Alternaria spp.", "slot_names": ["0"]}]}