{"version": "2.0", "schema_ref": "https://darwin-public.s3.eu-west-1.amazonaws.com/darwin_json_2_0.schema.json", "item": {"name": "7002_d858eeaf-c2f8-4a95-ba73-85fe152169c0_2022_01_28.jpeg", "path": "/", "source_info": {"dataset": {"name": "alternaria", "slug": "alternaria", "dataset_management_url": "https://darwin.v7labs.com/datasets/538883/dataset-management"}, "item_id": "0183d477-568a-8375-ed5d-7bfec2618a14", "team": {"name": "BioScout", "slug": "bioscout"}, "workview_url": "https://darwin.v7labs.com/workview?dataset=538883&item=0183d477-568a-8375-ed5d-7bfec2618a14"}, "slots": [{"type": "image", "slot_name": "0", "width": 4064, "height": 3040, "thumbnail_url": "https://darwin.v7labs.com/api/v2/teams/bioscout/files/f7894041-6ea6-47e0-b822-2b1c5b01222c/thumbnail", "source_files": [{"file_name": "7002_d858eeaf-c2f8-4a95-ba73-85fe152169c0_2022_01_28.jpeg", "url": "https://darwin.v7labs.com/api/v2/teams/bioscout/uploads/dd722e8c-21ea-4b60-b4dc-8711f62f6c79"}]}]}, "annotations": [{"bounding_box": {"h": 251.0, "w": 352.0, "x": 462.0, "y": 1909.0}, "id": "40cda018-91ce-4b67-bcdf-2d4e9ee341f1", "name": "Alternaria spp.", "slot_names": ["0"]}, {"bounding_box": {"h": 228.0, "w": 214.0, "x": 271.0, "y": 2132.0}, "id": "f1d8a0f4-6037-4c28-8280-5cf28ef03a3d", "name": "Alternaria spp.", "slot_names": ["0"]}]}