{"version": "2.0", "schema_ref": "https://darwin-public.s3.eu-west-1.amazonaws.com/darwin_json_2_0.schema.json", "item": {"name": "7002_b837b45b-a11c-4574-bb96-ad598996bcd5_2022_01_28.jpeg", "path": "/", "source_info": {"dataset": {"name": "alternaria", "slug": "alternaria", "dataset_management_url": "https://darwin.v7labs.com/datasets/538883/dataset-management"}, "item_id": "0183d477-6030-9d51-9911-80f5a804cad3", "team": {"name": "BioScout", "slug": "bioscout"}, "workview_url": "https://darwin.v7labs.com/workview?dataset=538883&item=0183d477-6030-9d51-9911-80f5a804cad3"}, "slots": [{"type": "image", "slot_name": "0", "width": 4064, "height": 3040, "thumbnail_url": "https://darwin.v7labs.com/api/v2/teams/bioscout/files/d65a4bf2-728e-43e3-807d-df8ebd9ea991/thumbnail", "source_files": [{"file_name": "7002_b837b45b-a11c-4574-bb96-ad598996bcd5_2022_01_28.jpeg", "url": "https://darwin.v7labs.com/api/v2/teams/bioscout/uploads/361b73c4-7fda-4146-bcf1-1d433330acc2"}]}]}, "annotations": [{"bounding_box": {"h": 209.0, "w": 301.0, "x": 2902.0, "y": 1354.0}, "id": "95e4db73-d89c-48a5-8146-e812c853f1ba", "name": "Alternaria spp.", "slot_names": ["0"]}]}