{"version": "2.0", "schema_ref": "https://darwin-public.s3.eu-west-1.amazonaws.com/darwin_json_2_0.schema.json", "item": {"name": "7002_96395e77-0c94-41f8-bbaa-b9c6b18f11a7_2022_01_20.jpeg", "path": "/", "source_info": {"dataset": {"name": "alternaria", "slug": "alternaria", "dataset_management_url": "https://darwin.v7labs.com/datasets/538883/dataset-management"}, "item_id": "0183d477-6024-cce5-6b8e-577f1f6422c8", "team": {"name": "BioScout", "slug": "bioscout"}, "workview_url": "https://darwin.v7labs.com/workview?dataset=538883&item=0183d477-6024-cce5-6b8e-577f1f6422c8"}, "slots": [{"type": "image", "slot_name": "0", "width": 4064, "height": 3040, "thumbnail_url": "https://darwin.v7labs.com/api/v2/teams/bioscout/files/8a5b406d-94b4-4232-a619-d493c755ba6d/thumbnail", "source_files": [{"file_name": "7002_96395e77-0c94-41f8-bbaa-b9c6b18f11a7_2022_01_20.jpeg", "url": "https://darwin.v7labs.com/api/v2/teams/bioscout/uploads/21145e21-eccf-4124-b3be-48f3ee39311c"}]}]}, "annotations": [{"bounding_box": {"h": 225.0, "w": 289.0, "x": 2972.0, "y": 2780.0}, "id": "12a4f1e9-3550-4ce4-8a92-23e54a9b4468", "name": "Alternaria spp.", "slot_names": ["0"]}]}