{"version": "2.0", "schema_ref": "https://darwin-public.s3.eu-west-1.amazonaws.com/darwin_json_2_0.schema.json", "item": {"name": "7002_640aaafd-6285-4042-975e-75dc266fa695_2022_01_19.jpeg", "path": "/", "source_info": {"dataset": {"name": "alternaria", "slug": "alternaria", "dataset_management_url": "https://darwin.v7labs.com/datasets/538883/dataset-management"}, "item_id": "0183d477-5685-a84f-6966-5c7fcca8a86c", "team": {"name": "BioScout", "slug": "bioscout"}, "workview_url": "https://darwin.v7labs.com/workview?dataset=538883&item=0183d477-5685-a84f-6966-5c7fcca8a86c"}, "slots": [{"type": "image", "slot_name": "0", "width": 4064, "height": 3040, "thumbnail_url": "https://darwin.v7labs.com/api/v2/teams/bioscout/files/dc4eac75-e254-421e-975e-a3aad3661e1e/thumbnail", "source_files": [{"file_name": "7002_640aaafd-6285-4042-975e-75dc266fa695_2022_01_19.jpeg", "url": "https://darwin.v7labs.com/api/v2/teams/bioscout/uploads/6011fa9f-85f4-4005-8b2c-aa32cb11cca1"}]}]}, "annotations": [{"bounding_box": {"h": 159.0, "w": 190.0, "x": 1682.0, "y": 2244.0}, "id": "f1303724-3365-49b1-9a23-2e384e9bfe62", "name": "Alternaria spp.", "slot_names": ["0"]}, {"bounding_box": {"h": 129.0, "w": 232.0, "x": 989.0, "y": 2889.0}, "id": "c05bf816-6445-41de-ae20-872c742cfa21", "name": "Alternaria spp.", "slot_names": ["0"]}, {"bounding_box": {"h": 104.0, "w": 257.0, "x": 1468.0, "y": 2287.0}, "id": "629ec172-563b-4783-9ab0-a0d1a235f1f3", "name": "Alternaria spp.", "slot_names": ["0"]}, {"bounding_box": {"h": 101.0, "w": 303.0, "x": 1188.0, "y": 2938.0}, "id": "7fa921ae-314e-4bd2-87cd-b0449c8cab29", "name": "Alternaria spp.", "slot_names": ["0"]}]}