{"version": "2.0", "schema_ref": "https://darwin-public.s3.eu-west-1.amazonaws.com/darwin_json_2_0.schema.json", "item": {"name": "7002_37039611-1c41-4356-802f-62b18bdbfedd_2022_01_28.jpeg", "path": "/", "source_info": {"dataset": {"name": "alternaria", "slug": "alternaria", "dataset_management_url": "https://darwin.v7labs.com/datasets/538883/dataset-management"}, "item_id": "0183d477-602c-2cf1-8a36-d289ce41cc1a", "team": {"name": "BioScout", "slug": "bioscout"}, "workview_url": "https://darwin.v7labs.com/workview?dataset=538883&item=0183d477-602c-2cf1-8a36-d289ce41cc1a"}, "slots": [{"type": "image", "slot_name": "0", "width": 4064, "height": 3040, "thumbnail_url": "https://darwin.v7labs.com/api/v2/teams/bioscout/files/66db68dd-5979-496d-b833-dd006ecad6aa/thumbnail", "source_files": [{"file_name": "7002_37039611-1c41-4356-802f-62b18bdbfedd_2022_01_28.jpeg", "url": "https://darwin.v7labs.com/api/v2/teams/bioscout/uploads/6dfdad75-7d16-4483-a3e4-5889e2a78b36"}]}]}, "annotations": [{"bounding_box": {"h": 256.0, "w": 167.0, "x": 1360.0, "y": 336.0}, "id": "447498d8-fd69-4745-b3a7-f3e006ada4ec", "name": "Alternaria spp.", "slot_names": ["0"]}, {"bounding_box": {"h": 441.0, "w": 175.0, "x": 1529.0, "y": 2287.0}, "id": "88c8a363-d1f4-4ee5-9b77-7b8dde1e2a0f", "name": "Alternaria spp.", "slot_names": ["0"]}]}