{"version": "2.0", "schema_ref": "https://darwin-public.s3.eu-west-1.amazonaws.com/darwin_json_2_0.schema.json", "item": {"name": "7002_993c07c8-f853-4c95-9fe6-c4f5932aff0b_2022_01_20.jpeg", "path": "/", "source_info": {"dataset": {"name": "alternaria", "slug": "alternaria", "dataset_management_url": "https://darwin.v7labs.com/datasets/538883/dataset-management"}, "item_id": "0183d477-567b-280d-078e-1485c585022a", "team": {"name": "BioScout", "slug": "bioscout"}, "workview_url": "https://darwin.v7labs.com/workview?dataset=538883&item=0183d477-567b-280d-078e-1485c585022a"}, "slots": [{"type": "image", "slot_name": "0", "width": 4064, "height": 3040, "thumbnail_url": "https://darwin.v7labs.com/api/v2/teams/bioscout/files/843ec06d-5bda-4ad2-a6da-9c634f8a1eb1/thumbnail", "source_files": [{"file_name": "7002_993c07c8-f853-4c95-9fe6-c4f5932aff0b_2022_01_20.jpeg", "url": "https://darwin.v7labs.com/api/v2/teams/bioscout/uploads/9e4df593-16d8-4f56-a1c1-e9b37669c6cd"}]}]}, "annotations": [{"bounding_box": {"h": 103.0, "w": 233.0, "x": 2235.0, "y": 2849.0}, "id": "58a9a798-fcc1-4418-bcb9-bbfe56378863", "name": "Alternaria spp.", "slot_names": ["0"]}]}