{"version": "2.0", "schema_ref": "https://darwin-public.s3.eu-west-1.amazonaws.com/darwin_json_2_0.schema.json", "item": {"name": "7002_59172cdb-00b3-4acd-8df1-a78e32c40944_2022_01_15.jpeg", "path": "/", "source_info": {"dataset": {"name": "alternaria", "slug": "alternaria", "dataset_management_url": "https://darwin.v7labs.com/datasets/538883/dataset-management"}, "item_id": "0183d477-6026-bbf6-b1e9-13f3674d7cac", "team": {"name": "BioScout", "slug": "bioscout"}, "workview_url": "https://darwin.v7labs.com/workview?dataset=538883&item=0183d477-6026-bbf6-b1e9-13f3674d7cac"}, "slots": [{"type": "image", "slot_name": "0", "width": 4064, "height": 3040, "thumbnail_url": "https://darwin.v7labs.com/api/v2/teams/bioscout/files/9b8e59d6-f545-4fd0-a297-477ff375643a/thumbnail", "source_files": [{"file_name": "7002_59172cdb-00b3-4acd-8df1-a78e32c40944_2022_01_15.jpeg", "url": "https://darwin.v7labs.com/api/v2/teams/bioscout/uploads/176af1b3-af1a-4f73-8c11-42d053cc1ac0"}]}]}, "annotations": [{"bounding_box": {"h": 154.0, "w": 301.0, "x": 2050.0, "y": 286.0}, "id": "6714094e-a9d8-437e-918f-b7885a903231", "name": "Alternaria spp.", "slot_names": ["0"]}]}