{"version": "2.0", "schema_ref": "https://darwin-public.s3.eu-west-1.amazonaws.com/darwin_json_2_0.schema.json", "item": {"name": "7002_49c421bd-d4df-412f-a4e2-b0ed67636677_2022_01_10.jpeg", "path": "/", "source_info": {"dataset": {"name": "alternaria", "slug": "alternaria", "dataset_management_url": "https://darwin.v7labs.com/datasets/538883/dataset-management"}, "item_id": "0183d477-5678-a483-080c-c06411665b18", "team": {"name": "BioScout", "slug": "bioscout"}, "workview_url": "https://darwin.v7labs.com/workview?dataset=538883&item=0183d477-5678-a483-080c-c06411665b18"}, "slots": [{"type": "image", "slot_name": "0", "width": 4064, "height": 3040, "thumbnail_url": "https://darwin.v7labs.com/api/v2/teams/bioscout/files/4a78ba17-fec6-48b7-9b93-a5800ef9fa0f/thumbnail", "source_files": [{"file_name": "7002_49c421bd-d4df-412f-a4e2-b0ed67636677_2022_01_10.jpeg", "url": "https://darwin.v7labs.com/api/v2/teams/bioscout/uploads/544a6259-deaa-4978-b5f1-3b7e58c7a8ef"}]}]}, "annotations": [{"bounding_box": {"h": 219.0, "w": 148.0, "x": 2646.0, "y": 2034.0}, "id": "5c058aac-bf3e-4cc5-92d3-1f6657520b20", "name": "Alternaria spp.", "slot_names": ["0"]}]}