{"version": "2.0", "schema_ref": "https://darwin-public.s3.eu-west-1.amazonaws.com/darwin_json_2_0.schema.json", "item": {"name": "7002_01ba08e8-9596-46b8-b9a5-529277cf3b1f_2022_01_11.jpeg", "path": "/", "source_info": {"dataset": {"name": "alternaria", "slug": "alternaria", "dataset_management_url": "https://darwin.v7labs.com/datasets/538883/dataset-management"}, "item_id": "0183d477-5687-cc6d-cffa-efbbe054ce87", "team": {"name": "BioScout", "slug": "bioscout"}, "workview_url": "https://darwin.v7labs.com/workview?dataset=538883&item=0183d477-5687-cc6d-cffa-efbbe054ce87"}, "slots": [{"type": "image", "slot_name": "0", "width": 4064, "height": 3040, "thumbnail_url": "https://darwin.v7labs.com/api/v2/teams/bioscout/files/4fd2f54d-96a8-456c-8e19-059d88924c2d/thumbnail", "source_files": [{"file_name": "7002_01ba08e8-9596-46b8-b9a5-529277cf3b1f_2022_01_11.jpeg", "url": "https://darwin.v7labs.com/api/v2/teams/bioscout/uploads/1492280e-0354-4622-9751-b9d1e9552bb5"}]}]}, "annotations": [{"bounding_box": {"h": 91.0, "w": 298.0, "x": 837.0, "y": 1268.0}, "id": "86a49e07-a049-4d7c-8ee7-686a08f545ef", "name": "Alternaria spp.", "slot_names": ["0"]}]}