{"version": "2.0", "schema_ref": "https://darwin-public.s3.eu-west-1.amazonaws.com/darwin_json_2_0.schema.json", "item": {"name": "7002_0ef85bcc-9ff7-4bc5-b189-ae02fc4155fc_2022_01_28.jpeg", "path": "/", "source_info": {"dataset": {"name": "alternaria", "slug": "alternaria", "dataset_management_url": "https://darwin.v7labs.com/datasets/538883/dataset-management"}, "item_id": "0183d477-602d-0297-7777-e694b3a18146", "team": {"name": "BioScout", "slug": "bioscout"}, "workview_url": "https://darwin.v7labs.com/workview?dataset=538883&item=0183d477-602d-0297-7777-e694b3a18146"}, "slots": [{"type": "image", "slot_name": "0", "width": 4064, "height": 3040, "thumbnail_url": "https://darwin.v7labs.com/api/v2/teams/bioscout/files/3d37a5f8-0ab4-4352-bb21-dda38e309b6d/thumbnail", "source_files": [{"file_name": "7002_0ef85bcc-9ff7-4bc5-b189-ae02fc4155fc_2022_01_28.jpeg", "url": "https://darwin.v7labs.com/api/v2/teams/bioscout/uploads/b9a3c099-ca4b-40bb-92b5-df0c9496f8a8"}]}]}, "annotations": [{"bounding_box": {"h": 162.0, "w": 341.0, "x": 403.0, "y": 2204.0}, "id": "5ec7ec9f-1ca9-4d6f-8d42-2ed2ea867974", "name": "Alternaria spp.", "slot_names": ["0"]}]}