{"version": "2.0", "schema_ref": "https://darwin-public.s3.eu-west-1.amazonaws.com/darwin_json_2_0.schema.json", "item": {"name": "7002_78dbd566-fd2c-4bf7-89ee-dfa84f2476b1_2022_01_11.jpeg", "path": "/", "source_info": {"dataset": {"name": "alternaria", "slug": "alternaria", "dataset_management_url": "https://darwin.v7labs.com/datasets/538883/dataset-management"}, "item_id": "0183d477-5676-db7d-b923-d7d7f3bd26a1", "team": {"name": "BioScout", "slug": "bioscout"}, "workview_url": "https://darwin.v7labs.com/workview?dataset=538883&item=0183d477-5676-db7d-b923-d7d7f3bd26a1"}, "slots": [{"type": "image", "slot_name": "0", "width": 4064, "height": 3040, "thumbnail_url": "https://darwin.v7labs.com/api/v2/teams/bioscout/files/c88a72b7-e972-41c5-98b9-7a73f36d5b68/thumbnail", "source_files": [{"file_name": "7002_78dbd566-fd2c-4bf7-89ee-dfa84f2476b1_2022_01_11.jpeg", "url": "https://darwin.v7labs.com/api/v2/teams/bioscout/uploads/ca96bc37-447d-4009-b34a-adad1d2e15db"}]}]}, "annotations": []}