{"version": "2.0", "schema_ref": "https://darwin-public.s3.eu-west-1.amazonaws.com/darwin_json_2_0.schema.json", "item": {"name": "7002_88d0d2aa-5ea6-4be1-97b7-a60f3ef207d3_2022_01_30.jpeg", "path": "/", "source_info": {"dataset": {"name": "alternaria", "slug": "alternaria", "dataset_management_url": "https://darwin.v7labs.com/datasets/538883/dataset-management"}, "item_id": "0183d477-567d-6b5b-b98b-a6d441a62ae1", "team": {"name": "BioScout", "slug": "bioscout"}, "workview_url": "https://darwin.v7labs.com/workview?dataset=538883&item=0183d477-567d-6b5b-b98b-a6d441a62ae1"}, "slots": [{"type": "image", "slot_name": "0", "width": 4064, "height": 3040, "thumbnail_url": "https://darwin.v7labs.com/api/v2/teams/bioscout/files/64d24099-1d69-47cd-a93d-3232a7b66042/thumbnail", "source_files": [{"file_name": "7002_88d0d2aa-5ea6-4be1-97b7-a60f3ef207d3_2022_01_30.jpeg", "url": "https://darwin.v7labs.com/api/v2/teams/bioscout/uploads/63f48c7b-ced6-4ae4-8168-5bc2ce1fb8d0"}]}]}, "annotations": [{"bounding_box": {"h": 65.0, "w": 163.0, "x": 1393.0, "y": 2519.0}, "id": "8c18f33c-4149-41fe-ad4f-f015183133c4", "name": "Alternaria spp.", "slot_names": ["0"]}, {"bounding_box": {"h": 99.0, "w": 221.0, "x": 1622.0, "y": 2484.0}, "id": "6d0b3e82-85e5-4d4f-a162-2922c117ee78", "name": "Alternaria spp.", "slot_names": ["0"]}]}