{"version": "2.0", "schema_ref": "https://darwin-public.s3.eu-west-1.amazonaws.com/darwin_json_2_0.schema.json", "item": {"name": "7002_d5e15363-f138-422a-9bc8-89a689b49eb8_2022_01_20.jpeg", "path": "/", "source_info": {"dataset": {"name": "alternaria", "slug": "alternaria", "dataset_management_url": "https://darwin.v7labs.com/datasets/538883/dataset-management"}, "item_id": "0183d477-568c-8d54-075c-fb92f4070fd3", "team": {"name": "BioScout", "slug": "bioscout"}, "workview_url": "https://darwin.v7labs.com/workview?dataset=538883&item=0183d477-568c-8d54-075c-fb92f4070fd3"}, "slots": [{"type": "image", "slot_name": "0", "width": 4064, "height": 3040, "thumbnail_url": "https://darwin.v7labs.com/api/v2/teams/bioscout/files/419ab2f8-7630-4759-bb4f-59f1689abc07/thumbnail", "source_files": [{"file_name": "7002_d5e15363-f138-422a-9bc8-89a689b49eb8_2022_01_20.jpeg", "url": "https://darwin.v7labs.com/api/v2/teams/bioscout/uploads/6c5bbb8e-c6cc-4b09-b285-c903fa3c9734"}]}]}, "annotations": [{"bounding_box": {"h": 125.0, "w": 241.0, "x": 3389.0, "y": 486.0}, "id": "6248f438-a091-4789-bfa8-dffe5dafbdb6", "name": "Alternaria spp.", "slot_names": ["0"]}]}