{"version": "2.0", "schema_ref": "https://darwin-public.s3.eu-west-1.amazonaws.com/darwin_json_2_0.schema.json", "item": {"name": "7002_ad7514df-95c5-4068-a119-69b46e279efc_2022_01_11.jpeg", "path": "/", "source_info": {"dataset": {"name": "alternaria", "slug": "alternaria", "dataset_management_url": "https://darwin.v7labs.com/datasets/538883/dataset-management"}, "item_id": "0183d477-5684-1fcc-f10d-bb65d9dc7cfb", "team": {"name": "BioScout", "slug": "bioscout"}, "workview_url": "https://darwin.v7labs.com/workview?dataset=538883&item=0183d477-5684-1fcc-f10d-bb65d9dc7cfb"}, "slots": [{"type": "image", "slot_name": "0", "width": 4064, "height": 3040, "thumbnail_url": "https://darwin.v7labs.com/api/v2/teams/bioscout/files/a63d2fc3-67e2-42d1-a048-59b516b07d2f/thumbnail", "source_files": [{"file_name": "7002_ad7514df-95c5-4068-a119-69b46e279efc_2022_01_11.jpeg", "url": "https://darwin.v7labs.com/api/v2/teams/bioscout/uploads/288ff1e8-a053-43ef-ab54-90c07224edd8"}]}]}, "annotations": [{"bounding_box": {"h": 131.0, "w": 439.0, "x": 1972.0, "y": 2857.0}, "id": "59e0c63d-52f3-40b9-80c8-d51b4b415ee0", "name": "Alternaria spp.", "slot_names": ["0"]}, {"bounding_box": {"h": 229.0, "w": 200.0, "x": 1965.0, "y": 2214.0}, "id": "30b83652-f50d-4592-9122-1245adbef7cb", "name": "Alternaria spp.", "slot_names": ["0"]}, {"bounding_box": {"h": 117.0, "w": 214.0, "x": 1912.0, "y": 2340.0}, "id": "3ac7f843-b675-45c2-9adf-77aab1683502", "name": "Alternaria spp.", "slot_names": ["0"]}]}