{"version": "2.0", "schema_ref": "https://darwin-public.s3.eu-west-1.amazonaws.com/darwin_json_2_0.schema.json", "item": {"name": "7002_73044128-4e15-4081-b4c5-9647f2948894_2022_01_21.jpeg", "path": "/", "source_info": {"dataset": {"name": "alternaria", "slug": "alternaria", "dataset_management_url": "https://darwin.v7labs.com/datasets/538883/dataset-management"}, "item_id": "0183d477-5685-9eec-52ec-275766664dad", "team": {"name": "BioScout", "slug": "bioscout"}, "workview_url": "https://darwin.v7labs.com/workview?dataset=538883&item=0183d477-5685-9eec-52ec-275766664dad"}, "slots": [{"type": "image", "slot_name": "0", "width": 4064, "height": 3040, "thumbnail_url": "https://darwin.v7labs.com/api/v2/teams/bioscout/files/3b22e06e-4732-46a8-b1a1-e148264680dd/thumbnail", "source_files": [{"file_name": "7002_73044128-4e15-4081-b4c5-9647f2948894_2022_01_21.jpeg", "url": "https://darwin.v7labs.com/api/v2/teams/bioscout/uploads/1af2a000-3df5-4260-8524-84bc7bb5f321"}]}]}, "annotations": [{"bounding_box": {"h": 127.0, "w": 249.0, "x": 3815.0, "y": 2296.0}, "id": "2907d7f0-1078-4b1b-a721-2f0f80d25bd6", "name": "Alternaria spp.", "slot_names": ["0"]}]}