{"version": "2.0", "schema_ref": "https://darwin-public.s3.eu-west-1.amazonaws.com/darwin_json_2_0.schema.json", "item": {"name": "7002_8ec253c4-a386-4954-ad6a-523fe6bc1664_2022_01_12.jpeg", "path": "/", "source_info": {"dataset": {"name": "alternaria", "slug": "alternaria", "dataset_management_url": "https://darwin.v7labs.com/datasets/538883/dataset-management"}, "item_id": "0183d477-6030-d96e-2303-f494c404cf63", "team": {"name": "BioScout", "slug": "bioscout"}, "workview_url": "https://darwin.v7labs.com/workview?dataset=538883&item=0183d477-6030-d96e-2303-f494c404cf63"}, "slots": [{"type": "image", "slot_name": "0", "width": 4064, "height": 3040, "thumbnail_url": "https://darwin.v7labs.com/api/v2/teams/bioscout/files/4481ffa7-3eab-4a1f-b890-16535a8d99bd/thumbnail", "source_files": [{"file_name": "7002_8ec253c4-a386-4954-ad6a-523fe6bc1664_2022_01_12.jpeg", "url": "https://darwin.v7labs.com/api/v2/teams/bioscout/uploads/e9c4ee08-6d3b-4ca2-84ce-6e504636b6ee"}]}]}, "annotations": [{"bounding_box": {"h": 171.0, "w": 270.0, "x": 1711.0, "y": 2161.0}, "id": "3f573dfc-37e3-4c0e-ae6d-44a815ee7aa2", "name": "Alternaria spp.", "slot_names": ["0"]}]}