{"version": "2.0", "schema_ref": "https://darwin-public.s3.eu-west-1.amazonaws.com/darwin_json_2_0.schema.json", "item": {"name": "7002_ce15c6e9-cce0-4259-b9af-ef0d0a1e7818_2022_01_13.jpeg", "path": "/", "source_info": {"dataset": {"name": "alternaria", "slug": "alternaria", "dataset_management_url": "https://darwin.v7labs.com/datasets/538883/dataset-management"}, "item_id": "0183d477-5680-28de-14b0-7e617ea4ff2d", "team": {"name": "BioScout", "slug": "bioscout"}, "workview_url": "https://darwin.v7labs.com/workview?dataset=538883&item=0183d477-5680-28de-14b0-7e617ea4ff2d"}, "slots": [{"type": "image", "slot_name": "0", "width": 4064, "height": 3040, "thumbnail_url": "https://darwin.v7labs.com/api/v2/teams/bioscout/files/1c1c2949-33c3-4022-8c10-76c18fed4380/thumbnail", "source_files": [{"file_name": "7002_ce15c6e9-cce0-4259-b9af-ef0d0a1e7818_2022_01_13.jpeg", "url": "https://darwin.v7labs.com/api/v2/teams/bioscout/uploads/8f503a40-b5d6-4294-9d26-09c085e31b1c"}]}]}, "annotations": [{"bounding_box": {"h": 169.0, "w": 128.0, "x": 3538.0, "y": 1023.0}, "id": "75c86904-114d-46b8-988a-7b22d6df36c2", "name": "Alternaria spp.", "slot_names": ["0"]}, {"bounding_box": {"h": 157.0, "w": 149.0, "x": 3660.0, "y": 1123.0}, "id": "66372e8f-f984-4a15-9316-712fa365370c", "name": "Alternaria spp.", "slot_names": ["0"]}]}