{"version": "2.0", "schema_ref": "https://darwin-public.s3.eu-west-1.amazonaws.com/darwin_json_2_0.schema.json", "item": {"name": "7002_9658b0d1-fe52-4101-80e7-ae47f2edb827_2022_01_15.jpeg", "path": "/", "source_info": {"dataset": {"name": "alternaria", "slug": "alternaria", "dataset_management_url": "https://darwin.v7labs.com/datasets/538883/dataset-management"}, "item_id": "0183d477-568b-2c20-686c-d015cdda4614", "team": {"name": "BioScout", "slug": "bioscout"}, "workview_url": "https://darwin.v7labs.com/workview?dataset=538883&item=0183d477-568b-2c20-686c-d015cdda4614"}, "slots": [{"type": "image", "slot_name": "0", "width": 4064, "height": 3040, "thumbnail_url": "https://darwin.v7labs.com/api/v2/teams/bioscout/files/70437f5b-7d76-4b7a-b389-9b7684c3899b/thumbnail", "source_files": [{"file_name": "7002_9658b0d1-fe52-4101-80e7-ae47f2edb827_2022_01_15.jpeg", "url": "https://darwin.v7labs.com/api/v2/teams/bioscout/uploads/a7b5a459-dc47-4ed7-b77a-f89457fde1d0"}]}]}, "annotations": [{"bounding_box": {"h": 255.0, "w": 238.0, "x": 3668.0, "y": 2308.0}, "id": "fb61fcc8-8b57-438e-ac4a-d27572529426", "name": "Alternaria spp.", "slot_names": ["0"]}]}