{"version": "2.0", "schema_ref": "https://darwin-public.s3.eu-west-1.amazonaws.com/darwin_json_2_0.schema.json", "item": {"name": "7002_d259766e-d9bc-499e-8b54-a9e0eac33e92_2022_01_20.jpeg", "path": "/", "source_info": {"dataset": {"name": "alternaria", "slug": "alternaria", "dataset_management_url": "https://darwin.v7labs.com/datasets/538883/dataset-management"}, "item_id": "0183d477-5675-6760-e980-bd7934847fad", "team": {"name": "BioScout", "slug": "bioscout"}, "workview_url": "https://darwin.v7labs.com/workview?dataset=538883&item=0183d477-5675-6760-e980-bd7934847fad"}, "slots": [{"type": "image", "slot_name": "0", "width": 4064, "height": 3040, "thumbnail_url": "https://darwin.v7labs.com/api/v2/teams/bioscout/files/6c509c15-38ce-4619-83e3-10f04c63647d/thumbnail", "source_files": [{"file_name": "7002_d259766e-d9bc-499e-8b54-a9e0eac33e92_2022_01_20.jpeg", "url": "https://darwin.v7labs.com/api/v2/teams/bioscout/uploads/f5e88646-4415-473d-afb6-12ff07b38ea4"}]}]}, "annotations": [{"bounding_box": {"h": 116.0, "w": 181.0, "x": 146.0, "y": 925.0}, "id": "529d6f00-32ed-4b5f-84a6-2e2fd7bbc092", "name": "Alternaria spp.", "slot_names": ["0"]}]}