{"version": "2.0", "schema_ref": "https://darwin-public.s3.eu-west-1.amazonaws.com/darwin_json_2_0.schema.json", "item": {"name": "7002_2ebcf938-2115-445e-ba76-e5fbfe4205bd_2022_01_12.jpeg", "path": "/", "source_info": {"dataset": {"name": "alternaria", "slug": "alternaria", "dataset_management_url": "https://darwin.v7labs.com/datasets/538883/dataset-management"}, "item_id": "0183d477-5686-080a-3c02-a2ffe9d04c9f", "team": {"name": "BioScout", "slug": "bioscout"}, "workview_url": "https://darwin.v7labs.com/workview?dataset=538883&item=0183d477-5686-080a-3c02-a2ffe9d04c9f"}, "slots": [{"type": "image", "slot_name": "0", "width": 4064, "height": 3040, "thumbnail_url": "https://darwin.v7labs.com/api/v2/teams/bioscout/files/76b53d80-b4e7-4c2e-9b17-07c8289d9eac/thumbnail", "source_files": [{"file_name": "7002_2ebcf938-2115-445e-ba76-e5fbfe4205bd_2022_01_12.jpeg", "url": "https://darwin.v7labs.com/api/v2/teams/bioscout/uploads/bee4364a-1bb0-4d27-806a-0230abb2c279"}]}]}, "annotations": [{"bounding_box": {"h": 255.0, "w": 157.0, "x": 2462.0, "y": 1918.0}, "id": "574dfaa7-110a-4cd2-8934-cbf25678ad9f", "name": "Alternaria spp.", "slot_names": ["0"]}, {"bounding_box": {"h": 190.0, "w": 249.0, "x": 3122.0, "y": 2192.0}, "id": "025068a3-5e67-4cee-a885-345c0d9ccec1", "name": "Alternaria spp.", "slot_names": ["0"]}]}