{"version": "2.0", "schema_ref": "https://darwin-public.s3.eu-west-1.amazonaws.com/darwin_json_2_0.schema.json", "item": {"name": "7002_e39211b1-68c9-48e1-b7ab-57d20b91c5cb_2022_01_27.jpeg", "path": "/", "source_info": {"dataset": {"name": "alternaria", "slug": "alternaria", "dataset_management_url": "https://darwin.v7labs.com/datasets/538883/dataset-management"}, "item_id": "0183d477-5679-65ac-9751-773afb263c0a", "team": {"name": "BioScout", "slug": "bioscout"}, "workview_url": "https://darwin.v7labs.com/workview?dataset=538883&item=0183d477-5679-65ac-9751-773afb263c0a"}, "slots": [{"type": "image", "slot_name": "0", "width": 4064, "height": 3040, "thumbnail_url": "https://darwin.v7labs.com/api/v2/teams/bioscout/files/b99d36df-ddf6-404b-8117-bf905f1c3d84/thumbnail", "source_files": [{"file_name": "7002_e39211b1-68c9-48e1-b7ab-57d20b91c5cb_2022_01_27.jpeg", "url": "https://darwin.v7labs.com/api/v2/teams/bioscout/uploads/ffd4e32c-6f0b-4675-a211-28ee8d0acf16"}]}]}, "annotations": [{"bounding_box": {"h": 339.0, "w": 212.0, "x": 3746.0, "y": 2328.0}, "id": "f80c6f7e-0b56-457b-84a6-2ac5f2124e8e", "name": "Alternaria spp.", "slot_names": ["0"]}]}