{"version": "2.0", "schema_ref": "https://darwin-public.s3.eu-west-1.amazonaws.com/darwin_json_2_0.schema.json", "item": {"name": "7002_1a71d3da-acb5-42ea-aa7f-9d8922bbba64_2022_01_09.jpeg", "path": "/", "source_info": {"dataset": {"name": "alternaria", "slug": "alternaria", "dataset_management_url": "https://darwin.v7labs.com/datasets/538883/dataset-management"}, "item_id": "0183d477-567e-7539-8fc2-8ebc9db1f7d8", "team": {"name": "BioScout", "slug": "bioscout"}, "workview_url": "https://darwin.v7labs.com/workview?dataset=538883&item=0183d477-567e-7539-8fc2-8ebc9db1f7d8"}, "slots": [{"type": "image", "slot_name": "0", "width": 4064, "height": 3040, "thumbnail_url": "https://darwin.v7labs.com/api/v2/teams/bioscout/files/9331cb2f-a450-40ed-a2f9-adab0e58007a/thumbnail", "source_files": [{"file_name": "7002_1a71d3da-acb5-42ea-aa7f-9d8922bbba64_2022_01_09.jpeg", "url": "https://darwin.v7labs.com/api/v2/teams/bioscout/uploads/33a61e4d-0ea8-4902-9b8a-86386bf5e4cc"}]}]}, "annotations": [{"bounding_box": {"h": 112.0, "w": 341.0, "x": 177.0, "y": 1903.0}, "id": "c0b2e9fe-13ec-4d7b-84db-0f81a4ea7cc7", "name": "Alternaria spp.", "slot_names": ["0"]}]}