{"version": "2.0", "schema_ref": "https://darwin-public.s3.eu-west-1.amazonaws.com/darwin_json_2_0.schema.json", "item": {"name": "7002_f9bb2acf-fd3b-4624-a417-8991d7375c2d_2022_01_27.jpeg", "path": "/", "source_info": {"dataset": {"name": "alternaria", "slug": "alternaria", "dataset_management_url": "https://darwin.v7labs.com/datasets/538883/dataset-management"}, "item_id": "0183d477-5687-a254-45f3-903a284d300c", "team": {"name": "BioScout", "slug": "bioscout"}, "workview_url": "https://darwin.v7labs.com/workview?dataset=538883&item=0183d477-5687-a254-45f3-903a284d300c"}, "slots": [{"type": "image", "slot_name": "0", "width": 4064, "height": 3040, "thumbnail_url": "https://darwin.v7labs.com/api/v2/teams/bioscout/files/9b3690dd-2664-4026-bc34-bca73dcb09a3/thumbnail", "source_files": [{"file_name": "7002_f9bb2acf-fd3b-4624-a417-8991d7375c2d_2022_01_27.jpeg", "url": "https://darwin.v7labs.com/api/v2/teams/bioscout/uploads/2f3edc8a-a38e-4cd4-835d-7c4abb638996"}]}]}, "annotations": [{"bounding_box": {"h": 132.0, "w": 285.0, "x": 1825.0, "y": 311.0}, "id": "9f40d85b-fa5a-4a30-82ef-235f4843467f", "name": "Alternaria spp.", "slot_names": ["0"]}]}