{"version": "2.0", "schema_ref": "https://darwin-public.s3.eu-west-1.amazonaws.com/darwin_json_2_0.schema.json", "item": {"name": "7002_c2b56552-8973-4418-83f8-c3dfef41a439_2022_01_22.jpeg", "path": "/", "source_info": {"dataset": {"name": "alternaria", "slug": "alternaria", "dataset_management_url": "https://darwin.v7labs.com/datasets/538883/dataset-management"}, "item_id": "0183d477-567f-da50-a7ab-add323402499", "team": {"name": "BioScout", "slug": "bioscout"}, "workview_url": "https://darwin.v7labs.com/workview?dataset=538883&item=0183d477-567f-da50-a7ab-add323402499"}, "slots": [{"type": "image", "slot_name": "0", "width": 4064, "height": 3040, "thumbnail_url": "https://darwin.v7labs.com/api/v2/teams/bioscout/files/ab187019-bdba-4b46-8ab6-dcd0bead1e8b/thumbnail", "source_files": [{"file_name": "7002_c2b56552-8973-4418-83f8-c3dfef41a439_2022_01_22.jpeg", "url": "https://darwin.v7labs.com/api/v2/teams/bioscout/uploads/3594bee1-64ba-49a7-af4f-c804ba4a7a2c"}]}]}, "annotations": [{"bounding_box": {"h": 138.0, "w": 251.0, "x": 2040.0, "y": 2609.0}, "id": "9b29a8f0-6c97-43c5-8116-ac13c24c528c", "name": "Alternaria spp.", "slot_names": ["0"]}]}