{"version": "2.0", "schema_ref": "https://darwin-public.s3.eu-west-1.amazonaws.com/darwin_json_2_0.schema.json", "item": {"name": "7002_224f951b-f160-4749-8331-58df6a1e2208_2022_01_29.jpeg", "path": "/", "source_info": {"dataset": {"name": "alternaria", "slug": "alternaria", "dataset_management_url": "https://darwin.v7labs.com/datasets/538883/dataset-management"}, "item_id": "0183d477-5681-dcd0-f95b-ea68a075a7d4", "team": {"name": "BioScout", "slug": "bioscout"}, "workview_url": "https://darwin.v7labs.com/workview?dataset=538883&item=0183d477-5681-dcd0-f95b-ea68a075a7d4"}, "slots": [{"type": "image", "slot_name": "0", "width": 4064, "height": 3040, "thumbnail_url": "https://darwin.v7labs.com/api/v2/teams/bioscout/files/5a1e74e1-2813-4fb2-9b0c-73a1a09d1d32/thumbnail", "source_files": [{"file_name": "7002_224f951b-f160-4749-8331-58df6a1e2208_2022_01_29.jpeg", "url": "https://darwin.v7labs.com/api/v2/teams/bioscout/uploads/c38fbf27-c179-4e1f-8475-ea697eeee3f8"}]}]}, "annotations": []}