{"version": "2.0", "schema_ref": "https://darwin-public.s3.eu-west-1.amazonaws.com/darwin_json_2_0.schema.json", "item": {"name": "7002_7dbcd655-d871-4920-9ed2-780ab39b5d5c_2022_01_22.jpeg", "path": "/", "source_info": {"dataset": {"name": "alternaria", "slug": "alternaria", "dataset_management_url": "https://darwin.v7labs.com/datasets/538883/dataset-management"}, "item_id": "0183d477-567c-da1c-fd7b-9f98c50c4d4c", "team": {"name": "BioScout", "slug": "bioscout"}, "workview_url": "https://darwin.v7labs.com/workview?dataset=538883&item=0183d477-567c-da1c-fd7b-9f98c50c4d4c"}, "slots": [{"type": "image", "slot_name": "0", "width": 4064, "height": 3040, "thumbnail_url": "https://darwin.v7labs.com/api/v2/teams/bioscout/files/be90e473-cbb9-430a-a252-5a2f9e5e19a6/thumbnail", "source_files": [{"file_name": "7002_7dbcd655-d871-4920-9ed2-780ab39b5d5c_2022_01_22.jpeg", "url": "https://darwin.v7labs.com/api/v2/teams/bioscout/uploads/1ba7235a-ec09-4533-ae2f-b6c92cc3d501"}]}]}, "annotations": [{"bounding_box": {"h": 230.0, "w": 288.0, "x": 0.0, "y": 2001.0}, "id": "91ed2fcb-7063-4412-89e3-de7f201f6167", "name": "Alternaria spp.", "slot_names": ["0"]}]}