{"version": "2.0", "schema_ref": "https://darwin-public.s3.eu-west-1.amazonaws.com/darwin_json_2_0.schema.json", "item": {"name": "7002_741502d1-c7ab-46a8-8caa-f0f83c933afe_2022_01_20.jpeg", "path": "/", "source_info": {"dataset": {"name": "alternaria", "slug": "alternaria", "dataset_management_url": "https://darwin.v7labs.com/datasets/538883/dataset-management"}, "item_id": "0183d477-5676-c494-033c-327c033dfca2", "team": {"name": "BioScout", "slug": "bioscout"}, "workview_url": "https://darwin.v7labs.com/workview?dataset=538883&item=0183d477-5676-c494-033c-327c033dfca2"}, "slots": [{"type": "image", "slot_name": "0", "width": 4064, "height": 3040, "thumbnail_url": "https://darwin.v7labs.com/api/v2/teams/bioscout/files/f8f32897-fa80-4d28-af1c-614d18368168/thumbnail", "source_files": [{"file_name": "7002_741502d1-c7ab-46a8-8caa-f0f83c933afe_2022_01_20.jpeg", "url": "https://darwin.v7labs.com/api/v2/teams/bioscout/uploads/6285f139-3ab7-4de7-96e0-36cdfca17d4f"}]}]}, "annotations": [{"bounding_box": {"h": 173.0, "w": 223.0, "x": 2193.0, "y": 2299.0}, "id": "cdd76e54-bb52-4294-9574-3a949465328d", "name": "Alternaria spp.", "slot_names": ["0"]}, {"bounding_box": {"h": 92.0, "w": 220.0, "x": 1971.0, "y": 2435.0}, "id": "ba4cbcac-f85d-4515-9700-ad8b47056bbc", "name": "Alternaria spp.", "slot_names": ["0"]}]}