{"version": "2.0", "schema_ref": "https://darwin-public.s3.eu-west-1.amazonaws.com/darwin_json_2_0.schema.json", "item": {"name": "7002_5bc72458-3454-4de4-92d1-7e63ed7d7a97_2022_01_11.jpeg", "path": "/", "source_info": {"dataset": {"name": "alternaria", "slug": "alternaria", "dataset_management_url": "https://darwin.v7labs.com/datasets/538883/dataset-management"}, "item_id": "0183d477-567e-5efd-9142-74053c6d9898", "team": {"name": "BioScout", "slug": "bioscout"}, "workview_url": "https://darwin.v7labs.com/workview?dataset=538883&item=0183d477-567e-5efd-9142-74053c6d9898"}, "slots": [{"type": "image", "slot_name": "0", "width": 4064, "height": 3040, "thumbnail_url": "https://darwin.v7labs.com/api/v2/teams/bioscout/files/19dd8d28-8a63-4256-a79b-c2699c806765/thumbnail", "source_files": [{"file_name": "7002_5bc72458-3454-4de4-92d1-7e63ed7d7a97_2022_01_11.jpeg", "url": "https://darwin.v7labs.com/api/v2/teams/bioscout/uploads/b6aa7b01-a059-401a-85f8-1d074f463f9e"}]}]}, "annotations": [{"bounding_box": {"h": 286.0, "w": 302.0, "x": 1831.0, "y": 2069.0}, "id": "6d092325-e60f-4499-9c19-ce26d8a1a1bf", "name": "Alternaria spp.", "slot_names": ["0"]}, {"bounding_box": {"h": 198.0, "w": 171.0, "x": 2888.0, "y": 366.0}, "id": "cfe0af3a-74cc-41e9-b24c-034800f380e7", "name": "Alternaria spp.", "slot_names": ["0"]}, {"bounding_box": {"h": 350.0, "w": 380.0, "x": 1554.0, "y": 1995.0}, "id": "84a3acf2-32ae-46d3-924d-3a71ec4f48a5", "name": "Alternaria spp.", "slot_names": ["0"]}]}