{"version": "2.0", "schema_ref": "https://darwin-public.s3.eu-west-1.amazonaws.com/darwin_json_2_0.schema.json", "item": {"name": "7002_f854831f-c49e-48f4-b263-c9d628f74c83_2022_01_20.jpeg", "path": "/", "source_info": {"dataset": {"name": "alternaria", "slug": "alternaria", "dataset_management_url": "https://darwin.v7labs.com/datasets/538883/dataset-management"}, "item_id": "0183d477-5688-cfa0-1855-a467651effe7", "team": {"name": "BioScout", "slug": "bioscout"}, "workview_url": "https://darwin.v7labs.com/workview?dataset=538883&item=0183d477-5688-cfa0-1855-a467651effe7"}, "slots": [{"type": "image", "slot_name": "0", "width": 4064, "height": 3040, "thumbnail_url": "https://darwin.v7labs.com/api/v2/teams/bioscout/files/9f4928da-2c1b-4961-b414-4dfc483ada8b/thumbnail", "source_files": [{"file_name": "7002_f854831f-c49e-48f4-b263-c9d628f74c83_2022_01_20.jpeg", "url": "https://darwin.v7labs.com/api/v2/teams/bioscout/uploads/890b143e-4328-42e6-b6c6-2e54c576b4f4"}]}]}, "annotations": [{"bounding_box": {"h": 113.0, "w": 287.0, "x": 1762.0, "y": 465.0}, "id": "0e8c578e-af39-4efd-9aa4-7579dd205ba5", "name": "Alternaria spp.", "slot_names": ["0"]}, {"bounding_box": {"h": 126.0, "w": 364.0, "x": 1306.0, "y": 483.0}, "id": "333f1217-bad7-4ab4-9387-2c9bf6fa8493", "name": "Alternaria spp.", "slot_names": ["0"]}]}