{"version": "2.0", "schema_ref": "https://darwin-public.s3.eu-west-1.amazonaws.com/darwin_json_2_0.schema.json", "item": {"name": "7002_2288248d-6e93-4c4a-af05-ffe24b792d1d_2022_01_17.jpeg", "path": "/", "source_info": {"dataset": {"name": "alternaria", "slug": "alternaria", "dataset_management_url": "https://darwin.v7labs.com/datasets/538883/dataset-management"}, "item_id": "0183d477-602b-eedd-b674-1f7d7457f88f", "team": {"name": "BioScout", "slug": "bioscout"}, "workview_url": "https://darwin.v7labs.com/workview?dataset=538883&item=0183d477-602b-eedd-b674-1f7d7457f88f"}, "slots": [{"type": "image", "slot_name": "0", "width": 4064, "height": 3040, "thumbnail_url": "https://darwin.v7labs.com/api/v2/teams/bioscout/files/bec18634-91cb-4f83-893e-1167179405bb/thumbnail", "source_files": [{"file_name": "7002_2288248d-6e93-4c4a-af05-ffe24b792d1d_2022_01_17.jpeg", "url": "https://darwin.v7labs.com/api/v2/teams/bioscout/uploads/fd6da107-bd79-409a-a4fc-aebc61129774"}]}]}, "annotations": [{"bounding_box": {"h": 90.0, "w": 179.0, "x": 1214.0, "y": 1517.0}, "id": "84e3af03-d26b-4969-b75e-882aecb76d4a", "name": "Alternaria spp.", "slot_names": ["0"]}, {"bounding_box": {"h": 243.0, "w": 131.0, "x": 226.0, "y": 2484.0}, "id": "417be898-7e7d-4aa7-b5c2-441beb407618", "name": "Alternaria spp.", "slot_names": ["0"]}]}