{"version": "2.0", "schema_ref": "https://darwin-public.s3.eu-west-1.amazonaws.com/darwin_json_2_0.schema.json", "item": {"name": "7002_54f74c52-ed9a-4af0-994d-af13f975df66_2022_01_20.jpeg", "path": "/", "source_info": {"dataset": {"name": "alternaria", "slug": "alternaria", "dataset_management_url": "https://darwin.v7labs.com/datasets/538883/dataset-management"}, "item_id": "0183d477-568c-5193-f103-6a477af31c2d", "team": {"name": "BioScout", "slug": "bioscout"}, "workview_url": "https://darwin.v7labs.com/workview?dataset=538883&item=0183d477-568c-5193-f103-6a477af31c2d"}, "slots": [{"type": "image", "slot_name": "0", "width": 4064, "height": 3040, "thumbnail_url": "https://darwin.v7labs.com/api/v2/teams/bioscout/files/01b261d8-f4e1-448e-a4f4-590f5513b8ce/thumbnail", "source_files": [{"file_name": "7002_54f74c52-ed9a-4af0-994d-af13f975df66_2022_01_20.jpeg", "url": "https://darwin.v7labs.com/api/v2/teams/bioscout/uploads/9f27fa16-77b1-4035-90a5-0f41254039db"}]}]}, "annotations": [{"bounding_box": {"h": 119.0, "w": 291.0, "x": 1977.0, "y": 147.0}, "id": "d2badb01-6d46-4862-b1d4-8d963d947169", "name": "Alternaria spp.", "slot_names": ["0"]}]}