{"version": "2.0", "schema_ref": "https://darwin-public.s3.eu-west-1.amazonaws.com/darwin_json_2_0.schema.json", "item": {"name": "7002_c38d3593-1d03-4307-80e3-adc8b6b73771_2022_01_11.jpeg", "path": "/", "source_info": {"dataset": {"name": "alternaria", "slug": "alternaria", "dataset_management_url": "https://darwin.v7labs.com/datasets/538883/dataset-management"}, "item_id": "0183d477-602d-9c34-f453-c8ae9aaf5c56", "team": {"name": "BioScout", "slug": "bioscout"}, "workview_url": "https://darwin.v7labs.com/workview?dataset=538883&item=0183d477-602d-9c34-f453-c8ae9aaf5c56"}, "slots": [{"type": "image", "slot_name": "0", "width": 4064, "height": 3040, "thumbnail_url": "https://darwin.v7labs.com/api/v2/teams/bioscout/files/11bd8c1f-c174-458c-bc10-8016d63e3d79/thumbnail", "source_files": [{"file_name": "7002_c38d3593-1d03-4307-80e3-adc8b6b73771_2022_01_11.jpeg", "url": "https://darwin.v7labs.com/api/v2/teams/bioscout/uploads/bd0bd9cf-7db1-4c0d-a7e6-261377a0003c"}]}]}, "annotations": [{"bounding_box": {"h": 135.0, "w": 264.0, "x": 3095.0, "y": 2013.0}, "id": "40578ccb-fc0b-4d7f-94f6-66ed4787519b", "name": "Alternaria spp.", "slot_names": ["0"]}, {"bounding_box": {"h": 222.0, "w": 126.0, "x": 244.0, "y": 2818.0}, "id": "202ff8d4-5492-4e29-be45-5ba762315cc3", "name": "Alternaria spp.", "slot_names": ["0"]}, {"bounding_box": {"h": 301.0, "w": 427.0, "x": 299.0, "y": 1069.0}, "id": "c3642919-431a-42c9-961a-3aff3010a354", "name": "Alternaria spp.", "slot_names": ["0"]}]}