{"version": "2.0", "schema_ref": "https://darwin-public.s3.eu-west-1.amazonaws.com/darwin_json_2_0.schema.json", "item": {"name": "7002_30f48950-f1e9-4f33-a5fc-87adc666673e_2022_01_09.jpeg", "path": "/", "source_info": {"dataset": {"name": "alternaria", "slug": "alternaria", "dataset_management_url": "https://darwin.v7labs.com/datasets/538883/dataset-management"}, "item_id": "0183d477-5681-9aae-197e-a7cbb3c378a3", "team": {"name": "BioScout", "slug": "bioscout"}, "workview_url": "https://darwin.v7labs.com/workview?dataset=538883&item=0183d477-5681-9aae-197e-a7cbb3c378a3"}, "slots": [{"type": "image", "slot_name": "0", "width": 4064, "height": 3040, "thumbnail_url": "https://darwin.v7labs.com/api/v2/teams/bioscout/files/0d2d7d37-4cec-431f-b8aa-3948bcf3bd68/thumbnail", "source_files": [{"file_name": "7002_30f48950-f1e9-4f33-a5fc-87adc666673e_2022_01_09.jpeg", "url": "https://darwin.v7labs.com/api/v2/teams/bioscout/uploads/93e6b35e-9615-47cc-811f-73a7c6d2cf50"}]}]}, "annotations": [{"bounding_box": {"h": 76.0, "w": 280.0, "x": 9.0, "y": 345.0}, "id": "4fd5e383-7a98-4a00-b44a-c467f6896d66", "name": "Alternaria spp.", "slot_names": ["0"]}]}