{"version": "2.0", "schema_ref": "https://darwin-public.s3.eu-west-1.amazonaws.com/darwin_json_2_0.schema.json", "item": {"name": "7002_9c9ecff4-48c8-45c1-abf7-9a7ccc709248_2022_01_21.jpeg", "path": "/", "source_info": {"dataset": {"name": "alternaria", "slug": "alternaria", "dataset_management_url": "https://darwin.v7labs.com/datasets/538883/dataset-management"}, "item_id": "0183d477-5676-ce1b-f10e-6a4ce05e5231", "team": {"name": "BioScout", "slug": "bioscout"}, "workview_url": "https://darwin.v7labs.com/workview?dataset=538883&item=0183d477-5676-ce1b-f10e-6a4ce05e5231"}, "slots": [{"type": "image", "slot_name": "0", "width": 4064, "height": 3040, "thumbnail_url": "https://darwin.v7labs.com/api/v2/teams/bioscout/files/3e7ff4e8-d8db-4325-9734-3503e055c5d6/thumbnail", "source_files": [{"file_name": "7002_9c9ecff4-48c8-45c1-abf7-9a7ccc709248_2022_01_21.jpeg", "url": "https://darwin.v7labs.com/api/v2/teams/bioscout/uploads/c4999721-1f79-459e-8afa-cfe14575b814"}]}]}, "annotations": [{"bounding_box": {"h": 166.0, "w": 180.0, "x": 250.0, "y": 2091.0}, "id": "7b6c906a-4896-4476-a7f5-e0f646c56a16", "name": "Alternaria spp.", "slot_names": ["0"]}, {"bounding_box": {"h": 220.0, "w": 379.0, "x": 440.0, "y": 1944.0}, "id": "7a902d82-bb6d-4f6f-a329-2d1b813d4070", "name": "Alternaria spp.", "slot_names": ["0"]}]}