{"version": "2.0", "schema_ref": "https://darwin-public.s3.eu-west-1.amazonaws.com/darwin_json_2_0.schema.json", "item": {"name": "7002_14f43fdb-4925-4eeb-90f0-6f79adf8e685_2022_01_06.jpeg", "path": "/", "source_info": {"dataset": {"name": "alternaria", "slug": "alternaria", "dataset_management_url": "https://darwin.v7labs.com/datasets/538883/dataset-management"}, "item_id": "0183d477-5683-edea-264f-b4034a32b427", "team": {"name": "BioScout", "slug": "bioscout"}, "workview_url": "https://darwin.v7labs.com/workview?dataset=538883&item=0183d477-5683-edea-264f-b4034a32b427"}, "slots": [{"type": "image", "slot_name": "0", "width": 4064, "height": 3040, "thumbnail_url": "https://darwin.v7labs.com/api/v2/teams/bioscout/files/d98e8beb-1134-4a13-9f3c-55e31e91cfd2/thumbnail", "source_files": [{"file_name": "7002_14f43fdb-4925-4eeb-90f0-6f79adf8e685_2022_01_06.jpeg", "url": "https://darwin.v7labs.com/api/v2/teams/bioscout/uploads/37960ee0-2930-4b49-bda6-e42e5aeb051e"}]}]}, "annotations": [{"bounding_box": {"h": 278.0, "w": 100.0, "x": 2935.0, "y": 2253.0}, "id": "bbbfe188-c02d-49d5-a06a-6c6af68b4ce1", "name": "Alternaria spp.", "slot_names": ["0"]}]}